#
# There is insufficient memory for the Java Runtime Environment to continue.
# Native memory allocation (malloc) failed to allocate 1090864 bytes. Error detail: Chunk::new
# Possible reasons:
#   The system is out of physical RAM or swap space
#   This process is running with CompressedOops enabled, and the Java Heap may be blocking the growth of the native heap
# Possible solutions:
#   Reduce memory load on the system
#   Increase physical memory or swap space
#   Check if swap backing store is full
#   Decrease Java heap size (-Xmx/-Xms)
#   Decrease number of Java threads
#   Decrease Java thread stack sizes (-Xss)
#   Set larger code cache with -XX:ReservedCodeCacheSize=
#   JVM is running with Unscaled Compressed Oops mode in which the Java heap is
#     placed in the first 4GB address space. The Java Heap base address is the
#     maximum limit for the native heap growth. Please use -XX:HeapBaseMinAddress
#     to set the Java Heap base and to place the Java Heap above 4GB virtual address.
# This output file may be truncated or incomplete.
#
#  Out of Memory Error (arena.cpp:168), pid=8924, tid=12596
#
# JRE version: OpenJDK Runtime Environment (21.0.9) (build 21.0.9+-14787801-b1163.94)
# Java VM: OpenJDK 64-Bit Server VM (21.0.9+-14787801-b1163.94, mixed mode, tiered, compressed oops, compressed class ptrs, g1 gc, windows-amd64)
# No core dump will be written. Minidumps are not enabled by default on client versions of Windows
#

---------------  S U M M A R Y ------------

Command Line: --add-opens=java.base/java.lang=ALL-UNNAMED --add-opens=java.base/java.lang.invoke=ALL-UNNAMED --add-opens=java.base/java.util=ALL-UNNAMED --add-opens=java.prefs/java.util.prefs=ALL-UNNAMED --add-exports=jdk.compiler/com.sun.tools.javac.api=ALL-UNNAMED --add-exports=jdk.compiler/com.sun.tools.javac.util=ALL-UNNAMED --add-opens=java.base/java.util=ALL-UNNAMED --add-opens=java.prefs/java.util.prefs=ALL-UNNAMED --add-opens=java.base/java.nio.charset=ALL-UNNAMED --add-opens=java.base/java.net=ALL-UNNAMED --add-opens=java.base/java.util.concurrent=ALL-UNNAMED --add-opens=java.base/java.util.concurrent.atomic=ALL-UNNAMED --add-opens=java.xml/javax.xml.namespace=ALL-UNNAMED --add-opens=java.base/java.time=ALL-UNNAMED -Xmx2048m -Dfile.encoding=UTF-8 -Duser.country=IN -Duser.language=en -Duser.variant -javaagent:C:\Users\lokes\.gradle\wrapper\dists\gradle-9.3.1-bin\23ovyewtku6u96viwx3xl3oks\gradle-9.3.1\lib\agents\gradle-instrumentation-agent-9.3.1.jar org.gradle.launcher.daemon.bootstrap.GradleDaemon 9.3.1

Host: AMD Ryzen 5 7530U with Radeon Graphics         , 12 cores, 7G,  Windows 11 , 64 bit Build 26100 (10.0.26100.8328)
Time: Wed May 20 01:58:17 2026 India Standard Time elapsed time: 2502.212379 seconds (0d 0h 41m 42s)

---------------  T H R E A D  ---------------

Current thread (0x000002057f9d30a0):  JavaThread "C2 CompilerThread0" daemon [_thread_in_native, id=12596, stack(0x000000660ce00000,0x000000660cf00000) (1024K)]


Current CompileTask:
C2:2502213 79413       4       org.gradle.api.internal.artifacts.ivyservice.resolveengine.artifact.VariantResolvingArtifactSet::getOwnArtifacts (93 bytes)

Stack: [0x000000660ce00000,0x000000660cf00000]
Native frames: (J=compiled Java code, j=interpreted, Vv=VM code, C=native code)
V  [jvm.dll+0x6d6c99]
V  [jvm.dll+0x866b83]
V  [jvm.dll+0x8691ae]
V  [jvm.dll+0x869893]
V  [jvm.dll+0x280776]
V  [jvm.dll+0xc07cd]
V  [jvm.dll+0xc0d03]
V  [jvm.dll+0x3b986b]
V  [jvm.dll+0x1dfcb2]
V  [jvm.dll+0x2495b4]
V  [jvm.dll+0x248a31]
V  [jvm.dll+0x1c7344]
V  [jvm.dll+0x2581ae]
V  [jvm.dll+0x2566f6]
V  [jvm.dll+0x3f48a6]
V  [jvm.dll+0x80f118]
V  [jvm.dll+0x6d54ed]
C  [ucrtbase.dll+0x37b0]
C  [KERNEL32.DLL+0x2e957]
C  [ntdll.dll+0x427c]


---------------  P R O C E S S  ---------------

Threads class SMR info:
_java_thread_list=0x000002052c0774d0, length=186, elements={
0x0000020569bf5020, 0x000002057f99ea10, 0x000002057f9a0a70, 0x000002057f9a14d0,
0x000002057f9c2e70, 0x000002057f9cbf90, 0x000002057f9ce0d0, 0x000002057f9cfb40,
0x000002057f9d30a0, 0x000002057f9e68f0, 0x000002057fcef660, 0x0000020508630130,
0x000002050a565720, 0x000002050a0e8770, 0x000002050a228250, 0x000002050a226810,
0x000002050a228f70, 0x000002050c274b10, 0x000002050c272a40, 0x000002050c271d20,
0x000002050e1172a0, 0x000002050f54d8b0, 0x000002050f54f2f0, 0x000002050f5506a0,
0x000002050f550d30, 0x0000020513a92380, 0x0000020519583030, 0x000002050aeb7700,
0x000002050b7b84e0, 0x000002050b7b5d80, 0x0000020513a95170, 0x0000020513a93730,
0x00000205289297d0, 0x0000020510226110, 0x0000020510226e30, 0x00000205102267a0,
0x0000020510227b50, 0x00000205102274c0, 0x00000205102253f0, 0x0000020510224d60,
0x00000205102281e0, 0x000002050ca0e050, 0x000002050ca0e6e0, 0x000002050ca0f400,
0x000002051aac38d0, 0x000002051aac6d50, 0x000002051aac3f60, 0x000002051aac4c80,
0x0000020513a93dc0, 0x000002051aac5310, 0x000002050aeb7070, 0x000002050aeb7d90,
0x000002050aeb5630, 0x000002050aeb8420, 0x000002050aeb5cc0, 0x000002050aeb69e0,
0x000002050aeb6350, 0x000002050f502630, 0x000002050f502cc0, 0x000002050f4ffed0,
0x000002050f503350, 0x000002052892bf30, 0x000002050c275ec0, 0x000002050c277900,
0x000002050c276be0, 0x000002050c277f90, 0x000002050a5bd120, 0x000002050a5bb6e0,
0x000002050a5bc400, 0x000002050a5ba9c0, 0x000002050a5bbd70, 0x000002050a5b9ca0,
0x000002050a5ba330, 0x00000205295b0360, 0x0000020528929e60, 0x000002052892ab80,
0x000002052892c5c0, 0x000002052892b210, 0x0000020528929140, 0x000002050c8b54f0,
0x000002050c8b3420, 0x000002050c8b4e60, 0x000002050c8b2070, 0x00000205253be440,
0x00000205253bead0, 0x000002050c8b3ab0, 0x000002050c8b4140, 0x000002050b7b5060,
0x0000020513a95800, 0x0000020513a92a10, 0x0000020513a930a0, 0x00000205090f7600,
0x00000205090f4810, 0x00000205090f5bc0, 0x00000205090f5530, 0x00000205090f6250,
0x00000205198ec4e0, 0x00000205198eb130, 0x00000205198eaaa0, 0x0000020519582310,
0x00000205295b1080, 0x00000205295b1da0, 0x000002050f500560, 0x000002050b7b7130,
0x000002050b7b6410, 0x000002050b7b6aa0, 0x000002050b7b56f0, 0x00000205265ae850,
0x00000205265ace10, 0x00000205265aeee0, 0x00000205265aba60, 0x00000205265ac0f0,
0x00000205265adb30, 0x000002050d22c240, 0x000002050d22c8d0, 0x000002050d22d5f0,
0x0000020527b5a590, 0x0000020527b59870, 0x00000205198ecb70, 0x00000205198eb7c0,
0x000002050a227530, 0x000002050dad9f40, 0x000002050dada5d0, 0x000002050f227550,
0x000002050f2261a0, 0x000002050f226830, 0x0000020525da71e0, 0x0000020525da92b0,
0x0000020525da9940, 0x0000020525da9fd0, 0x0000020525daa660, 0x0000020527b20f50,
0x000002050d6dade0, 0x000002050d6db470, 0x000002050d6dbb00, 0x000002050d6dc190,
0x000002050d6da0c0, 0x000002050d6d9a30, 0x000002050d6dc820, 0x000002050d6dceb0,
0x0000020514111270, 0x0000020514111900, 0x000002051015f530, 0x000002051015c740,
0x000002051015eea0, 0x000002051015c0b0, 0x000002051015d460, 0x000002051015cdd0,
0x000002051015e180, 0x000002051015e810, 0x000002050e73d240, 0x000002050e73be90,
0x000002050e73d8d0, 0x0000020525da8c20, 0x0000020525da7870, 0x000002050e73cbb0,
0x000002050e73b800, 0x000002050e73a450, 0x0000020525da7f00, 0x0000020525da8590,
0x000002050dadb2f0, 0x000002050dadac60, 0x000002050dadcd30, 0x000002050dad98b0,
0x000002050dadc010, 0x00000205253bd090, 0x00000205198ea410, 0x00000205198e96f0,
0x00000205198e9d80, 0x00000205198ebe50, 0x00000205253bfe80, 0x000002051ad0daa0,
0x0000020529a1a3e0, 0x0000020529a196c0, 0x0000020529a19d50, 0x0000020529a1aa70,
0x0000020529a1b100, 0x00000205194e96c0, 0x00000205194ebe20, 0x0000020527220be0,
0x0000020527222620, 0x0000020527221270, 0x00000205264f1000, 0x000002051f07cdc0,
0x000002051f07d450, 0x000002051f07c0a0
}

Java Threads: ( => current thread )
  0x0000020569bf5020 JavaThread "main"                              [_thread_blocked, id=828, stack(0x000000660bf00000,0x000000660c000000) (1024K)]
  0x000002057f99ea10 JavaThread "Common-Cleaner"             daemon [_thread_blocked, id=23888, stack(0x000000660c700000,0x000000660c800000) (1024K)]
  0x000002057f9a0a70 JavaThread "Reference Handler"          daemon [_thread_blocked, id=22740, stack(0x000000660c800000,0x000000660c900000) (1024K)]
  0x000002057f9a14d0 JavaThread "Finalizer"                  daemon [_thread_blocked, id=27004, stack(0x000000660c900000,0x000000660ca00000) (1024K)]
  0x000002057f9c2e70 JavaThread "Signal Dispatcher"          daemon [_thread_blocked, id=16996, stack(0x000000660ca00000,0x000000660cb00000) (1024K)]
  0x000002057f9cbf90 JavaThread "Attach Listener"            daemon [_thread_blocked, id=23948, stack(0x000000660cb00000,0x000000660cc00000) (1024K)]
  0x000002057f9ce0d0 JavaThread "Service Thread"             daemon [_thread_blocked, id=25760, stack(0x000000660cc00000,0x000000660cd00000) (1024K)]
  0x000002057f9cfb40 JavaThread "Monitor Deflation Thread"   daemon [_thread_blocked, id=21440, stack(0x000000660cd00000,0x000000660ce00000) (1024K)]
=>0x000002057f9d30a0 JavaThread "C2 CompilerThread0"         daemon [_thread_in_native, id=12596, stack(0x000000660ce00000,0x000000660cf00000) (1024K)]
  0x000002057f9e68f0 JavaThread "C1 CompilerThread0"         daemon [_thread_in_vm, id=27432, stack(0x000000660cf00000,0x000000660d000000) (1024K)]
  0x000002057fcef660 JavaThread "Notification Thread"        daemon [_thread_blocked, id=13572, stack(0x000000660d000000,0x000000660d100000) (1024K)]
  0x0000020508630130 JavaThread "Daemon health stats"               [_thread_blocked, id=22056, stack(0x000000660d200000,0x000000660d300000) (1024K)]
  0x000002050a565720 JavaThread "Incoming local TCP Connector on port 59131"        [_thread_in_native, id=20360, stack(0x000000660db00000,0x000000660dc00000) (1024K)]
  0x000002050a0e8770 JavaThread "Daemon periodic checks"            [_thread_blocked, id=1596, stack(0x000000660dc00000,0x000000660dd00000) (1024K)]
  0x000002050a228250 JavaThread "Cache worker for journal cache (C:\Users\lokes\.gradle\caches\journal-1)"        [_thread_blocked, id=19252, stack(0x000000660e700000,0x000000660e800000) (1024K)]
  0x000002050a226810 JavaThread "File lock request listener"        [_thread_in_native, id=23828, stack(0x000000660e800000,0x000000660e900000) (1024K)]
  0x000002050a228f70 JavaThread "Cache worker for file hash cache (C:\Users\lokes\.gradle\caches\9.3.1\fileHashes)"        [_thread_blocked, id=18684, stack(0x000000660e900000,0x000000660ea00000) (1024K)]
  0x000002050c274b10 JavaThread "File watcher server"        daemon [_thread_in_native, id=11872, stack(0x000000660ec00000,0x000000660ed00000) (1024K)]
  0x000002050c272a40 JavaThread "File watcher consumer"      daemon [_thread_blocked, id=27376, stack(0x000000660ed00000,0x000000660ee00000) (1024K)]
  0x000002050c271d20 JavaThread "Cache worker for file content cache (C:\Users\lokes\.gradle\caches\9.3.1\fileContent)"        [_thread_blocked, id=26816, stack(0x000000660f000000,0x000000660f100000) (1024K)]
  0x000002050e1172a0 JavaThread "Memory manager"                    [_thread_blocked, id=5472, stack(0x0000006612f00000,0x0000006613000000) (1024K)]
  0x000002050f54d8b0 JavaThread "RMI Scheduler(0)"           daemon [_thread_blocked, id=23816, stack(0x0000006617800000,0x0000006617900000) (1024K)]
  0x000002050f54f2f0 JavaThread "RMI GC Daemon"              daemon [_thread_blocked, id=15456, stack(0x0000006617b00000,0x0000006617c00000) (1024K)]
  0x000002050f5506a0 JavaThread "RMI TCP Accept-0"           daemon [_thread_in_native, id=1740, stack(0x0000006617c00000,0x0000006617d00000) (1024K)]
  0x000002050f550d30 JavaThread "RMI Reaper"                        [_thread_blocked, id=15228, stack(0x0000006617d00000,0x0000006617e00000) (1024K)]
  0x0000020513a92380 JavaThread "Daemon Thread 3"                   [_thread_blocked, id=13504, stack(0x000000660bc00000,0x000000660bd00000) (1024K)]
  0x0000020519583030 JavaThread "Daemon worker Thread 3"            [_thread_blocked, id=23684, stack(0x000000660d100000,0x000000660d200000) (1024K)]
  0x000002050aeb7700 JavaThread "RMI TCP Connection(13)-127.0.0.1" daemon [_thread_in_native, id=19744, stack(0x000000660bd00000,0x000000660be00000) (1024K)]
  0x000002050b7b84e0 JavaThread "Handler for socket connection from /127.0.0.1:59131 to /127.0.0.1:52184"        [_thread_in_native, id=25616, stack(0x000000660be00000,0x000000660bf00000) (1024K)]
  0x000002050b7b5d80 JavaThread "Cancel handler"                    [_thread_blocked, id=20268, stack(0x000000660dd00000,0x000000660de00000) (1024K)]
  0x0000020513a95170 JavaThread "Asynchronous log dispatcher for DefaultDaemonConnection: socket connection from /127.0.0.1:59131 to /127.0.0.1:52184"        [_thread_blocked, id=14764, stack(0x000000660df00000,0x000000660e000000) (1024K)]
  0x0000020513a93730 JavaThread "Stdin handler"                     [_thread_blocked, id=22352, stack(0x000000660e000000,0x000000660e100000) (1024K)]
  0x00000205289297d0 JavaThread "Daemon client event forwarder"        [_thread_blocked, id=8660, stack(0x000000660e100000,0x000000660e200000) (1024K)]
  0x0000020510226110 JavaThread "Cache worker for file hash cache (D:\Vms project\Vmsadminapp\.gradle\9.3.1\fileHashes)"        [_thread_blocked, id=3776, stack(0x000000660e500000,0x000000660e600000) (1024K)]
  0x0000020510226e30 JavaThread "Cache worker for Build Output Cleanup Cache (D:\Vms project\Vmsadminapp\.gradle\buildOutputCleanup)"        [_thread_blocked, id=712, stack(0x000000660e600000,0x000000660e700000) (1024K)]
  0x00000205102267a0 JavaThread "Cache worker for checksums cache (D:\Vms project\Vmsadminapp\.gradle\9.3.1\checksums)"        [_thread_blocked, id=22348, stack(0x000000660ea00000,0x000000660eb00000) (1024K)]
  0x0000020510227b50 JavaThread "Cache worker for cache directory md-supplier (C:\Users\lokes\.gradle\caches\9.3.1\md-supplier)"        [_thread_blocked, id=26488, stack(0x000000660eb00000,0x000000660ec00000) (1024K)]
  0x00000205102274c0 JavaThread "Cache worker for cache directory md-rule (C:\Users\lokes\.gradle\caches\9.3.1\md-rule)"        [_thread_blocked, id=24120, stack(0x000000660ee00000,0x000000660ef00000) (1024K)]
  0x00000205102253f0 JavaThread "Unconstrained build operations"        [_thread_blocked, id=24716, stack(0x000000660ef00000,0x000000660f000000) (1024K)]
  0x0000020510224d60 JavaThread "Unconstrained build operations Thread 2"        [_thread_blocked, id=26328, stack(0x000000660f100000,0x000000660f200000) (1024K)]
  0x00000205102281e0 JavaThread "Unconstrained build operations Thread 3"        [_thread_blocked, id=21424, stack(0x000000660f200000,0x000000660f300000) (1024K)]
  0x000002050ca0e050 JavaThread "Unconstrained build operations Thread 4"        [_thread_blocked, id=23364, stack(0x000000660f300000,0x000000660f400000) (1024K)]
  0x000002050ca0e6e0 JavaThread "Unconstrained build operations Thread 5"        [_thread_blocked, id=23604, stack(0x000000660f400000,0x000000660f500000) (1024K)]
  0x000002050ca0f400 JavaThread "Unconstrained build operations Thread 6"        [_thread_blocked, id=5708, stack(0x000000660f500000,0x000000660f600000) (1024K)]
  0x000002051aac38d0 JavaThread "Unconstrained build operations Thread 7"        [_thread_blocked, id=25460, stack(0x000000660f600000,0x000000660f700000) (1024K)]
  0x000002051aac6d50 JavaThread "Unconstrained build operations Thread 8"        [_thread_blocked, id=18320, stack(0x000000660f700000,0x000000660f800000) (1024K)]
  0x000002051aac3f60 JavaThread "Unconstrained build operations Thread 9"        [_thread_in_Java, id=3760, stack(0x000000660f800000,0x000000660f900000) (1024K)]
  0x000002051aac4c80 JavaThread "Unconstrained build operations Thread 10"        [_thread_in_native, id=17044, stack(0x000000660f900000,0x000000660fa00000) (1024K)]
  0x0000020513a93dc0 JavaThread "Unconstrained build operations Thread 11"        [_thread_blocked, id=8572, stack(0x000000660fa00000,0x000000660fb00000) (1024K)]
  0x000002051aac5310 JavaThread "Unconstrained build operations Thread 12"        [_thread_blocked, id=22772, stack(0x000000660fc00000,0x000000660fd00000) (1024K)]
  0x000002050aeb7070 JavaThread "Unconstrained build operations Thread 13"        [_thread_blocked, id=23316, stack(0x000000660fd00000,0x000000660fe00000) (1024K)]
  0x000002050aeb7d90 JavaThread "Unconstrained build operations Thread 14"        [_thread_blocked, id=24364, stack(0x000000660fe00000,0x000000660ff00000) (1024K)]
  0x000002050aeb5630 JavaThread "Unconstrained build operations Thread 15"        [_thread_blocked, id=8232, stack(0x000000660ff00000,0x0000006610000000) (1024K)]
  0x000002050aeb8420 JavaThread "Unconstrained build operations Thread 16"        [_thread_blocked, id=25492, stack(0x0000006610000000,0x0000006610100000) (1024K)]
  0x000002050aeb5cc0 JavaThread "Unconstrained build operations Thread 17"        [_thread_blocked, id=19716, stack(0x0000006610100000,0x0000006610200000) (1024K)]
  0x000002050aeb69e0 JavaThread "Unconstrained build operations Thread 18"        [_thread_blocked, id=25848, stack(0x0000006610200000,0x0000006610300000) (1024K)]
  0x000002050aeb6350 JavaThread "Unconstrained build operations Thread 19"        [_thread_blocked, id=23472, stack(0x0000006610300000,0x0000006610400000) (1024K)]
  0x000002050f502630 JavaThread "Unconstrained build operations Thread 20"        [_thread_blocked, id=26716, stack(0x0000006610400000,0x0000006610500000) (1024K)]
  0x000002050f502cc0 JavaThread "Unconstrained build operations Thread 21"        [_thread_blocked, id=15168, stack(0x0000006610500000,0x0000006610600000) (1024K)]
  0x000002050f4ffed0 JavaThread "Unconstrained build operations Thread 22"        [_thread_blocked, id=18184, stack(0x0000006610600000,0x0000006610700000) (1024K)]
  0x000002050f503350 JavaThread "build event listener"              [_thread_blocked, id=4044, stack(0x0000006610700000,0x0000006610800000) (1024K)]
  0x000002052892bf30 JavaThread "included builds"                   [_thread_blocked, id=23536, stack(0x0000006610800000,0x0000006610900000) (1024K)]
  0x000002050c275ec0 JavaThread "Execution worker"                  [_thread_blocked, id=13440, stack(0x0000006610900000,0x0000006610a00000) (1024K)]
  0x000002050c277900 JavaThread "Execution worker Thread 2"         [_thread_in_native, id=19596, stack(0x0000006610a00000,0x0000006610b00000) (1024K)]
  0x000002050c276be0 JavaThread "Execution worker Thread 3"         [_thread_blocked, id=21592, stack(0x0000006610b00000,0x0000006610c00000) (1024K)]
  0x000002050c277f90 JavaThread "Execution worker Thread 4"         [_thread_blocked, id=16328, stack(0x0000006610c00000,0x0000006610d00000) (1024K)]
  0x000002050a5bd120 JavaThread "Execution worker Thread 5"         [_thread_blocked, id=4512, stack(0x0000006610d00000,0x0000006610e00000) (1024K)]
  0x000002050a5bb6e0 JavaThread "Execution worker Thread 6"         [_thread_blocked, id=7892, stack(0x0000006610e00000,0x0000006610f00000) (1024K)]
  0x000002050a5bc400 JavaThread "Execution worker Thread 7"         [_thread_blocked, id=25432, stack(0x0000006610f00000,0x0000006611000000) (1024K)]
  0x000002050a5ba9c0 JavaThread "Execution worker Thread 8"         [_thread_blocked, id=3924, stack(0x0000006611000000,0x0000006611100000) (1024K)]
  0x000002050a5bbd70 JavaThread "Execution worker Thread 9"         [_thread_blocked, id=25404, stack(0x0000006611100000,0x0000006611200000) (1024K)]
  0x000002050a5b9ca0 JavaThread "Execution worker Thread 10"        [_thread_blocked, id=4100, stack(0x0000006611200000,0x0000006611300000) (1024K)]
  0x000002050a5ba330 JavaThread "Execution worker Thread 11"        [_thread_blocked, id=8052, stack(0x0000006611300000,0x0000006611400000) (1024K)]
  0x00000205295b0360 JavaThread "Cache worker for execution history cache (D:\Vms project\Vmsadminapp\.gradle\9.3.1\executionHistory)"        [_thread_blocked, id=23568, stack(0x0000006611400000,0x0000006611500000) (1024K)]
  0x0000020528929e60 JavaThread "Unconstrained build operations Thread 23"        [_thread_blocked, id=9604, stack(0x0000006611500000,0x0000006611600000) (1024K)]
  0x000002052892ab80 JavaThread "Unconstrained build operations Thread 24"        [_thread_blocked, id=14300, stack(0x0000006611600000,0x0000006611700000) (1024K)]
  0x000002052892c5c0 JavaThread "Unconstrained build operations Thread 25"        [_thread_blocked, id=26592, stack(0x0000006611700000,0x0000006611800000) (1024K)]
  0x000002052892b210 JavaThread "Unconstrained build operations Thread 26"        [_thread_blocked, id=22064, stack(0x0000006611800000,0x0000006611900000) (1024K)]
  0x0000020528929140 JavaThread "Unconstrained build operations Thread 27"        [_thread_blocked, id=13316, stack(0x0000006611900000,0x0000006611a00000) (1024K)]
  0x000002050c8b54f0 JavaThread "Unconstrained build operations Thread 28"        [_thread_blocked, id=6240, stack(0x0000006611a00000,0x0000006611b00000) (1024K)]
  0x000002050c8b3420 JavaThread "Unconstrained build operations Thread 29"        [_thread_blocked, id=5020, stack(0x0000006611b00000,0x0000006611c00000) (1024K)]
  0x000002050c8b4e60 JavaThread "Unconstrained build operations Thread 30"        [_thread_blocked, id=21492, stack(0x0000006611c00000,0x0000006611d00000) (1024K)]
  0x000002050c8b2070 JavaThread "Unconstrained build operations Thread 31"        [_thread_blocked, id=27408, stack(0x0000006611d00000,0x0000006611e00000) (1024K)]
  0x00000205253be440 JavaThread "Unconstrained build operations Thread 32"        [_thread_blocked, id=5648, stack(0x0000006611e00000,0x0000006611f00000) (1024K)]
  0x00000205253bead0 JavaThread "Unconstrained build operations Thread 33"        [_thread_blocked, id=25808, stack(0x0000006611f00000,0x0000006612000000) (1024K)]
  0x000002050c8b3ab0 JavaThread "Unconstrained build operations Thread 34"        [_thread_blocked, id=25276, stack(0x000000660de00000,0x000000660df00000) (1024K)]
  0x000002050c8b4140 JavaThread "WorkerExecutor Queue"              [_thread_blocked, id=23960, stack(0x0000006612100000,0x0000006612200000) (1024K)]
  0x000002050b7b5060 JavaThread "WorkerExecutor Queue Thread 2"        [_thread_blocked, id=20764, stack(0x0000006612200000,0x0000006612300000) (1024K)]
  0x0000020513a95800 JavaThread "Unconstrained build operations Thread 35"        [_thread_blocked, id=23520, stack(0x0000006612300000,0x0000006612400000) (1024K)]
  0x0000020513a92a10 JavaThread "Unconstrained build operations Thread 36"        [_thread_blocked, id=25324, stack(0x0000006612400000,0x0000006612500000) (1024K)]
  0x0000020513a930a0 JavaThread "Unconstrained build operations Thread 37"        [_thread_blocked, id=3184, stack(0x0000006612500000,0x0000006612600000) (1024K)]
  0x00000205090f7600 JavaThread "Unconstrained build operations Thread 38"        [_thread_blocked, id=19172, stack(0x0000006612600000,0x0000006612700000) (1024K)]
  0x00000205090f4810 JavaThread "Unconstrained build operations Thread 39"        [_thread_blocked, id=26212, stack(0x0000006612700000,0x0000006612800000) (1024K)]
  0x00000205090f5bc0 JavaThread "Unconstrained build operations Thread 40"        [_thread_blocked, id=10228, stack(0x0000006612800000,0x0000006612900000) (1024K)]
  0x00000205090f5530 JavaThread "Unconstrained build operations Thread 41"        [_thread_blocked, id=7916, stack(0x0000006612900000,0x0000006612a00000) (1024K)]
  0x00000205090f6250 JavaThread "Unconstrained build operations Thread 42"        [_thread_blocked, id=132, stack(0x0000006612a00000,0x0000006612b00000) (1024K)]
  0x00000205198ec4e0 JavaThread "Unconstrained build operations Thread 43"        [_thread_blocked, id=6448, stack(0x0000006612b00000,0x0000006612c00000) (1024K)]
  0x00000205198eb130 JavaThread "Unconstrained build operations Thread 44"        [_thread_blocked, id=25136, stack(0x0000006612c00000,0x0000006612d00000) (1024K)]
  0x00000205198eaaa0 JavaThread "Unconstrained build operations Thread 45"        [_thread_blocked, id=17796, stack(0x0000006612d00000,0x0000006612e00000) (1024K)]
  0x0000020519582310 JavaThread "WorkerExecutor Queue Thread 3"        [_thread_blocked, id=5376, stack(0x0000006612e00000,0x0000006612f00000) (1024K)]
  0x00000205295b1080 JavaThread "Unconstrained build operations Thread 46"        [_thread_blocked, id=17824, stack(0x0000006613000000,0x0000006613100000) (1024K)]
  0x00000205295b1da0 JavaThread "WorkerExecutor Queue Thread 4"        [_thread_blocked, id=8988, stack(0x0000006613100000,0x0000006613200000) (1024K)]
  0x000002050f500560 JavaThread "WorkerExecutor Queue Thread 5"        [_thread_blocked, id=19764, stack(0x0000006612000000,0x0000006612100000) (1024K)]
  0x000002050b7b7130 JavaThread "Unconstrained build operations Thread 47"        [_thread_blocked, id=25256, stack(0x0000006613300000,0x0000006613400000) (1024K)]
  0x000002050b7b6410 JavaThread "Unconstrained build operations Thread 48"        [_thread_blocked, id=10828, stack(0x0000006613400000,0x0000006613500000) (1024K)]
  0x000002050b7b6aa0 JavaThread "Unconstrained build operations Thread 49"        [_thread_blocked, id=19204, stack(0x0000006613500000,0x0000006613600000) (1024K)]
  0x000002050b7b56f0 JavaThread "Unconstrained build operations Thread 50"        [_thread_blocked, id=23128, stack(0x0000006613600000,0x0000006613700000) (1024K)]
  0x00000205265ae850 JavaThread "Unconstrained build operations Thread 51"        [_thread_blocked, id=23944, stack(0x0000006613700000,0x0000006613800000) (1024K)]
  0x00000205265ace10 JavaThread "Unconstrained build operations Thread 52"        [_thread_blocked, id=23800, stack(0x0000006613800000,0x0000006613900000) (1024K)]
  0x00000205265aeee0 JavaThread "Unconstrained build operations Thread 53"        [_thread_blocked, id=4052, stack(0x0000006613900000,0x0000006613a00000) (1024K)]
  0x00000205265aba60 JavaThread "Unconstrained build operations Thread 54"        [_thread_blocked, id=13488, stack(0x0000006613a00000,0x0000006613b00000) (1024K)]
  0x00000205265ac0f0 JavaThread "Unconstrained build operations Thread 55"        [_thread_blocked, id=11024, stack(0x0000006613b00000,0x0000006613c00000) (1024K)]
  0x00000205265adb30 JavaThread "Unconstrained build operations Thread 56"        [_thread_blocked, id=18440, stack(0x0000006613c00000,0x0000006613d00000) (1024K)]
  0x000002050d22c240 JavaThread "Unconstrained build operations Thread 57"        [_thread_blocked, id=15496, stack(0x0000006613d00000,0x0000006613e00000) (1024K)]
  0x000002050d22c8d0 JavaThread "WorkerExecutor Queue Thread 6"        [_thread_blocked, id=23264, stack(0x0000006613e00000,0x0000006613f00000) (1024K)]
  0x000002050d22d5f0 JavaThread "WorkerExecutor Queue Thread 7"        [_thread_blocked, id=3092, stack(0x0000006613f00000,0x0000006614000000) (1024K)]
  0x0000020527b5a590 JavaThread "WorkerExecutor Queue Thread 8"        [_thread_blocked, id=19276, stack(0x0000006614000000,0x0000006614100000) (1024K)]
  0x0000020527b59870 JavaThread "WorkerExecutor Queue Thread 9"        [_thread_in_native, id=24592, stack(0x0000006614100000,0x0000006614200000) (1024K)]
  0x00000205198ecb70 JavaThread "WorkerExecutor Queue Thread 10"        [_thread_blocked, id=26880, stack(0x0000006614200000,0x0000006614300000) (1024K)]
  0x00000205198eb7c0 JavaThread "WorkerExecutor Queue Thread 11"        [_thread_blocked, id=16012, stack(0x0000006614300000,0x0000006614400000) (1024K)]
  0x000002050a227530 JavaThread "WorkerExecutor Queue Thread 12"        [_thread_blocked, id=19296, stack(0x0000006614400000,0x0000006614500000) (1024K)]
  0x000002050dad9f40 JavaThread "Unconstrained build operations Thread 58"        [_thread_blocked, id=9088, stack(0x0000006614500000,0x0000006614600000) (1024K)]
  0x000002050dada5d0 JavaThread "Unconstrained build operations Thread 59"        [_thread_blocked, id=26668, stack(0x0000006614600000,0x0000006614700000) (1024K)]
  0x000002050f227550 JavaThread "Unconstrained build operations Thread 60"        [_thread_blocked, id=22596, stack(0x0000006614700000,0x0000006614800000) (1024K)]
  0x000002050f2261a0 JavaThread "Unconstrained build operations Thread 61"        [_thread_blocked, id=20964, stack(0x0000006614800000,0x0000006614900000) (1024K)]
  0x000002050f226830 JavaThread "Unconstrained build operations Thread 62"        [_thread_blocked, id=17924, stack(0x0000006614900000,0x0000006614a00000) (1024K)]
  0x0000020525da71e0 JavaThread "Unconstrained build operations Thread 63"        [_thread_blocked, id=23352, stack(0x0000006614a00000,0x0000006614b00000) (1024K)]
  0x0000020525da92b0 JavaThread "Unconstrained build operations Thread 64"        [_thread_blocked, id=2940, stack(0x0000006614b00000,0x0000006614c00000) (1024K)]
  0x0000020525da9940 JavaThread "Unconstrained build operations Thread 65"        [_thread_blocked, id=21672, stack(0x0000006614c00000,0x0000006614d00000) (1024K)]
  0x0000020525da9fd0 JavaThread "Unconstrained build operations Thread 66"        [_thread_blocked, id=2004, stack(0x0000006614d00000,0x0000006614e00000) (1024K)]
  0x0000020525daa660 JavaThread "Unconstrained build operations Thread 67"        [_thread_blocked, id=26024, stack(0x0000006614e00000,0x0000006614f00000) (1024K)]
  0x0000020527b20f50 JavaThread "Unconstrained build operations Thread 68"        [_thread_blocked, id=23896, stack(0x0000006614f00000,0x0000006615000000) (1024K)]
  0x000002050d6dade0 JavaThread "Unconstrained build operations Thread 69"        [_thread_blocked, id=11728, stack(0x0000006613200000,0x0000006613300000) (1024K)]
  0x000002050d6db470 JavaThread "Unconstrained build operations Thread 70"        [_thread_blocked, id=12972, stack(0x0000006615000000,0x0000006615100000) (1024K)]
  0x000002050d6dbb00 JavaThread "Unconstrained build operations Thread 71"        [_thread_blocked, id=19244, stack(0x0000006615100000,0x0000006615200000) (1024K)]
  0x000002050d6dc190 JavaThread "Unconstrained build operations Thread 72"        [_thread_blocked, id=16032, stack(0x0000006615200000,0x0000006615300000) (1024K)]
  0x000002050d6da0c0 JavaThread "Unconstrained build operations Thread 73"        [_thread_blocked, id=27604, stack(0x0000006615300000,0x0000006615400000) (1024K)]
  0x000002050d6d9a30 JavaThread "Unconstrained build operations Thread 74"        [_thread_blocked, id=12216, stack(0x0000006615400000,0x0000006615500000) (1024K)]
  0x000002050d6dc820 JavaThread "Unconstrained build operations Thread 75"        [_thread_blocked, id=3040, stack(0x0000006615500000,0x0000006615600000) (1024K)]
  0x000002050d6dceb0 JavaThread "Unconstrained build operations Thread 76"        [_thread_blocked, id=9304, stack(0x0000006615600000,0x0000006615700000) (1024K)]
  0x0000020514111270 JavaThread "Unconstrained build operations Thread 77"        [_thread_blocked, id=15376, stack(0x0000006615700000,0x0000006615800000) (1024K)]
  0x0000020514111900 JavaThread "Unconstrained build operations Thread 78"        [_thread_blocked, id=5432, stack(0x0000006615800000,0x0000006615900000) (1024K)]
  0x000002051015f530 JavaThread "Unconstrained build operations Thread 79"        [_thread_blocked, id=24168, stack(0x0000006615900000,0x0000006615a00000) (1024K)]
  0x000002051015c740 JavaThread "Unconstrained build operations Thread 80"        [_thread_blocked, id=25340, stack(0x0000006615a00000,0x0000006615b00000) (1024K)]
  0x000002051015eea0 JavaThread "Unconstrained build operations Thread 81"        [_thread_blocked, id=26924, stack(0x0000006615b00000,0x0000006615c00000) (1024K)]
  0x000002051015c0b0 JavaThread "Unconstrained build operations Thread 82"        [_thread_blocked, id=15552, stack(0x0000006615c00000,0x0000006615d00000) (1024K)]
  0x000002051015d460 JavaThread "Unconstrained build operations Thread 83"        [_thread_blocked, id=18980, stack(0x0000006615d00000,0x0000006615e00000) (1024K)]
  0x000002051015cdd0 JavaThread "Unconstrained build operations Thread 84"        [_thread_blocked, id=19256, stack(0x0000006615e00000,0x0000006615f00000) (1024K)]
  0x000002051015e180 JavaThread "Unconstrained build operations Thread 85"        [_thread_blocked, id=23228, stack(0x0000006615f00000,0x0000006616000000) (1024K)]
  0x000002051015e810 JavaThread "Unconstrained build operations Thread 86"        [_thread_blocked, id=8100, stack(0x0000006616000000,0x0000006616100000) (1024K)]
  0x000002050e73d240 JavaThread "Unconstrained build operations Thread 87"        [_thread_blocked, id=19760, stack(0x0000006616100000,0x0000006616200000) (1024K)]
  0x000002050e73be90 JavaThread "Unconstrained build operations Thread 88"        [_thread_blocked, id=9576, stack(0x0000006616200000,0x0000006616300000) (1024K)]
  0x000002050e73d8d0 JavaThread "Unconstrained build operations Thread 89"        [_thread_blocked, id=22356, stack(0x0000006616300000,0x0000006616400000) (1024K)]
  0x0000020525da8c20 JavaThread "Unconstrained build operations Thread 90"        [_thread_blocked, id=24344, stack(0x0000006616400000,0x0000006616500000) (1024K)]
  0x0000020525da7870 JavaThread "Unconstrained build operations Thread 91"        [_thread_blocked, id=27428, stack(0x0000006616500000,0x0000006616600000) (1024K)]
  0x000002050e73cbb0 JavaThread "Unconstrained build operations Thread 92"        [_thread_blocked, id=27812, stack(0x0000006616600000,0x0000006616700000) (1024K)]
  0x000002050e73b800 JavaThread "Unconstrained build operations Thread 93"        [_thread_blocked, id=27816, stack(0x0000006616700000,0x0000006616800000) (1024K)]
  0x000002050e73a450 JavaThread "Unconstrained build operations Thread 94"        [_thread_blocked, id=27820, stack(0x0000006616800000,0x0000006616900000) (1024K)]
  0x0000020525da7f00 JavaThread "Unconstrained build operations Thread 95"        [_thread_blocked, id=27824, stack(0x0000006616900000,0x0000006616a00000) (1024K)]
  0x0000020525da8590 JavaThread "Unconstrained build operations Thread 96"        [_thread_blocked, id=27828, stack(0x0000006616a00000,0x0000006616b00000) (1024K)]
  0x000002050dadb2f0 JavaThread "Unconstrained build operations Thread 97"        [_thread_blocked, id=27832, stack(0x0000006616b00000,0x0000006616c00000) (1024K)]
  0x000002050dadac60 JavaThread "Unconstrained build operations Thread 98"        [_thread_blocked, id=27836, stack(0x0000006616c00000,0x0000006616d00000) (1024K)]
  0x000002050dadcd30 JavaThread "Unconstrained build operations Thread 99"        [_thread_blocked, id=27840, stack(0x0000006616d00000,0x0000006616e00000) (1024K)]
  0x000002050dad98b0 JavaThread "Unconstrained build operations Thread 100"        [_thread_blocked, id=27844, stack(0x0000006616e00000,0x0000006616f00000) (1024K)]
  0x000002050dadc010 JavaThread "Unconstrained build operations Thread 101"        [_thread_blocked, id=27848, stack(0x0000006616f00000,0x0000006617000000) (1024K)]
  0x00000205253bd090 JavaThread "Unconstrained build operations Thread 102"        [_thread_blocked, id=27852, stack(0x0000006617000000,0x0000006617100000) (1024K)]
  0x00000205198ea410 JavaThread "Unconstrained build operations Thread 103"        [_thread_blocked, id=27920, stack(0x0000006617100000,0x0000006617200000) (1024K)]
  0x00000205198e96f0 JavaThread "Unconstrained build operations Thread 104"        [_thread_blocked, id=27924, stack(0x0000006617200000,0x0000006617300000) (1024K)]
  0x00000205198e9d80 JavaThread "Unconstrained build operations Thread 105"        [_thread_blocked, id=27928, stack(0x0000006617300000,0x0000006617400000) (1024K)]
  0x00000205198ebe50 JavaThread "Unconstrained build operations Thread 106"        [_thread_blocked, id=27932, stack(0x0000006617400000,0x0000006617500000) (1024K)]
  0x00000205253bfe80 JavaThread "Unconstrained build operations Thread 107"        [_thread_blocked, id=27936, stack(0x0000006617500000,0x0000006617600000) (1024K)]
  0x000002051ad0daa0 JavaThread "Unconstrained build operations Thread 108"        [_thread_blocked, id=27940, stack(0x0000006617600000,0x0000006617700000) (1024K)]
  0x0000020529a1a3e0 JavaThread "Unconstrained build operations Thread 109"        [_thread_blocked, id=27944, stack(0x0000006617700000,0x0000006617800000) (1024K)]
  0x0000020529a196c0 JavaThread "Unconstrained build operations Thread 110"        [_thread_blocked, id=27948, stack(0x0000006617900000,0x0000006617a00000) (1024K)]
  0x0000020529a19d50 JavaThread "Unconstrained build operations Thread 111"        [_thread_blocked, id=27952, stack(0x0000006617a00000,0x0000006617b00000) (1024K)]
  0x0000020529a1aa70 JavaThread "Unconstrained build operations Thread 112"        [_thread_blocked, id=27956, stack(0x0000006617e00000,0x0000006617f00000) (1024K)]
  0x0000020529a1b100 JavaThread "Unconstrained build operations Thread 113"        [_thread_blocked, id=27960, stack(0x0000006617f00000,0x0000006618000000) (1024K)]
  0x00000205194e96c0 JavaThread "RMI RenewClean-[127.0.0.1:17053,org.jetbrains.kotlin.daemon.common.LoopbackNetworkInterface$ClientLoopbackSocketFactory@4f8f1ee4]" daemon [_thread_blocked, id=27984, stack(0x0000006618000000,0x0000006618100000) (1024K)]
  0x00000205194ebe20 JavaThread "RMI TCP Accept-0"           daemon [_thread_in_native, id=28208, stack(0x0000006618100000,0x0000006618200000) (1024K)]
  0x0000020527220be0 JavaThread "Unconstrained build operations Thread 114"        [_thread_in_native, id=28248, stack(0x0000006618200000,0x0000006618300000) (1024K)]
  0x0000020527222620 JavaThread "Unconstrained build operations Thread 115"        [_thread_in_native, id=28252, stack(0x0000006618300000,0x0000006618400000) (1024K)]
  0x0000020527221270 JavaThread "Unconstrained build operations Thread 116"        [_thread_in_native, id=28256, stack(0x0000006618400000,0x0000006618500000) (1024K)]
  0x00000205264f1000 JavaThread "Unconstrained build operations Thread 117"        [_thread_in_vm, id=28260, stack(0x0000006618500000,0x0000006618600000) (1024K)]
  0x000002051f07cdc0 JavaThread "Unconstrained build operations Thread 118"        [_thread_blocked, id=28264, stack(0x0000006618600000,0x0000006618700000) (1024K)]
  0x000002051f07d450 JavaThread "Unconstrained build operations Thread 119"        [_thread_blocked, id=28268, stack(0x0000006618700000,0x0000006618800000) (1024K)]
  0x000002051f07c0a0 JavaThread "Unconstrained build operations Thread 120"        [_thread_in_native, id=28272, stack(0x0000006618800000,0x0000006618900000) (1024K)]
Total: 186

Other Threads:
  0x000002057f7abf10 VMThread "VM Thread"                           [id=4832, stack(0x000000660c600000,0x000000660c700000) (1024K)]
  0x000002057f797b10 WatcherThread "VM Periodic Task Thread"        [id=23436, stack(0x000000660c500000,0x000000660c600000) (1024K)]
  0x0000020569ace060 WorkerThread "GC Thread#0"                     [id=9372, stack(0x000000660c000000,0x000000660c100000) (1024K)]
  0x000002057f7ac9f0 WorkerThread "GC Thread#1"                     [id=16548, stack(0x000000660d300000,0x000000660d400000) (1024K)]
  0x000002057f7ab7d0 WorkerThread "GC Thread#2"                     [id=22488, stack(0x000000660d400000,0x000000660d500000) (1024K)]
  0x000002057f7ac2b0 WorkerThread "GC Thread#3"                     [id=21168, stack(0x000000660d500000,0x000000660d600000) (1024K)]
  0x000002057f7abb70 WorkerThread "GC Thread#4"                     [id=9556, stack(0x000000660d600000,0x000000660d700000) (1024K)]
  0x0000020509b70c20 WorkerThread "GC Thread#5"                     [id=20552, stack(0x000000660d700000,0x000000660d800000) (1024K)]
  0x0000020509b70fc0 WorkerThread "GC Thread#6"                     [id=22288, stack(0x000000660d800000,0x000000660d900000) (1024K)]
  0x0000020509b6f2c0 WorkerThread "GC Thread#7"                     [id=13768, stack(0x000000660d900000,0x000000660da00000) (1024K)]
  0x0000020509b71360 WorkerThread "GC Thread#8"                     [id=27032, stack(0x000000660da00000,0x000000660db00000) (1024K)]
  0x0000020509b6e440 WorkerThread "GC Thread#9"                     [id=19328, stack(0x000000660e200000,0x000000660e300000) (1024K)]
  0x0000020569c9a010 ConcurrentGCThread "G1 Main Marker"            [id=8016, stack(0x000000660c100000,0x000000660c200000) (1024K)]
  0x0000020569c9b1c0 WorkerThread "G1 Conc#0"                       [id=14096, stack(0x000000660c200000,0x000000660c300000) (1024K)]
  0x0000020509b70880 WorkerThread "G1 Conc#1"                       [id=25424, stack(0x000000660e300000,0x000000660e400000) (1024K)]
  0x0000020509b70140 WorkerThread "G1 Conc#2"                       [id=21028, stack(0x000000660e400000,0x000000660e500000) (1024K)]
  0x000002057f665020 ConcurrentGCThread "G1 Refine#0"               [id=27448, stack(0x000000660c300000,0x000000660c400000) (1024K)]
  0x000002057f665aa0 ConcurrentGCThread "G1 Service"                [id=10472, stack(0x000000660c400000,0x000000660c500000) (1024K)]
Total: 18

Threads with active compile tasks:
C2 CompilerThread0  2502352 79413       4       org.gradle.api.internal.artifacts.ivyservice.resolveengine.artifact.VariantResolvingArtifactSet::getOwnArtifacts (93 bytes)
Total: 1

VM state: not at safepoint (normal execution)

VM Mutex/Monitor currently owned by a thread: None

Heap address: 0x0000000080000000, size: 2048 MB, Compressed Oops mode: 32-bit

CDS archive(s) not mapped
Compressed class space mapped at: 0x0000000100000000-0x0000000140000000, reserved size: 1073741824
Narrow klass base: 0x0000000000000000, Narrow klass shift: 3, Narrow klass range: 0x140000000

GC Precious Log:
 CardTable entry size: 512
 Card Set container configuration: InlinePtr #cards 5 size 8 Array Of Cards #cards 12 size 40 Howl #buckets 4 coarsen threshold 1843 Howl Bitmap #cards 512 size 80 coarsen threshold 460 Card regions per heap region 1 cards per card region 2048
 CPUs: 12 total, 12 available
 Memory: 7454M
 Large Page Support: Disabled
 NUMA Support: Disabled
 Compressed Oops: Enabled (32-bit)
 Heap Region Size: 1M
 Heap Min Capacity: 8M
 Heap Initial Capacity: 118M
 Heap Max Capacity: 2G
 Pre-touch: Disabled
 Parallel Workers: 10
 Concurrent Workers: 3
 Concurrent Refinement Workers: 10
 Periodic GC: Disabled

Heap:
 garbage-first heap   total 652288K, used 437474K [0x0000000080000000, 0x0000000100000000)
  region size 1024K, 259 young (265216K), 20 survivors (20480K)
 Metaspace       used 291650K, committed 293312K, reserved 1310720K
  class space    used 37893K, committed 38720K, reserved 1048576K

Heap Regions: E=young(eden), S=young(survivor), O=old, HS=humongous(starts), HC=humongous(continues), CS=collection set, F=free, TAMS=top-at-mark-start, PB=parsable bottom
|   0|0x0000000080000000, 0x0000000080100000, 0x0000000080100000|100%|HS|  |TAMS 0x0000000080000000| PB 0x0000000080000000| Complete 
|   1|0x0000000080100000, 0x0000000080200000, 0x0000000080200000|100%|HC|  |TAMS 0x0000000080100000| PB 0x0000000080100000| Complete 
|   2|0x0000000080200000, 0x0000000080300000, 0x0000000080300000|100%|HC|  |TAMS 0x0000000080200000| PB 0x0000000080200000| Complete 
|   3|0x0000000080300000, 0x0000000080400000, 0x0000000080400000|100%|HC|  |TAMS 0x0000000080300000| PB 0x0000000080300000| Complete 
|   4|0x0000000080400000, 0x0000000080500000, 0x0000000080500000|100%| O|  |TAMS 0x0000000080400000| PB 0x0000000080400000| Untracked 
|   5|0x0000000080500000, 0x0000000080600000, 0x0000000080600000|100%| O|  |TAMS 0x0000000080500000| PB 0x0000000080500000| Untracked 
|   6|0x0000000080600000, 0x0000000080700000, 0x0000000080700000|100%| O|  |TAMS 0x0000000080600000| PB 0x0000000080600000| Untracked 
|   7|0x0000000080700000, 0x0000000080800000, 0x0000000080800000|100%|HS|  |TAMS 0x0000000080700000| PB 0x0000000080700000| Complete 
|   8|0x0000000080800000, 0x0000000080900000, 0x0000000080900000|100%| O|  |TAMS 0x0000000080800000| PB 0x0000000080800000| Untracked 
|   9|0x0000000080900000, 0x0000000080a00000, 0x0000000080a00000|100%| O|  |TAMS 0x0000000080900000| PB 0x0000000080900000| Untracked 
|  10|0x0000000080a00000, 0x0000000080b00000, 0x0000000080b00000|100%| O|  |TAMS 0x0000000080a00000| PB 0x0000000080a00000| Untracked 
|  11|0x0000000080b00000, 0x0000000080c00000, 0x0000000080c00000|100%| O|  |TAMS 0x0000000080b00000| PB 0x0000000080b00000| Untracked 
|  12|0x0000000080c00000, 0x0000000080d00000, 0x0000000080d00000|100%| O|  |TAMS 0x0000000080c00000| PB 0x0000000080c00000| Untracked 
|  13|0x0000000080d00000, 0x0000000080e00000, 0x0000000080e00000|100%| O|  |TAMS 0x0000000080d00000| PB 0x0000000080d00000| Untracked 
|  14|0x0000000080e00000, 0x0000000080f00000, 0x0000000080f00000|100%| O|  |TAMS 0x0000000080e00000| PB 0x0000000080e00000| Untracked 
|  15|0x0000000080f00000, 0x0000000081000000, 0x0000000081000000|100%| O|  |TAMS 0x0000000080f00000| PB 0x0000000080f00000| Untracked 
|  16|0x0000000081000000, 0x0000000081100000, 0x0000000081100000|100%| O|  |TAMS 0x0000000081000000| PB 0x0000000081000000| Untracked 
|  17|0x0000000081100000, 0x0000000081200000, 0x0000000081200000|100%| O|  |TAMS 0x0000000081100000| PB 0x0000000081100000| Untracked 
|  18|0x0000000081200000, 0x0000000081300000, 0x0000000081300000|100%| O|  |TAMS 0x0000000081200000| PB 0x0000000081200000| Untracked 
|  19|0x0000000081300000, 0x0000000081400000, 0x0000000081400000|100%| O|  |TAMS 0x0000000081300000| PB 0x0000000081300000| Untracked 
|  20|0x0000000081400000, 0x0000000081500000, 0x0000000081500000|100%| O|  |TAMS 0x0000000081400000| PB 0x0000000081400000| Untracked 
|  21|0x0000000081500000, 0x0000000081600000, 0x0000000081600000|100%| O|  |TAMS 0x0000000081500000| PB 0x0000000081500000| Untracked 
|  22|0x0000000081600000, 0x0000000081700000, 0x0000000081700000|100%| O|  |TAMS 0x0000000081600000| PB 0x0000000081600000| Untracked 
|  23|0x0000000081700000, 0x0000000081800000, 0x0000000081800000|100%| O|  |TAMS 0x0000000081700000| PB 0x0000000081700000| Untracked 
|  24|0x0000000081800000, 0x0000000081900000, 0x0000000081900000|100%| O|  |TAMS 0x0000000081800000| PB 0x0000000081800000| Untracked 
|  25|0x0000000081900000, 0x0000000081a00000, 0x0000000081a00000|100%| O|  |TAMS 0x0000000081900000| PB 0x0000000081900000| Untracked 
|  26|0x0000000081a00000, 0x0000000081b00000, 0x0000000081b00000|100%| O|  |TAMS 0x0000000081a00000| PB 0x0000000081a00000| Untracked 
|  27|0x0000000081b00000, 0x0000000081c00000, 0x0000000081c00000|100%| O|  |TAMS 0x0000000081b00000| PB 0x0000000081b00000| Untracked 
|  28|0x0000000081c00000, 0x0000000081d00000, 0x0000000081d00000|100%| O|  |TAMS 0x0000000081c00000| PB 0x0000000081c00000| Untracked 
|  29|0x0000000081d00000, 0x0000000081e00000, 0x0000000081e00000|100%| O|  |TAMS 0x0000000081d00000| PB 0x0000000081d00000| Untracked 
|  30|0x0000000081e00000, 0x0000000081f00000, 0x0000000081f00000|100%| O|  |TAMS 0x0000000081e00000| PB 0x0000000081e00000| Untracked 
|  31|0x0000000081f00000, 0x0000000081f00000, 0x0000000082000000|  0%| F|  |TAMS 0x0000000081f00000| PB 0x0000000081f00000| Untracked 
|  32|0x0000000082000000, 0x0000000082100000, 0x0000000082100000|100%| O|  |TAMS 0x0000000082000000| PB 0x0000000082000000| Untracked 
|  33|0x0000000082100000, 0x0000000082100000, 0x0000000082200000|  0%| F|  |TAMS 0x0000000082100000| PB 0x0000000082100000| Untracked 
|  34|0x0000000082200000, 0x0000000082200000, 0x0000000082300000|  0%| F|  |TAMS 0x0000000082200000| PB 0x0000000082200000| Untracked 
|  35|0x0000000082300000, 0x0000000082400000, 0x0000000082400000|100%| O|  |TAMS 0x0000000082300000| PB 0x0000000082300000| Untracked 
|  36|0x0000000082400000, 0x0000000082500000, 0x0000000082500000|100%| O|  |TAMS 0x0000000082400000| PB 0x0000000082400000| Untracked 
|  37|0x0000000082500000, 0x0000000082600000, 0x0000000082600000|100%| O|  |TAMS 0x0000000082500000| PB 0x0000000082500000| Untracked 
|  38|0x0000000082600000, 0x0000000082700000, 0x0000000082700000|100%| O|  |TAMS 0x0000000082600000| PB 0x0000000082600000| Untracked 
|  39|0x0000000082700000, 0x0000000082800000, 0x0000000082800000|100%| O|  |TAMS 0x0000000082700000| PB 0x0000000082700000| Untracked 
|  40|0x0000000082800000, 0x0000000082900000, 0x0000000082900000|100%| O|  |TAMS 0x0000000082800000| PB 0x0000000082800000| Untracked 
|  41|0x0000000082900000, 0x0000000082a00000, 0x0000000082a00000|100%| O|  |TAMS 0x0000000082900000| PB 0x0000000082900000| Untracked 
|  42|0x0000000082a00000, 0x0000000082b00000, 0x0000000082b00000|100%| O|  |TAMS 0x0000000082a00000| PB 0x0000000082a00000| Untracked 
|  43|0x0000000082b00000, 0x0000000082c00000, 0x0000000082c00000|100%| O|  |TAMS 0x0000000082b00000| PB 0x0000000082b00000| Untracked 
|  44|0x0000000082c00000, 0x0000000082d00000, 0x0000000082d00000|100%| O|  |TAMS 0x0000000082c00000| PB 0x0000000082c00000| Untracked 
|  45|0x0000000082d00000, 0x0000000082e00000, 0x0000000082e00000|100%| O|  |TAMS 0x0000000082d00000| PB 0x0000000082d00000| Untracked 
|  46|0x0000000082e00000, 0x0000000082f00000, 0x0000000082f00000|100%| O|  |TAMS 0x0000000082e00000| PB 0x0000000082e00000| Untracked 
|  47|0x0000000082f00000, 0x0000000083000000, 0x0000000083000000|100%| O|  |TAMS 0x0000000082f00000| PB 0x0000000082f00000| Untracked 
|  48|0x0000000083000000, 0x0000000083100000, 0x0000000083100000|100%| O|  |TAMS 0x0000000083000000| PB 0x0000000083000000| Untracked 
|  49|0x0000000083100000, 0x0000000083200000, 0x0000000083200000|100%| O|  |TAMS 0x0000000083100000| PB 0x0000000083100000| Untracked 
|  50|0x0000000083200000, 0x0000000083300000, 0x0000000083300000|100%| O|  |TAMS 0x0000000083200000| PB 0x0000000083200000| Untracked 
|  51|0x0000000083300000, 0x0000000083400000, 0x0000000083400000|100%| O|  |TAMS 0x0000000083300000| PB 0x0000000083300000| Untracked 
|  52|0x0000000083400000, 0x0000000083500000, 0x0000000083500000|100%| O|  |TAMS 0x0000000083400000| PB 0x0000000083400000| Untracked 
|  53|0x0000000083500000, 0x0000000083600000, 0x0000000083600000|100%| O|Cm|TAMS 0x0000000083500000| PB 0x0000000083500000| Complete 
|  54|0x0000000083600000, 0x0000000083700000, 0x0000000083700000|100%| O|  |TAMS 0x0000000083600000| PB 0x0000000083600000| Untracked 
|  55|0x0000000083700000, 0x0000000083800000, 0x0000000083800000|100%| O|  |TAMS 0x0000000083700000| PB 0x0000000083700000| Untracked 
|  56|0x0000000083800000, 0x0000000083900000, 0x0000000083900000|100%| O|  |TAMS 0x0000000083800000| PB 0x0000000083800000| Untracked 
|  57|0x0000000083900000, 0x0000000083a00000, 0x0000000083a00000|100%| O|  |TAMS 0x0000000083900000| PB 0x0000000083900000| Untracked 
|  58|0x0000000083a00000, 0x0000000083b00000, 0x0000000083b00000|100%| O|  |TAMS 0x0000000083a00000| PB 0x0000000083a00000| Untracked 
|  59|0x0000000083b00000, 0x0000000083c00000, 0x0000000083c00000|100%| O|Cm|TAMS 0x0000000083b00000| PB 0x0000000083b00000| Complete 
|  60|0x0000000083c00000, 0x0000000083ce07a0, 0x0000000083d00000| 87%| O|Cm|TAMS 0x0000000083c00000| PB 0x0000000083c00000| Complete 
|  61|0x0000000083d00000, 0x0000000083e00000, 0x0000000083e00000|100%| O|  |TAMS 0x0000000083d00000| PB 0x0000000083d00000| Untracked 
|  62|0x0000000083e00000, 0x0000000083f00000, 0x0000000083f00000|100%| O|  |TAMS 0x0000000083e00000| PB 0x0000000083e00000| Untracked 
|  63|0x0000000083f00000, 0x0000000084000000, 0x0000000084000000|100%| O|  |TAMS 0x0000000083f00000| PB 0x0000000083f00000| Untracked 
|  64|0x0000000084000000, 0x0000000084000000, 0x0000000084100000|  0%| F|  |TAMS 0x0000000084000000| PB 0x0000000084000000| Untracked 
|  65|0x0000000084100000, 0x0000000084200000, 0x0000000084200000|100%| O|  |TAMS 0x0000000084100000| PB 0x0000000084100000| Untracked 
|  66|0x0000000084200000, 0x0000000084300000, 0x0000000084300000|100%| O|  |TAMS 0x0000000084200000| PB 0x0000000084200000| Untracked 
|  67|0x0000000084300000, 0x0000000084300000, 0x0000000084400000|  0%| F|  |TAMS 0x0000000084300000| PB 0x0000000084300000| Untracked 
|  68|0x0000000084400000, 0x0000000084400000, 0x0000000084500000|  0%| F|  |TAMS 0x0000000084400000| PB 0x0000000084400000| Untracked 
|  69|0x0000000084500000, 0x0000000084500000, 0x0000000084600000|  0%| F|  |TAMS 0x0000000084500000| PB 0x0000000084500000| Untracked 
|  70|0x0000000084600000, 0x0000000084700000, 0x0000000084700000|100%| O|  |TAMS 0x0000000084600000| PB 0x0000000084600000| Untracked 
|  71|0x0000000084700000, 0x0000000084700000, 0x0000000084800000|  0%| F|  |TAMS 0x0000000084700000| PB 0x0000000084700000| Untracked 
|  72|0x0000000084800000, 0x0000000084900000, 0x0000000084900000|100%| O|  |TAMS 0x0000000084800000| PB 0x0000000084800000| Untracked 
|  73|0x0000000084900000, 0x0000000084a00000, 0x0000000084a00000|100%| O|  |TAMS 0x0000000084900000| PB 0x0000000084900000| Untracked 
|  74|0x0000000084a00000, 0x0000000084b00000, 0x0000000084b00000|100%| O|  |TAMS 0x0000000084a00000| PB 0x0000000084a00000| Untracked 
|  75|0x0000000084b00000, 0x0000000084c00000, 0x0000000084c00000|100%| O|  |TAMS 0x0000000084b00000| PB 0x0000000084b00000| Untracked 
|  76|0x0000000084c00000, 0x0000000084c00000, 0x0000000084d00000|  0%| F|  |TAMS 0x0000000084c00000| PB 0x0000000084c00000| Untracked 
|  77|0x0000000084d00000, 0x0000000084e00000, 0x0000000084e00000|100%| O|  |TAMS 0x0000000084d00000| PB 0x0000000084d00000| Untracked 
|  78|0x0000000084e00000, 0x0000000084f00000, 0x0000000084f00000|100%| O|Cm|TAMS 0x0000000084e00000| PB 0x0000000084e00000| Complete 
|  79|0x0000000084f00000, 0x0000000085000000, 0x0000000085000000|100%| O|  |TAMS 0x0000000084f00000| PB 0x0000000084f00000| Untracked 
|  80|0x0000000085000000, 0x0000000085100000, 0x0000000085100000|100%| O|  |TAMS 0x0000000085000000| PB 0x0000000085000000| Untracked 
|  81|0x0000000085100000, 0x0000000085200000, 0x0000000085200000|100%| O|  |TAMS 0x0000000085100000| PB 0x0000000085100000| Untracked 
|  82|0x0000000085200000, 0x0000000085200000, 0x0000000085300000|  0%| F|  |TAMS 0x0000000085200000| PB 0x0000000085200000| Untracked 
|  83|0x0000000085300000, 0x0000000085300000, 0x0000000085400000|  0%| F|  |TAMS 0x0000000085300000| PB 0x0000000085300000| Untracked 
|  84|0x0000000085400000, 0x0000000085500000, 0x0000000085500000|100%| O|Cm|TAMS 0x0000000085400000| PB 0x0000000085400000| Complete 
|  85|0x0000000085500000, 0x0000000085600000, 0x0000000085600000|100%| O|  |TAMS 0x0000000085500000| PB 0x0000000085500000| Untracked 
|  86|0x0000000085600000, 0x0000000085700000, 0x0000000085700000|100%| O|  |TAMS 0x0000000085600000| PB 0x0000000085600000| Untracked 
|  87|0x0000000085700000, 0x0000000085800000, 0x0000000085800000|100%| O|  |TAMS 0x0000000085700000| PB 0x0000000085700000| Untracked 
|  88|0x0000000085800000, 0x0000000085900000, 0x0000000085900000|100%| O|  |TAMS 0x0000000085800000| PB 0x0000000085800000| Untracked 
|  89|0x0000000085900000, 0x0000000085a00000, 0x0000000085a00000|100%| O|  |TAMS 0x0000000085900000| PB 0x0000000085900000| Untracked 
|  90|0x0000000085a00000, 0x0000000085a00000, 0x0000000085b00000|  0%| F|  |TAMS 0x0000000085a00000| PB 0x0000000085a00000| Untracked 
|  91|0x0000000085b00000, 0x0000000085c00000, 0x0000000085c00000|100%| O|  |TAMS 0x0000000085b00000| PB 0x0000000085b00000| Untracked 
|  92|0x0000000085c00000, 0x0000000085d00000, 0x0000000085d00000|100%| O|Cm|TAMS 0x0000000085c00000| PB 0x0000000085c00000| Complete 
|  93|0x0000000085d00000, 0x0000000085d00000, 0x0000000085e00000|  0%| F|  |TAMS 0x0000000085d00000| PB 0x0000000085d00000| Untracked 
|  94|0x0000000085e00000, 0x0000000085f00000, 0x0000000085f00000|100%| O|  |TAMS 0x0000000085e00000| PB 0x0000000085e00000| Untracked 
|  95|0x0000000085f00000, 0x0000000086000000, 0x0000000086000000|100%| O|  |TAMS 0x0000000085f00000| PB 0x0000000085f00000| Untracked 
|  96|0x0000000086000000, 0x0000000086100000, 0x0000000086100000|100%| O|  |TAMS 0x0000000086000000| PB 0x0000000086000000| Untracked 
|  97|0x0000000086100000, 0x0000000086100000, 0x0000000086200000|  0%| F|  |TAMS 0x0000000086100000| PB 0x0000000086100000| Untracked 
|  98|0x0000000086200000, 0x0000000086200000, 0x0000000086300000|  0%| F|  |TAMS 0x0000000086200000| PB 0x0000000086200000| Untracked 
|  99|0x0000000086300000, 0x0000000086400000, 0x0000000086400000|100%| O|  |TAMS 0x0000000086300000| PB 0x0000000086300000| Untracked 
| 100|0x0000000086400000, 0x0000000086500000, 0x0000000086500000|100%| O|  |TAMS 0x0000000086400000| PB 0x0000000086400000| Untracked 
| 101|0x0000000086500000, 0x0000000086600000, 0x0000000086600000|100%| O|  |TAMS 0x0000000086500000| PB 0x0000000086500000| Untracked 
| 102|0x0000000086600000, 0x0000000086700000, 0x0000000086700000|100%| O|  |TAMS 0x0000000086600000| PB 0x0000000086600000| Untracked 
| 103|0x0000000086700000, 0x0000000086800000, 0x0000000086800000|100%| O|  |TAMS 0x0000000086700000| PB 0x0000000086700000| Untracked 
| 104|0x0000000086800000, 0x0000000086800000, 0x0000000086900000|  0%| F|  |TAMS 0x0000000086800000| PB 0x0000000086800000| Untracked 
| 105|0x0000000086900000, 0x0000000086900000, 0x0000000086a00000|  0%| F|  |TAMS 0x0000000086900000| PB 0x0000000086900000| Untracked 
| 106|0x0000000086a00000, 0x0000000086b00000, 0x0000000086b00000|100%| O|  |TAMS 0x0000000086a00000| PB 0x0000000086a00000| Untracked 
| 107|0x0000000086b00000, 0x0000000086c00000, 0x0000000086c00000|100%| O|  |TAMS 0x0000000086b00000| PB 0x0000000086b00000| Untracked 
| 108|0x0000000086c00000, 0x0000000086d00000, 0x0000000086d00000|100%| O|Cm|TAMS 0x0000000086c00000| PB 0x0000000086c00000| Complete 
| 109|0x0000000086d00000, 0x0000000086e00000, 0x0000000086e00000|100%| O|  |TAMS 0x0000000086d00000| PB 0x0000000086d00000| Untracked 
| 110|0x0000000086e00000, 0x0000000086f00000, 0x0000000086f00000|100%| O|  |TAMS 0x0000000086e00000| PB 0x0000000086e00000| Untracked 
| 111|0x0000000086f00000, 0x0000000087000000, 0x0000000087000000|100%| O|  |TAMS 0x0000000086f00000| PB 0x0000000086f00000| Untracked 
| 112|0x0000000087000000, 0x0000000087100000, 0x0000000087100000|100%| O|  |TAMS 0x0000000087000000| PB 0x0000000087000000| Untracked 
| 113|0x0000000087100000, 0x0000000087100000, 0x0000000087200000|  0%| F|  |TAMS 0x0000000087100000| PB 0x0000000087100000| Untracked 
| 114|0x0000000087200000, 0x0000000087300000, 0x0000000087300000|100%|HS|  |TAMS 0x0000000087200000| PB 0x0000000087200000| Complete 
| 115|0x0000000087300000, 0x0000000087400000, 0x0000000087400000|100%|HS|  |TAMS 0x0000000087300000| PB 0x0000000087300000| Complete 
| 116|0x0000000087400000, 0x0000000087500000, 0x0000000087500000|100%|HS|  |TAMS 0x0000000087400000| PB 0x0000000087400000| Complete 
| 117|0x0000000087500000, 0x0000000087600000, 0x0000000087600000|100%|HC|  |TAMS 0x0000000087500000| PB 0x0000000087500000| Complete 
| 118|0x0000000087600000, 0x0000000087700000, 0x0000000087700000|100%|HS|  |TAMS 0x0000000087600000| PB 0x0000000087600000| Complete 
| 119|0x0000000087700000, 0x0000000087800000, 0x0000000087800000|100%|HS|  |TAMS 0x0000000087700000| PB 0x0000000087700000| Complete 
| 120|0x0000000087800000, 0x0000000087800000, 0x0000000087900000|  0%| F|  |TAMS 0x0000000087800000| PB 0x0000000087800000| Untracked 
| 121|0x0000000087900000, 0x0000000087a00000, 0x0000000087a00000|100%|HS|  |TAMS 0x0000000087900000| PB 0x0000000087900000| Complete 
| 122|0x0000000087a00000, 0x0000000087b00000, 0x0000000087b00000|100%|HS|  |TAMS 0x0000000087a00000| PB 0x0000000087a00000| Complete 
| 123|0x0000000087b00000, 0x0000000087c00000, 0x0000000087c00000|100%|HS|  |TAMS 0x0000000087b00000| PB 0x0000000087b00000| Complete 
| 124|0x0000000087c00000, 0x0000000087d00000, 0x0000000087d00000|100%|HC|  |TAMS 0x0000000087c00000| PB 0x0000000087c00000| Complete 
| 125|0x0000000087d00000, 0x0000000087e00000, 0x0000000087e00000|100%| O|  |TAMS 0x0000000087d00000| PB 0x0000000087d00000| Untracked 
| 126|0x0000000087e00000, 0x0000000087f00000, 0x0000000087f00000|100%| O|  |TAMS 0x0000000087e00000| PB 0x0000000087e00000| Untracked 
| 127|0x0000000087f00000, 0x0000000088000000, 0x0000000088000000|100%| O|  |TAMS 0x0000000087f00000| PB 0x0000000087f00000| Untracked 
| 128|0x0000000088000000, 0x0000000088100000, 0x0000000088100000|100%| O|Cm|TAMS 0x0000000088000000| PB 0x0000000088000000| Complete 
| 129|0x0000000088100000, 0x0000000088200000, 0x0000000088200000|100%| O|  |TAMS 0x0000000088100000| PB 0x0000000088100000| Untracked 
| 130|0x0000000088200000, 0x0000000088300000, 0x0000000088300000|100%| O|  |TAMS 0x0000000088200000| PB 0x0000000088200000| Untracked 
| 131|0x0000000088300000, 0x0000000088300000, 0x0000000088400000|  0%| F|  |TAMS 0x0000000088300000| PB 0x0000000088300000| Untracked 
| 132|0x0000000088400000, 0x0000000088400000, 0x0000000088500000|  0%| F|  |TAMS 0x0000000088400000| PB 0x0000000088400000| Untracked 
| 133|0x0000000088500000, 0x0000000088600000, 0x0000000088600000|100%| O|  |TAMS 0x0000000088500000| PB 0x0000000088500000| Untracked 
| 134|0x0000000088600000, 0x0000000088600000, 0x0000000088700000|  0%| F|  |TAMS 0x0000000088600000| PB 0x0000000088600000| Untracked 
| 135|0x0000000088700000, 0x0000000088800000, 0x0000000088800000|100%|HS|  |TAMS 0x0000000088700000| PB 0x0000000088700000| Complete 
| 136|0x0000000088800000, 0x0000000088900000, 0x0000000088900000|100%| O|  |TAMS 0x0000000088800000| PB 0x0000000088800000| Untracked 
| 137|0x0000000088900000, 0x0000000088a00000, 0x0000000088a00000|100%| O|  |TAMS 0x0000000088900000| PB 0x0000000088900000| Untracked 
| 138|0x0000000088a00000, 0x0000000088a00000, 0x0000000088b00000|  0%| F|  |TAMS 0x0000000088a00000| PB 0x0000000088a00000| Untracked 
| 139|0x0000000088b00000, 0x0000000088b00000, 0x0000000088c00000|  0%| F|  |TAMS 0x0000000088b00000| PB 0x0000000088b00000| Untracked 
| 140|0x0000000088c00000, 0x0000000088c00000, 0x0000000088d00000|  0%| F|  |TAMS 0x0000000088c00000| PB 0x0000000088c00000| Untracked 
| 141|0x0000000088d00000, 0x0000000088e00000, 0x0000000088e00000|100%| O|  |TAMS 0x0000000088d00000| PB 0x0000000088d00000| Untracked 
| 142|0x0000000088e00000, 0x0000000088f00000, 0x0000000088f00000|100%| O|  |TAMS 0x0000000088e00000| PB 0x0000000088e00000| Untracked 
| 143|0x0000000088f00000, 0x0000000088f00000, 0x0000000089000000|  0%| F|  |TAMS 0x0000000088f00000| PB 0x0000000088f00000| Untracked 
| 144|0x0000000089000000, 0x0000000089100000, 0x0000000089100000|100%| O|  |TAMS 0x0000000089000000| PB 0x0000000089000000| Untracked 
| 145|0x0000000089100000, 0x0000000089200000, 0x0000000089200000|100%| O|  |TAMS 0x0000000089100000| PB 0x0000000089100000| Untracked 
| 146|0x0000000089200000, 0x0000000089200000, 0x0000000089300000|  0%| F|  |TAMS 0x0000000089200000| PB 0x0000000089200000| Untracked 
| 147|0x0000000089300000, 0x0000000089400000, 0x0000000089400000|100%| O|  |TAMS 0x0000000089300000| PB 0x0000000089300000| Untracked 
| 148|0x0000000089400000, 0x0000000089400000, 0x0000000089500000|  0%| F|  |TAMS 0x0000000089400000| PB 0x0000000089400000| Untracked 
| 149|0x0000000089500000, 0x0000000089600000, 0x0000000089600000|100%| O|  |TAMS 0x0000000089500000| PB 0x0000000089500000| Untracked 
| 150|0x0000000089600000, 0x0000000089700000, 0x0000000089700000|100%| O|  |TAMS 0x0000000089600000| PB 0x0000000089600000| Untracked 
| 151|0x0000000089700000, 0x0000000089800000, 0x0000000089800000|100%| O|  |TAMS 0x0000000089700000| PB 0x0000000089700000| Untracked 
| 152|0x0000000089800000, 0x0000000089900000, 0x0000000089900000|100%| O|  |TAMS 0x0000000089800000| PB 0x0000000089800000| Untracked 
| 153|0x0000000089900000, 0x0000000089a00000, 0x0000000089a00000|100%|HS|  |TAMS 0x0000000089900000| PB 0x0000000089900000| Complete 
| 154|0x0000000089a00000, 0x0000000089b00000, 0x0000000089b00000|100%|HC|  |TAMS 0x0000000089a00000| PB 0x0000000089a00000| Complete 
| 155|0x0000000089b00000, 0x0000000089c00000, 0x0000000089c00000|100%|HC|  |TAMS 0x0000000089b00000| PB 0x0000000089b00000| Complete 
| 156|0x0000000089c00000, 0x0000000089c00000, 0x0000000089d00000|  0%| F|  |TAMS 0x0000000089c00000| PB 0x0000000089c00000| Untracked 
| 157|0x0000000089d00000, 0x0000000089d00000, 0x0000000089e00000|  0%| F|  |TAMS 0x0000000089d00000| PB 0x0000000089d00000| Untracked 
| 158|0x0000000089e00000, 0x0000000089f00000, 0x0000000089f00000|100%| O|  |TAMS 0x0000000089e00000| PB 0x0000000089e00000| Untracked 
| 159|0x0000000089f00000, 0x000000008a000000, 0x000000008a000000|100%| O|  |TAMS 0x0000000089f00000| PB 0x0000000089f00000| Untracked 
| 160|0x000000008a000000, 0x000000008a000000, 0x000000008a100000|  0%| F|  |TAMS 0x000000008a000000| PB 0x000000008a000000| Untracked 
| 161|0x000000008a100000, 0x000000008a100000, 0x000000008a200000|  0%| F|  |TAMS 0x000000008a100000| PB 0x000000008a100000| Untracked 
| 162|0x000000008a200000, 0x000000008a300000, 0x000000008a300000|100%| O|  |TAMS 0x000000008a200000| PB 0x000000008a200000| Untracked 
| 163|0x000000008a300000, 0x000000008a300000, 0x000000008a400000|  0%| F|  |TAMS 0x000000008a300000| PB 0x000000008a300000| Untracked 
| 164|0x000000008a400000, 0x000000008a400000, 0x000000008a500000|  0%| F|  |TAMS 0x000000008a400000| PB 0x000000008a400000| Untracked 
| 165|0x000000008a500000, 0x000000008a500000, 0x000000008a600000|  0%| F|  |TAMS 0x000000008a500000| PB 0x000000008a500000| Untracked 
| 166|0x000000008a600000, 0x000000008a700000, 0x000000008a700000|100%| O|  |TAMS 0x000000008a600000| PB 0x000000008a600000| Untracked 
| 167|0x000000008a700000, 0x000000008a800000, 0x000000008a800000|100%| O|  |TAMS 0x000000008a700000| PB 0x000000008a700000| Untracked 
| 168|0x000000008a800000, 0x000000008a900000, 0x000000008a900000|100%| O|  |TAMS 0x000000008a800000| PB 0x000000008a800000| Untracked 
| 169|0x000000008a900000, 0x000000008aa00000, 0x000000008aa00000|100%| O|  |TAMS 0x000000008a900000| PB 0x000000008a900000| Untracked 
| 170|0x000000008aa00000, 0x000000008ab00000, 0x000000008ab00000|100%| O|  |TAMS 0x000000008aa00000| PB 0x000000008aa00000| Untracked 
| 171|0x000000008ab00000, 0x000000008ac00000, 0x000000008ac00000|100%| O|  |TAMS 0x000000008ab00000| PB 0x000000008ab00000| Untracked 
| 172|0x000000008ac00000, 0x000000008ac00000, 0x000000008ad00000|  0%| F|  |TAMS 0x000000008ac00000| PB 0x000000008ac00000| Untracked 
| 173|0x000000008ad00000, 0x000000008ae00000, 0x000000008ae00000|100%| O|  |TAMS 0x000000008ad00000| PB 0x000000008ad00000| Untracked 
| 174|0x000000008ae00000, 0x000000008af00000, 0x000000008af00000|100%| O|  |TAMS 0x000000008ae00000| PB 0x000000008ae00000| Untracked 
| 175|0x000000008af00000, 0x000000008af00000, 0x000000008b000000|  0%| F|  |TAMS 0x000000008af00000| PB 0x000000008af00000| Untracked 
| 176|0x000000008b000000, 0x000000008b000000, 0x000000008b100000|  0%| F|  |TAMS 0x000000008b000000| PB 0x000000008b000000| Untracked 
| 177|0x000000008b100000, 0x000000008b100000, 0x000000008b200000|  0%| F|  |TAMS 0x000000008b100000| PB 0x000000008b100000| Untracked 
| 178|0x000000008b200000, 0x000000008b200000, 0x000000008b300000|  0%| F|  |TAMS 0x000000008b200000| PB 0x000000008b200000| Untracked 
| 179|0x000000008b300000, 0x000000008b300000, 0x000000008b400000|  0%| F|  |TAMS 0x000000008b300000| PB 0x000000008b300000| Untracked 
| 180|0x000000008b400000, 0x000000008b500000, 0x000000008b500000|100%| O|Cm|TAMS 0x000000008b400000| PB 0x000000008b400000| Complete 
| 181|0x000000008b500000, 0x000000008b500000, 0x000000008b600000|  0%| F|  |TAMS 0x000000008b500000| PB 0x000000008b500000| Untracked 
| 182|0x000000008b600000, 0x000000008b600000, 0x000000008b700000|  0%| F|  |TAMS 0x000000008b600000| PB 0x000000008b600000| Untracked 
| 183|0x000000008b700000, 0x000000008b700000, 0x000000008b800000|  0%| F|  |TAMS 0x000000008b700000| PB 0x000000008b700000| Untracked 
| 184|0x000000008b800000, 0x000000008b800000, 0x000000008b900000|  0%| F|  |TAMS 0x000000008b800000| PB 0x000000008b800000| Untracked 
| 185|0x000000008b900000, 0x000000008b900000, 0x000000008ba00000|  0%| F|  |TAMS 0x000000008b900000| PB 0x000000008b900000| Untracked 
| 186|0x000000008ba00000, 0x000000008ba00000, 0x000000008bb00000|  0%| F|  |TAMS 0x000000008ba00000| PB 0x000000008ba00000| Untracked 
| 187|0x000000008bb00000, 0x000000008bc00000, 0x000000008bc00000|100%| O|  |TAMS 0x000000008bb00000| PB 0x000000008bb00000| Untracked 
| 188|0x000000008bc00000, 0x000000008bc00000, 0x000000008bd00000|  0%| F|  |TAMS 0x000000008bc00000| PB 0x000000008bc00000| Untracked 
| 189|0x000000008bd00000, 0x000000008bd00000, 0x000000008be00000|  0%| F|  |TAMS 0x000000008bd00000| PB 0x000000008bd00000| Untracked 
| 190|0x000000008be00000, 0x000000008be00000, 0x000000008bf00000|  0%| F|  |TAMS 0x000000008be00000| PB 0x000000008be00000| Untracked 
| 191|0x000000008bf00000, 0x000000008bf00000, 0x000000008c000000|  0%| F|  |TAMS 0x000000008bf00000| PB 0x000000008bf00000| Untracked 
| 192|0x000000008c000000, 0x000000008c000000, 0x000000008c100000|  0%| F|  |TAMS 0x000000008c000000| PB 0x000000008c000000| Untracked 
| 193|0x000000008c100000, 0x000000008c100000, 0x000000008c200000|  0%| F|  |TAMS 0x000000008c100000| PB 0x000000008c100000| Untracked 
| 194|0x000000008c200000, 0x000000008c200000, 0x000000008c300000|  0%| F|  |TAMS 0x000000008c200000| PB 0x000000008c200000| Untracked 
| 195|0x000000008c300000, 0x000000008c300000, 0x000000008c400000|  0%| F|  |TAMS 0x000000008c300000| PB 0x000000008c300000| Untracked 
| 196|0x000000008c400000, 0x000000008c500000, 0x000000008c500000|100%| O|  |TAMS 0x000000008c400000| PB 0x000000008c400000| Untracked 
| 197|0x000000008c500000, 0x000000008c600000, 0x000000008c600000|100%| O|  |TAMS 0x000000008c500000| PB 0x000000008c500000| Untracked 
| 198|0x000000008c600000, 0x000000008c600000, 0x000000008c700000|  0%| F|  |TAMS 0x000000008c600000| PB 0x000000008c600000| Untracked 
| 199|0x000000008c700000, 0x000000008c700000, 0x000000008c800000|  0%| F|  |TAMS 0x000000008c700000| PB 0x000000008c700000| Untracked 
| 200|0x000000008c800000, 0x000000008c800000, 0x000000008c900000|  0%| F|  |TAMS 0x000000008c800000| PB 0x000000008c800000| Untracked 
| 201|0x000000008c900000, 0x000000008c900000, 0x000000008ca00000|  0%| F|  |TAMS 0x000000008c900000| PB 0x000000008c900000| Untracked 
| 202|0x000000008ca00000, 0x000000008cb00000, 0x000000008cb00000|100%| O|  |TAMS 0x000000008ca00000| PB 0x000000008ca00000| Untracked 
| 203|0x000000008cb00000, 0x000000008cc00000, 0x000000008cc00000|100%| O|  |TAMS 0x000000008cb00000| PB 0x000000008cb00000| Untracked 
| 204|0x000000008cc00000, 0x000000008cc00000, 0x000000008cd00000|  0%| F|  |TAMS 0x000000008cc00000| PB 0x000000008cc00000| Untracked 
| 205|0x000000008cd00000, 0x000000008cd00000, 0x000000008ce00000|  0%| F|  |TAMS 0x000000008cd00000| PB 0x000000008cd00000| Untracked 
| 206|0x000000008ce00000, 0x000000008ce00000, 0x000000008cf00000|  0%| F|  |TAMS 0x000000008ce00000| PB 0x000000008ce00000| Untracked 
| 207|0x000000008cf00000, 0x000000008cf00000, 0x000000008d000000|  0%| F|  |TAMS 0x000000008cf00000| PB 0x000000008cf00000| Untracked 
| 208|0x000000008d000000, 0x000000008d100000, 0x000000008d100000|100%| O|Cm|TAMS 0x000000008d000000| PB 0x000000008d000000| Complete 
| 209|0x000000008d100000, 0x000000008d200000, 0x000000008d200000|100%| O|  |TAMS 0x000000008d100000| PB 0x000000008d100000| Untracked 
| 210|0x000000008d200000, 0x000000008d300000, 0x000000008d300000|100%| O|  |TAMS 0x000000008d200000| PB 0x000000008d200000| Untracked 
| 211|0x000000008d300000, 0x000000008d400000, 0x000000008d400000|100%| O|  |TAMS 0x000000008d300000| PB 0x000000008d300000| Untracked 
| 212|0x000000008d400000, 0x000000008d400000, 0x000000008d500000|  0%| F|  |TAMS 0x000000008d400000| PB 0x000000008d400000| Untracked 
| 213|0x000000008d500000, 0x000000008d500000, 0x000000008d600000|  0%| F|  |TAMS 0x000000008d500000| PB 0x000000008d500000| Untracked 
| 214|0x000000008d600000, 0x000000008d600000, 0x000000008d700000|  0%| F|  |TAMS 0x000000008d600000| PB 0x000000008d600000| Untracked 
| 215|0x000000008d700000, 0x000000008d700000, 0x000000008d800000|  0%| F|  |TAMS 0x000000008d700000| PB 0x000000008d700000| Untracked 
| 216|0x000000008d800000, 0x000000008d800000, 0x000000008d900000|  0%| F|  |TAMS 0x000000008d800000| PB 0x000000008d800000| Untracked 
| 217|0x000000008d900000, 0x000000008d900000, 0x000000008da00000|  0%| F|  |TAMS 0x000000008d900000| PB 0x000000008d900000| Untracked 
| 218|0x000000008da00000, 0x000000008da00000, 0x000000008db00000|  0%| F|  |TAMS 0x000000008da00000| PB 0x000000008da00000| Untracked 
| 219|0x000000008db00000, 0x000000008dc00000, 0x000000008dc00000|100%| O|  |TAMS 0x000000008db00000| PB 0x000000008db00000| Untracked 
| 220|0x000000008dc00000, 0x000000008dd00000, 0x000000008dd00000|100%| O|Cm|TAMS 0x000000008dc00000| PB 0x000000008dc00000| Complete 
| 221|0x000000008dd00000, 0x000000008dd00000, 0x000000008de00000|  0%| F|  |TAMS 0x000000008dd00000| PB 0x000000008dd00000| Untracked 
| 222|0x000000008de00000, 0x000000008df00000, 0x000000008df00000|100%| O|  |TAMS 0x000000008de00000| PB 0x000000008de00000| Untracked 
| 223|0x000000008df00000, 0x000000008df00000, 0x000000008e000000|  0%| F|  |TAMS 0x000000008df00000| PB 0x000000008df00000| Untracked 
| 224|0x000000008e000000, 0x000000008e000000, 0x000000008e100000|  0%| F|  |TAMS 0x000000008e000000| PB 0x000000008e000000| Untracked 
| 225|0x000000008e100000, 0x000000008e100000, 0x000000008e200000|  0%| F|  |TAMS 0x000000008e100000| PB 0x000000008e100000| Untracked 
| 226|0x000000008e200000, 0x000000008e200000, 0x000000008e300000|  0%| F|  |TAMS 0x000000008e200000| PB 0x000000008e200000| Untracked 
| 227|0x000000008e300000, 0x000000008e300000, 0x000000008e400000|  0%| F|  |TAMS 0x000000008e300000| PB 0x000000008e300000| Untracked 
| 228|0x000000008e400000, 0x000000008e400000, 0x000000008e500000|  0%| F|  |TAMS 0x000000008e400000| PB 0x000000008e400000| Untracked 
| 229|0x000000008e500000, 0x000000008e500000, 0x000000008e600000|  0%| F|  |TAMS 0x000000008e500000| PB 0x000000008e500000| Untracked 
| 230|0x000000008e600000, 0x000000008e600000, 0x000000008e700000|  0%| F|  |TAMS 0x000000008e600000| PB 0x000000008e600000| Untracked 
| 231|0x000000008e700000, 0x000000008e700000, 0x000000008e800000|  0%| F|  |TAMS 0x000000008e700000| PB 0x000000008e700000| Untracked 
| 232|0x000000008e800000, 0x000000008e800000, 0x000000008e900000|  0%| F|  |TAMS 0x000000008e800000| PB 0x000000008e800000| Untracked 
| 233|0x000000008e900000, 0x000000008e900000, 0x000000008ea00000|  0%| F|  |TAMS 0x000000008e900000| PB 0x000000008e900000| Untracked 
| 234|0x000000008ea00000, 0x000000008ea00000, 0x000000008eb00000|  0%| F|  |TAMS 0x000000008ea00000| PB 0x000000008ea00000| Untracked 
| 235|0x000000008eb00000, 0x000000008eb00000, 0x000000008ec00000|  0%| F|  |TAMS 0x000000008eb00000| PB 0x000000008eb00000| Untracked 
| 236|0x000000008ec00000, 0x000000008ec00000, 0x000000008ed00000|  0%| F|  |TAMS 0x000000008ec00000| PB 0x000000008ec00000| Untracked 
| 237|0x000000008ed00000, 0x000000008ed00000, 0x000000008ee00000|  0%| F|  |TAMS 0x000000008ed00000| PB 0x000000008ed00000| Untracked 
| 238|0x000000008ee00000, 0x000000008ee00000, 0x000000008ef00000|  0%| F|  |TAMS 0x000000008ee00000| PB 0x000000008ee00000| Untracked 
| 239|0x000000008ef00000, 0x000000008ef00000, 0x000000008f000000|  0%| F|  |TAMS 0x000000008ef00000| PB 0x000000008ef00000| Untracked 
| 240|0x000000008f000000, 0x000000008f0583b8, 0x000000008f100000| 34%| S|CS|TAMS 0x000000008f000000| PB 0x000000008f000000| Complete 
| 241|0x000000008f100000, 0x000000008f200000, 0x000000008f200000|100%| S|CS|TAMS 0x000000008f100000| PB 0x000000008f100000| Complete 
| 242|0x000000008f200000, 0x000000008f300000, 0x000000008f300000|100%| S|CS|TAMS 0x000000008f200000| PB 0x000000008f200000| Complete 
| 243|0x000000008f300000, 0x000000008f400000, 0x000000008f400000|100%| S|CS|TAMS 0x000000008f300000| PB 0x000000008f300000| Complete 
| 244|0x000000008f400000, 0x000000008f500000, 0x000000008f500000|100%| S|CS|TAMS 0x000000008f400000| PB 0x000000008f400000| Complete 
| 245|0x000000008f500000, 0x000000008f600000, 0x000000008f600000|100%| S|CS|TAMS 0x000000008f500000| PB 0x000000008f500000| Complete 
| 246|0x000000008f600000, 0x000000008f700000, 0x000000008f700000|100%| O|  |TAMS 0x000000008f600000| PB 0x000000008f600000| Untracked 
| 247|0x000000008f700000, 0x000000008f800000, 0x000000008f800000|100%| S|CS|TAMS 0x000000008f700000| PB 0x000000008f700000| Complete 
| 248|0x000000008f800000, 0x000000008f900000, 0x000000008f900000|100%| S|CS|TAMS 0x000000008f800000| PB 0x000000008f800000| Complete 
| 249|0x000000008f900000, 0x000000008fa00000, 0x000000008fa00000|100%| O|  |TAMS 0x000000008f900000| PB 0x000000008f900000| Untracked 
| 250|0x000000008fa00000, 0x000000008fb00000, 0x000000008fb00000|100%| S|CS|TAMS 0x000000008fa00000| PB 0x000000008fa00000| Complete 
| 251|0x000000008fb00000, 0x000000008fc00000, 0x000000008fc00000|100%| O|Cm|TAMS 0x000000008fb00000| PB 0x000000008fb00000| Complete 
| 252|0x000000008fc00000, 0x000000008fd00000, 0x000000008fd00000|100%| S|CS|TAMS 0x000000008fc00000| PB 0x000000008fc00000| Complete 
| 253|0x000000008fd00000, 0x000000008fe00000, 0x000000008fe00000|100%| S|CS|TAMS 0x000000008fd00000| PB 0x000000008fd00000| Complete 
| 254|0x000000008fe00000, 0x000000008ff00000, 0x000000008ff00000|100%| S|CS|TAMS 0x000000008fe00000| PB 0x000000008fe00000| Complete 
| 255|0x000000008ff00000, 0x0000000090000000, 0x0000000090000000|100%| S|CS|TAMS 0x000000008ff00000| PB 0x000000008ff00000| Complete 
| 256|0x0000000090000000, 0x0000000090100000, 0x0000000090100000|100%| S|CS|TAMS 0x0000000090000000| PB 0x0000000090000000| Complete 
| 257|0x0000000090100000, 0x0000000090200000, 0x0000000090200000|100%| S|CS|TAMS 0x0000000090100000| PB 0x0000000090100000| Complete 
| 258|0x0000000090200000, 0x0000000090300000, 0x0000000090300000|100%| S|CS|TAMS 0x0000000090200000| PB 0x0000000090200000| Complete 
| 259|0x0000000090300000, 0x0000000090400000, 0x0000000090400000|100%| S|CS|TAMS 0x0000000090300000| PB 0x0000000090300000| Complete 
| 260|0x0000000090400000, 0x0000000090500000, 0x0000000090500000|100%| S|CS|TAMS 0x0000000090400000| PB 0x0000000090400000| Complete 
| 261|0x0000000090500000, 0x0000000090600000, 0x0000000090600000|100%| S|CS|TAMS 0x0000000090500000| PB 0x0000000090500000| Complete 
| 262|0x0000000090600000, 0x0000000090700000, 0x0000000090700000|100%| S|CS|TAMS 0x0000000090600000| PB 0x0000000090600000| Complete 
| 263|0x0000000090700000, 0x0000000090700000, 0x0000000090800000|  0%| F|  |TAMS 0x0000000090700000| PB 0x0000000090700000| Untracked 
| 264|0x0000000090800000, 0x0000000090800000, 0x0000000090900000|  0%| F|  |TAMS 0x0000000090800000| PB 0x0000000090800000| Untracked 
| 265|0x0000000090900000, 0x0000000090900000, 0x0000000090a00000|  0%| F|  |TAMS 0x0000000090900000| PB 0x0000000090900000| Untracked 
| 266|0x0000000090a00000, 0x0000000090a00000, 0x0000000090b00000|  0%| F|  |TAMS 0x0000000090a00000| PB 0x0000000090a00000| Untracked 
| 267|0x0000000090b00000, 0x0000000090b00000, 0x0000000090c00000|  0%| F|  |TAMS 0x0000000090b00000| PB 0x0000000090b00000| Untracked 
| 268|0x0000000090c00000, 0x0000000090d00000, 0x0000000090d00000|100%| O|  |TAMS 0x0000000090c00000| PB 0x0000000090c00000| Untracked 
| 269|0x0000000090d00000, 0x0000000090e00000, 0x0000000090e00000|100%| O|  |TAMS 0x0000000090d00000| PB 0x0000000090d00000| Untracked 
| 270|0x0000000090e00000, 0x0000000090e00000, 0x0000000090f00000|  0%| F|  |TAMS 0x0000000090e00000| PB 0x0000000090e00000| Untracked 
| 271|0x0000000090f00000, 0x0000000090f00000, 0x0000000091000000|  0%| F|  |TAMS 0x0000000090f00000| PB 0x0000000090f00000| Untracked 
| 272|0x0000000091000000, 0x0000000091000000, 0x0000000091100000|  0%| F|  |TAMS 0x0000000091000000| PB 0x0000000091000000| Untracked 
| 273|0x0000000091100000, 0x0000000091100000, 0x0000000091200000|  0%| F|  |TAMS 0x0000000091100000| PB 0x0000000091100000| Untracked 
| 274|0x0000000091200000, 0x0000000091200000, 0x0000000091300000|  0%| F|  |TAMS 0x0000000091200000| PB 0x0000000091200000| Untracked 
| 275|0x0000000091300000, 0x0000000091300000, 0x0000000091400000|  0%| F|  |TAMS 0x0000000091300000| PB 0x0000000091300000| Untracked 
| 276|0x0000000091400000, 0x0000000091400000, 0x0000000091500000|  0%| F|  |TAMS 0x0000000091400000| PB 0x0000000091400000| Untracked 
| 277|0x0000000091500000, 0x0000000091600000, 0x0000000091600000|100%| O|  |TAMS 0x0000000091500000| PB 0x0000000091500000| Untracked 
| 278|0x0000000091600000, 0x0000000091600000, 0x0000000091700000|  0%| F|  |TAMS 0x0000000091600000| PB 0x0000000091600000| Untracked 
| 279|0x0000000091700000, 0x0000000091700000, 0x0000000091800000|  0%| F|  |TAMS 0x0000000091700000| PB 0x0000000091700000| Untracked 
| 280|0x0000000091800000, 0x0000000091800000, 0x0000000091900000|  0%| F|  |TAMS 0x0000000091800000| PB 0x0000000091800000| Untracked 
| 281|0x0000000091900000, 0x0000000091a00000, 0x0000000091a00000|100%| O|  |TAMS 0x0000000091900000| PB 0x0000000091900000| Untracked 
| 282|0x0000000091a00000, 0x0000000091a00000, 0x0000000091b00000|  0%| F|  |TAMS 0x0000000091a00000| PB 0x0000000091a00000| Untracked 
| 283|0x0000000091b00000, 0x0000000091b00000, 0x0000000091c00000|  0%| F|  |TAMS 0x0000000091b00000| PB 0x0000000091b00000| Untracked 
| 284|0x0000000091c00000, 0x0000000091c00000, 0x0000000091d00000|  0%| F|  |TAMS 0x0000000091c00000| PB 0x0000000091c00000| Untracked 
| 285|0x0000000091d00000, 0x0000000091d00000, 0x0000000091e00000|  0%| F|  |TAMS 0x0000000091d00000| PB 0x0000000091d00000| Untracked 
| 286|0x0000000091e00000, 0x0000000091e00000, 0x0000000091f00000|  0%| F|  |TAMS 0x0000000091e00000| PB 0x0000000091e00000| Untracked 
| 287|0x0000000091f00000, 0x0000000091f00000, 0x0000000092000000|  0%| F|  |TAMS 0x0000000091f00000| PB 0x0000000091f00000| Untracked 
| 288|0x0000000092000000, 0x0000000092000000, 0x0000000092100000|  0%| F|  |TAMS 0x0000000092000000| PB 0x0000000092000000| Untracked 
| 289|0x0000000092100000, 0x0000000092100000, 0x0000000092200000|  0%| F|  |TAMS 0x0000000092100000| PB 0x0000000092100000| Untracked 
| 290|0x0000000092200000, 0x0000000092300000, 0x0000000092300000|100%| O|  |TAMS 0x0000000092200000| PB 0x0000000092200000| Untracked 
| 291|0x0000000092300000, 0x0000000092300000, 0x0000000092400000|  0%| F|  |TAMS 0x0000000092300000| PB 0x0000000092300000| Untracked 
| 292|0x0000000092400000, 0x0000000092400000, 0x0000000092500000|  0%| F|  |TAMS 0x0000000092400000| PB 0x0000000092400000| Untracked 
| 293|0x0000000092500000, 0x0000000092500000, 0x0000000092600000|  0%| F|  |TAMS 0x0000000092500000| PB 0x0000000092500000| Untracked 
| 294|0x0000000092600000, 0x0000000092600000, 0x0000000092700000|  0%| F|  |TAMS 0x0000000092600000| PB 0x0000000092600000| Untracked 
| 295|0x0000000092700000, 0x0000000092700000, 0x0000000092800000|  0%| F|  |TAMS 0x0000000092700000| PB 0x0000000092700000| Untracked 
| 296|0x0000000092800000, 0x0000000092800000, 0x0000000092900000|  0%| F|  |TAMS 0x0000000092800000| PB 0x0000000092800000| Untracked 
| 297|0x0000000092900000, 0x0000000092900000, 0x0000000092a00000|  0%| F|  |TAMS 0x0000000092900000| PB 0x0000000092900000| Untracked 
| 298|0x0000000092a00000, 0x0000000092b00000, 0x0000000092b00000|100%| O|  |TAMS 0x0000000092a00000| PB 0x0000000092a00000| Untracked 
| 299|0x0000000092b00000, 0x0000000092b00000, 0x0000000092c00000|  0%| F|  |TAMS 0x0000000092b00000| PB 0x0000000092b00000| Untracked 
| 300|0x0000000092c00000, 0x0000000092c00000, 0x0000000092d00000|  0%| F|  |TAMS 0x0000000092c00000| PB 0x0000000092c00000| Untracked 
| 301|0x0000000092d00000, 0x0000000092d00000, 0x0000000092e00000|  0%| F|  |TAMS 0x0000000092d00000| PB 0x0000000092d00000| Untracked 
| 302|0x0000000092e00000, 0x0000000092e00000, 0x0000000092f00000|  0%| F|  |TAMS 0x0000000092e00000| PB 0x0000000092e00000| Untracked 
| 303|0x0000000092f00000, 0x0000000092f00000, 0x0000000093000000|  0%| F|  |TAMS 0x0000000092f00000| PB 0x0000000092f00000| Untracked 
| 304|0x0000000093000000, 0x0000000093100000, 0x0000000093100000|100%| O|  |TAMS 0x0000000093000000| PB 0x0000000093000000| Untracked 
| 305|0x0000000093100000, 0x0000000093200000, 0x0000000093200000|100%| O|  |TAMS 0x0000000093100000| PB 0x0000000093100000| Untracked 
| 306|0x0000000093200000, 0x0000000093300000, 0x0000000093300000|100%| O|  |TAMS 0x0000000093200000| PB 0x0000000093200000| Untracked 
| 307|0x0000000093300000, 0x0000000093400000, 0x0000000093400000|100%| O|  |TAMS 0x0000000093300000| PB 0x0000000093300000| Untracked 
| 308|0x0000000093400000, 0x0000000093500000, 0x0000000093500000|100%| O|  |TAMS 0x0000000093400000| PB 0x0000000093400000| Untracked 
| 309|0x0000000093500000, 0x0000000093600000, 0x0000000093600000|100%| O|Cm|TAMS 0x0000000093500000| PB 0x0000000093500000| Complete 
| 310|0x0000000093600000, 0x0000000093700000, 0x0000000093700000|100%| O|  |TAMS 0x0000000093600000| PB 0x0000000093600000| Untracked 
| 311|0x0000000093700000, 0x0000000093800000, 0x0000000093800000|100%| O|  |TAMS 0x0000000093700000| PB 0x0000000093700000| Untracked 
| 312|0x0000000093800000, 0x0000000093900000, 0x0000000093900000|100%| O|  |TAMS 0x0000000093800000| PB 0x0000000093800000| Untracked 
| 313|0x0000000093900000, 0x0000000093900000, 0x0000000093a00000|  0%| F|  |TAMS 0x0000000093900000| PB 0x0000000093900000| Untracked 
| 314|0x0000000093a00000, 0x0000000093a00000, 0x0000000093b00000|  0%| F|  |TAMS 0x0000000093a00000| PB 0x0000000093a00000| Untracked 
| 315|0x0000000093b00000, 0x0000000093c00000, 0x0000000093c00000|100%| O|  |TAMS 0x0000000093b00000| PB 0x0000000093b00000| Untracked 
| 316|0x0000000093c00000, 0x0000000093c00000, 0x0000000093d00000|  0%| F|  |TAMS 0x0000000093c00000| PB 0x0000000093c00000| Untracked 
| 317|0x0000000093d00000, 0x0000000093d00000, 0x0000000093e00000|  0%| F|  |TAMS 0x0000000093d00000| PB 0x0000000093d00000| Untracked 
| 318|0x0000000093e00000, 0x0000000093e00000, 0x0000000093f00000|  0%| F|  |TAMS 0x0000000093e00000| PB 0x0000000093e00000| Untracked 
| 319|0x0000000093f00000, 0x0000000093f00000, 0x0000000094000000|  0%| F|  |TAMS 0x0000000093f00000| PB 0x0000000093f00000| Untracked 
| 320|0x0000000094000000, 0x0000000094000000, 0x0000000094100000|  0%| F|  |TAMS 0x0000000094000000| PB 0x0000000094000000| Untracked 
| 321|0x0000000094100000, 0x0000000094100000, 0x0000000094200000|  0%| F|  |TAMS 0x0000000094100000| PB 0x0000000094100000| Untracked 
| 322|0x0000000094200000, 0x0000000094200000, 0x0000000094300000|  0%| F|  |TAMS 0x0000000094200000| PB 0x0000000094200000| Untracked 
| 323|0x0000000094300000, 0x0000000094300000, 0x0000000094400000|  0%| F|  |TAMS 0x0000000094300000| PB 0x0000000094300000| Untracked 
| 324|0x0000000094400000, 0x0000000094400000, 0x0000000094500000|  0%| F|  |TAMS 0x0000000094400000| PB 0x0000000094400000| Untracked 
| 325|0x0000000094500000, 0x0000000094500000, 0x0000000094600000|  0%| F|  |TAMS 0x0000000094500000| PB 0x0000000094500000| Untracked 
| 326|0x0000000094600000, 0x0000000094600000, 0x0000000094700000|  0%| F|  |TAMS 0x0000000094600000| PB 0x0000000094600000| Untracked 
| 327|0x0000000094700000, 0x0000000094700000, 0x0000000094800000|  0%| F|  |TAMS 0x0000000094700000| PB 0x0000000094700000| Untracked 
| 328|0x0000000094800000, 0x0000000094800000, 0x0000000094900000|  0%| F|  |TAMS 0x0000000094800000| PB 0x0000000094800000| Untracked 
| 329|0x0000000094900000, 0x0000000094900000, 0x0000000094a00000|  0%| F|  |TAMS 0x0000000094900000| PB 0x0000000094900000| Untracked 
| 330|0x0000000094a00000, 0x0000000094a00000, 0x0000000094b00000|  0%| F|  |TAMS 0x0000000094a00000| PB 0x0000000094a00000| Untracked 
| 331|0x0000000094b00000, 0x0000000094b00000, 0x0000000094c00000|  0%| F|  |TAMS 0x0000000094b00000| PB 0x0000000094b00000| Untracked 
| 332|0x0000000094c00000, 0x0000000094c00000, 0x0000000094d00000|  0%| F|  |TAMS 0x0000000094c00000| PB 0x0000000094c00000| Untracked 
| 333|0x0000000094d00000, 0x0000000094d00000, 0x0000000094e00000|  0%| F|  |TAMS 0x0000000094d00000| PB 0x0000000094d00000| Untracked 
| 334|0x0000000094e00000, 0x0000000094e00000, 0x0000000094f00000|  0%| F|  |TAMS 0x0000000094e00000| PB 0x0000000094e00000| Untracked 
| 335|0x0000000094f00000, 0x0000000094f00000, 0x0000000095000000|  0%| F|  |TAMS 0x0000000094f00000| PB 0x0000000094f00000| Untracked 
| 336|0x0000000095000000, 0x0000000095000000, 0x0000000095100000|  0%| F|  |TAMS 0x0000000095000000| PB 0x0000000095000000| Untracked 
| 337|0x0000000095100000, 0x0000000095100000, 0x0000000095200000|  0%| F|  |TAMS 0x0000000095100000| PB 0x0000000095100000| Untracked 
| 338|0x0000000095200000, 0x0000000095200000, 0x0000000095300000|  0%| F|  |TAMS 0x0000000095200000| PB 0x0000000095200000| Untracked 
| 339|0x0000000095300000, 0x0000000095300000, 0x0000000095400000|  0%| F|  |TAMS 0x0000000095300000| PB 0x0000000095300000| Untracked 
| 340|0x0000000095400000, 0x0000000095400000, 0x0000000095500000|  0%| F|  |TAMS 0x0000000095400000| PB 0x0000000095400000| Untracked 
| 341|0x0000000095500000, 0x0000000095500000, 0x0000000095600000|  0%| F|  |TAMS 0x0000000095500000| PB 0x0000000095500000| Untracked 
| 342|0x0000000095600000, 0x0000000095600000, 0x0000000095700000|  0%| F|  |TAMS 0x0000000095600000| PB 0x0000000095600000| Untracked 
| 343|0x0000000095700000, 0x0000000095700000, 0x0000000095800000|  0%| F|  |TAMS 0x0000000095700000| PB 0x0000000095700000| Untracked 
| 344|0x0000000095800000, 0x0000000095800000, 0x0000000095900000|  0%| F|  |TAMS 0x0000000095800000| PB 0x0000000095800000| Untracked 
| 345|0x0000000095900000, 0x0000000095900000, 0x0000000095a00000|  0%| F|  |TAMS 0x0000000095900000| PB 0x0000000095900000| Untracked 
| 346|0x0000000095a00000, 0x0000000095a00000, 0x0000000095b00000|  0%| F|  |TAMS 0x0000000095a00000| PB 0x0000000095a00000| Untracked 
| 347|0x0000000095b00000, 0x0000000095b00000, 0x0000000095c00000|  0%| F|  |TAMS 0x0000000095b00000| PB 0x0000000095b00000| Untracked 
| 348|0x0000000095c00000, 0x0000000095c00000, 0x0000000095d00000|  0%| F|  |TAMS 0x0000000095c00000| PB 0x0000000095c00000| Untracked 
| 349|0x0000000095d00000, 0x0000000095d00000, 0x0000000095e00000|  0%| F|  |TAMS 0x0000000095d00000| PB 0x0000000095d00000| Untracked 
| 350|0x0000000095e00000, 0x0000000095e00000, 0x0000000095f00000|  0%| F|  |TAMS 0x0000000095e00000| PB 0x0000000095e00000| Untracked 
| 351|0x0000000095f00000, 0x0000000095f00000, 0x0000000096000000|  0%| F|  |TAMS 0x0000000095f00000| PB 0x0000000095f00000| Untracked 
| 352|0x0000000096000000, 0x0000000096000000, 0x0000000096100000|  0%| F|  |TAMS 0x0000000096000000| PB 0x0000000096000000| Untracked 
| 353|0x0000000096100000, 0x0000000096100000, 0x0000000096200000|  0%| F|  |TAMS 0x0000000096100000| PB 0x0000000096100000| Untracked 
| 354|0x0000000096200000, 0x0000000096200000, 0x0000000096300000|  0%| F|  |TAMS 0x0000000096200000| PB 0x0000000096200000| Untracked 
| 355|0x0000000096300000, 0x0000000096300000, 0x0000000096400000|  0%| F|  |TAMS 0x0000000096300000| PB 0x0000000096300000| Untracked 
| 356|0x0000000096400000, 0x0000000096400000, 0x0000000096500000|  0%| F|  |TAMS 0x0000000096400000| PB 0x0000000096400000| Untracked 
| 357|0x0000000096500000, 0x0000000096500000, 0x0000000096600000|  0%| F|  |TAMS 0x0000000096500000| PB 0x0000000096500000| Untracked 
| 358|0x0000000096600000, 0x0000000096600000, 0x0000000096700000|  0%| F|  |TAMS 0x0000000096600000| PB 0x0000000096600000| Untracked 
| 359|0x0000000096700000, 0x0000000096700000, 0x0000000096800000|  0%| F|  |TAMS 0x0000000096700000| PB 0x0000000096700000| Untracked 
| 360|0x0000000096800000, 0x0000000096800000, 0x0000000096900000|  0%| F|  |TAMS 0x0000000096800000| PB 0x0000000096800000| Untracked 
| 361|0x0000000096900000, 0x0000000096900000, 0x0000000096a00000|  0%| F|  |TAMS 0x0000000096900000| PB 0x0000000096900000| Untracked 
| 362|0x0000000096a00000, 0x0000000096a00000, 0x0000000096b00000|  0%| F|  |TAMS 0x0000000096a00000| PB 0x0000000096a00000| Untracked 
| 363|0x0000000096b00000, 0x0000000096b00000, 0x0000000096c00000|  0%| F|  |TAMS 0x0000000096b00000| PB 0x0000000096b00000| Untracked 
| 364|0x0000000096c00000, 0x0000000096c00000, 0x0000000096d00000|  0%| F|  |TAMS 0x0000000096c00000| PB 0x0000000096c00000| Untracked 
| 365|0x0000000096d00000, 0x0000000096d00000, 0x0000000096e00000|  0%| F|  |TAMS 0x0000000096d00000| PB 0x0000000096d00000| Untracked 
| 366|0x0000000096e00000, 0x0000000096e00000, 0x0000000096f00000|  0%| F|  |TAMS 0x0000000096e00000| PB 0x0000000096e00000| Untracked 
| 367|0x0000000096f00000, 0x0000000096f00000, 0x0000000097000000|  0%| F|  |TAMS 0x0000000096f00000| PB 0x0000000096f00000| Untracked 
| 368|0x0000000097000000, 0x0000000097000000, 0x0000000097100000|  0%| F|  |TAMS 0x0000000097000000| PB 0x0000000097000000| Untracked 
| 369|0x0000000097100000, 0x0000000097100000, 0x0000000097200000|  0%| F|  |TAMS 0x0000000097100000| PB 0x0000000097100000| Untracked 
| 370|0x0000000097200000, 0x0000000097200000, 0x0000000097300000|  0%| F|  |TAMS 0x0000000097200000| PB 0x0000000097200000| Untracked 
| 371|0x0000000097300000, 0x0000000097300000, 0x0000000097400000|  0%| F|  |TAMS 0x0000000097300000| PB 0x0000000097300000| Untracked 
| 372|0x0000000097400000, 0x0000000097400000, 0x0000000097500000|  0%| F|  |TAMS 0x0000000097400000| PB 0x0000000097400000| Untracked 
| 373|0x0000000097500000, 0x0000000097500000, 0x0000000097600000|  0%| F|  |TAMS 0x0000000097500000| PB 0x0000000097500000| Untracked 
| 374|0x0000000097600000, 0x0000000097600000, 0x0000000097700000|  0%| F|  |TAMS 0x0000000097600000| PB 0x0000000097600000| Untracked 
| 375|0x0000000097700000, 0x0000000097700000, 0x0000000097800000|  0%| F|  |TAMS 0x0000000097700000| PB 0x0000000097700000| Untracked 
| 376|0x0000000097800000, 0x0000000097800000, 0x0000000097900000|  0%| F|  |TAMS 0x0000000097800000| PB 0x0000000097800000| Untracked 
| 377|0x0000000097900000, 0x0000000097900000, 0x0000000097a00000|  0%| F|  |TAMS 0x0000000097900000| PB 0x0000000097900000| Untracked 
| 378|0x0000000097a00000, 0x0000000097a00000, 0x0000000097b00000|  0%| F|  |TAMS 0x0000000097a00000| PB 0x0000000097a00000| Untracked 
| 379|0x0000000097b00000, 0x0000000097b00000, 0x0000000097c00000|  0%| F|  |TAMS 0x0000000097b00000| PB 0x0000000097b00000| Untracked 
| 380|0x0000000097c00000, 0x0000000097c00000, 0x0000000097d00000|  0%| F|  |TAMS 0x0000000097c00000| PB 0x0000000097c00000| Untracked 
| 381|0x0000000097d00000, 0x0000000097d00000, 0x0000000097e00000|  0%| F|  |TAMS 0x0000000097d00000| PB 0x0000000097d00000| Untracked 
| 382|0x0000000097e00000, 0x0000000097e00000, 0x0000000097f00000|  0%| F|  |TAMS 0x0000000097e00000| PB 0x0000000097e00000| Untracked 
| 383|0x0000000097f00000, 0x0000000097f00000, 0x0000000098000000|  0%| F|  |TAMS 0x0000000097f00000| PB 0x0000000097f00000| Untracked 
| 384|0x0000000098000000, 0x0000000098000000, 0x0000000098100000|  0%| F|  |TAMS 0x0000000098000000| PB 0x0000000098000000| Untracked 
| 385|0x0000000098100000, 0x0000000098100000, 0x0000000098200000|  0%| F|  |TAMS 0x0000000098100000| PB 0x0000000098100000| Untracked 
| 386|0x0000000098200000, 0x0000000098200000, 0x0000000098300000|  0%| F|  |TAMS 0x0000000098200000| PB 0x0000000098200000| Untracked 
| 387|0x0000000098300000, 0x0000000098300000, 0x0000000098400000|  0%| F|  |TAMS 0x0000000098300000| PB 0x0000000098300000| Untracked 
| 388|0x0000000098400000, 0x0000000098400000, 0x0000000098500000|  0%| F|  |TAMS 0x0000000098400000| PB 0x0000000098400000| Untracked 
| 389|0x0000000098500000, 0x0000000098500000, 0x0000000098600000|  0%| F|  |TAMS 0x0000000098500000| PB 0x0000000098500000| Untracked 
| 390|0x0000000098600000, 0x0000000098600000, 0x0000000098700000|  0%| F|  |TAMS 0x0000000098600000| PB 0x0000000098600000| Untracked 
| 391|0x0000000098700000, 0x0000000098700000, 0x0000000098800000|  0%| F|  |TAMS 0x0000000098700000| PB 0x0000000098700000| Untracked 
| 392|0x0000000098800000, 0x00000000988875c0, 0x0000000098900000| 52%| E|  |TAMS 0x0000000098800000| PB 0x0000000098800000| Complete 
| 393|0x0000000098900000, 0x0000000098a00000, 0x0000000098a00000|100%| E|CS|TAMS 0x0000000098900000| PB 0x0000000098900000| Complete 
| 394|0x0000000098a00000, 0x0000000098b00000, 0x0000000098b00000|100%| E|CS|TAMS 0x0000000098a00000| PB 0x0000000098a00000| Complete 
| 395|0x0000000098b00000, 0x0000000098c00000, 0x0000000098c00000|100%| E|CS|TAMS 0x0000000098b00000| PB 0x0000000098b00000| Complete 
| 396|0x0000000098c00000, 0x0000000098d00000, 0x0000000098d00000|100%| E|CS|TAMS 0x0000000098c00000| PB 0x0000000098c00000| Complete 
| 397|0x0000000098d00000, 0x0000000098e00000, 0x0000000098e00000|100%| E|CS|TAMS 0x0000000098d00000| PB 0x0000000098d00000| Complete 
| 398|0x0000000098e00000, 0x0000000098f00000, 0x0000000098f00000|100%| E|CS|TAMS 0x0000000098e00000| PB 0x0000000098e00000| Complete 
| 399|0x0000000098f00000, 0x0000000099000000, 0x0000000099000000|100%| E|CS|TAMS 0x0000000098f00000| PB 0x0000000098f00000| Complete 
| 400|0x0000000099000000, 0x0000000099100000, 0x0000000099100000|100%| E|CS|TAMS 0x0000000099000000| PB 0x0000000099000000| Complete 
| 401|0x0000000099100000, 0x0000000099200000, 0x0000000099200000|100%| E|CS|TAMS 0x0000000099100000| PB 0x0000000099100000| Complete 
| 402|0x0000000099200000, 0x0000000099300000, 0x0000000099300000|100%| E|CS|TAMS 0x0000000099200000| PB 0x0000000099200000| Complete 
| 403|0x0000000099300000, 0x0000000099400000, 0x0000000099400000|100%| E|CS|TAMS 0x0000000099300000| PB 0x0000000099300000| Complete 
| 404|0x0000000099400000, 0x0000000099500000, 0x0000000099500000|100%| E|CS|TAMS 0x0000000099400000| PB 0x0000000099400000| Complete 
| 405|0x0000000099500000, 0x0000000099600000, 0x0000000099600000|100%| E|CS|TAMS 0x0000000099500000| PB 0x0000000099500000| Complete 
| 406|0x0000000099600000, 0x0000000099700000, 0x0000000099700000|100%| E|CS|TAMS 0x0000000099600000| PB 0x0000000099600000| Complete 
| 407|0x0000000099700000, 0x0000000099800000, 0x0000000099800000|100%| E|CS|TAMS 0x0000000099700000| PB 0x0000000099700000| Complete 
| 408|0x0000000099800000, 0x0000000099900000, 0x0000000099900000|100%| E|CS|TAMS 0x0000000099800000| PB 0x0000000099800000| Complete 
| 409|0x0000000099900000, 0x0000000099a00000, 0x0000000099a00000|100%| E|CS|TAMS 0x0000000099900000| PB 0x0000000099900000| Complete 
| 410|0x0000000099a00000, 0x0000000099b00000, 0x0000000099b00000|100%| E|CS|TAMS 0x0000000099a00000| PB 0x0000000099a00000| Complete 
| 411|0x0000000099b00000, 0x0000000099c00000, 0x0000000099c00000|100%| E|CS|TAMS 0x0000000099b00000| PB 0x0000000099b00000| Complete 
| 412|0x0000000099c00000, 0x0000000099d00000, 0x0000000099d00000|100%| E|CS|TAMS 0x0000000099c00000| PB 0x0000000099c00000| Complete 
| 413|0x0000000099d00000, 0x0000000099e00000, 0x0000000099e00000|100%| E|CS|TAMS 0x0000000099d00000| PB 0x0000000099d00000| Complete 
| 414|0x0000000099e00000, 0x0000000099f00000, 0x0000000099f00000|100%| E|CS|TAMS 0x0000000099e00000| PB 0x0000000099e00000| Complete 
| 415|0x0000000099f00000, 0x000000009a000000, 0x000000009a000000|100%| E|CS|TAMS 0x0000000099f00000| PB 0x0000000099f00000| Complete 
| 416|0x000000009a000000, 0x000000009a100000, 0x000000009a100000|100%| E|CS|TAMS 0x000000009a000000| PB 0x000000009a000000| Complete 
| 417|0x000000009a100000, 0x000000009a200000, 0x000000009a200000|100%| E|CS|TAMS 0x000000009a100000| PB 0x000000009a100000| Complete 
| 418|0x000000009a200000, 0x000000009a300000, 0x000000009a300000|100%| E|CS|TAMS 0x000000009a200000| PB 0x000000009a200000| Complete 
| 419|0x000000009a300000, 0x000000009a400000, 0x000000009a400000|100%| E|CS|TAMS 0x000000009a300000| PB 0x000000009a300000| Complete 
| 420|0x000000009a400000, 0x000000009a500000, 0x000000009a500000|100%| E|CS|TAMS 0x000000009a400000| PB 0x000000009a400000| Complete 
| 421|0x000000009a500000, 0x000000009a600000, 0x000000009a600000|100%| E|CS|TAMS 0x000000009a500000| PB 0x000000009a500000| Complete 
| 422|0x000000009a600000, 0x000000009a700000, 0x000000009a700000|100%| E|CS|TAMS 0x000000009a600000| PB 0x000000009a600000| Complete 
| 423|0x000000009a700000, 0x000000009a800000, 0x000000009a800000|100%| E|CS|TAMS 0x000000009a700000| PB 0x000000009a700000| Complete 
| 424|0x000000009a800000, 0x000000009a900000, 0x000000009a900000|100%| E|CS|TAMS 0x000000009a800000| PB 0x000000009a800000| Complete 
| 425|0x000000009a900000, 0x000000009aa00000, 0x000000009aa00000|100%| E|CS|TAMS 0x000000009a900000| PB 0x000000009a900000| Complete 
| 426|0x000000009aa00000, 0x000000009ab00000, 0x000000009ab00000|100%| E|CS|TAMS 0x000000009aa00000| PB 0x000000009aa00000| Complete 
| 427|0x000000009ab00000, 0x000000009ac00000, 0x000000009ac00000|100%| E|CS|TAMS 0x000000009ab00000| PB 0x000000009ab00000| Complete 
| 428|0x000000009ac00000, 0x000000009ad00000, 0x000000009ad00000|100%| E|CS|TAMS 0x000000009ac00000| PB 0x000000009ac00000| Complete 
| 429|0x000000009ad00000, 0x000000009ae00000, 0x000000009ae00000|100%| E|CS|TAMS 0x000000009ad00000| PB 0x000000009ad00000| Complete 
| 430|0x000000009ae00000, 0x000000009af00000, 0x000000009af00000|100%| E|CS|TAMS 0x000000009ae00000| PB 0x000000009ae00000| Complete 
| 431|0x000000009af00000, 0x000000009b000000, 0x000000009b000000|100%| E|CS|TAMS 0x000000009af00000| PB 0x000000009af00000| Complete 
| 432|0x000000009b000000, 0x000000009b100000, 0x000000009b100000|100%| E|CS|TAMS 0x000000009b000000| PB 0x000000009b000000| Complete 
| 433|0x000000009b100000, 0x000000009b200000, 0x000000009b200000|100%| E|CS|TAMS 0x000000009b100000| PB 0x000000009b100000| Complete 
| 434|0x000000009b200000, 0x000000009b300000, 0x000000009b300000|100%| E|CS|TAMS 0x000000009b200000| PB 0x000000009b200000| Complete 
| 435|0x000000009b300000, 0x000000009b400000, 0x000000009b400000|100%| E|CS|TAMS 0x000000009b300000| PB 0x000000009b300000| Complete 
| 436|0x000000009b400000, 0x000000009b500000, 0x000000009b500000|100%| E|CS|TAMS 0x000000009b400000| PB 0x000000009b400000| Complete 
| 437|0x000000009b500000, 0x000000009b600000, 0x000000009b600000|100%| E|CS|TAMS 0x000000009b500000| PB 0x000000009b500000| Complete 
| 438|0x000000009b600000, 0x000000009b700000, 0x000000009b700000|100%| E|CS|TAMS 0x000000009b600000| PB 0x000000009b600000| Complete 
| 439|0x000000009b700000, 0x000000009b800000, 0x000000009b800000|100%| E|CS|TAMS 0x000000009b700000| PB 0x000000009b700000| Complete 
| 440|0x000000009b800000, 0x000000009b900000, 0x000000009b900000|100%| E|CS|TAMS 0x000000009b800000| PB 0x000000009b800000| Complete 
| 441|0x000000009b900000, 0x000000009ba00000, 0x000000009ba00000|100%| E|CS|TAMS 0x000000009b900000| PB 0x000000009b900000| Complete 
| 442|0x000000009ba00000, 0x000000009bb00000, 0x000000009bb00000|100%| E|CS|TAMS 0x000000009ba00000| PB 0x000000009ba00000| Complete 
| 443|0x000000009bb00000, 0x000000009bc00000, 0x000000009bc00000|100%| E|CS|TAMS 0x000000009bb00000| PB 0x000000009bb00000| Complete 
| 444|0x000000009bc00000, 0x000000009bd00000, 0x000000009bd00000|100%| E|CS|TAMS 0x000000009bc00000| PB 0x000000009bc00000| Complete 
| 445|0x000000009bd00000, 0x000000009be00000, 0x000000009be00000|100%| E|CS|TAMS 0x000000009bd00000| PB 0x000000009bd00000| Complete 
| 446|0x000000009be00000, 0x000000009bf00000, 0x000000009bf00000|100%| E|CS|TAMS 0x000000009be00000| PB 0x000000009be00000| Complete 
| 447|0x000000009bf00000, 0x000000009c000000, 0x000000009c000000|100%| E|CS|TAMS 0x000000009bf00000| PB 0x000000009bf00000| Complete 
| 448|0x000000009c000000, 0x000000009c100000, 0x000000009c100000|100%| E|CS|TAMS 0x000000009c000000| PB 0x000000009c000000| Complete 
| 449|0x000000009c100000, 0x000000009c200000, 0x000000009c200000|100%| E|CS|TAMS 0x000000009c100000| PB 0x000000009c100000| Complete 
| 450|0x000000009c200000, 0x000000009c300000, 0x000000009c300000|100%| E|CS|TAMS 0x000000009c200000| PB 0x000000009c200000| Complete 
| 451|0x000000009c300000, 0x000000009c400000, 0x000000009c400000|100%| E|CS|TAMS 0x000000009c300000| PB 0x000000009c300000| Complete 
| 452|0x000000009c400000, 0x000000009c500000, 0x000000009c500000|100%| E|CS|TAMS 0x000000009c400000| PB 0x000000009c400000| Complete 
| 453|0x000000009c500000, 0x000000009c600000, 0x000000009c600000|100%| E|CS|TAMS 0x000000009c500000| PB 0x000000009c500000| Complete 
| 454|0x000000009c600000, 0x000000009c700000, 0x000000009c700000|100%| E|CS|TAMS 0x000000009c600000| PB 0x000000009c600000| Complete 
| 455|0x000000009c700000, 0x000000009c800000, 0x000000009c800000|100%| E|CS|TAMS 0x000000009c700000| PB 0x000000009c700000| Complete 
| 456|0x000000009c800000, 0x000000009c900000, 0x000000009c900000|100%| E|CS|TAMS 0x000000009c800000| PB 0x000000009c800000| Complete 
| 457|0x000000009c900000, 0x000000009ca00000, 0x000000009ca00000|100%| E|CS|TAMS 0x000000009c900000| PB 0x000000009c900000| Complete 
| 458|0x000000009ca00000, 0x000000009cb00000, 0x000000009cb00000|100%| E|  |TAMS 0x000000009ca00000| PB 0x000000009ca00000| Complete 
| 459|0x000000009cb00000, 0x000000009cc00000, 0x000000009cc00000|100%| E|CS|TAMS 0x000000009cb00000| PB 0x000000009cb00000| Complete 
| 460|0x000000009cc00000, 0x000000009cd00000, 0x000000009cd00000|100%| E|CS|TAMS 0x000000009cc00000| PB 0x000000009cc00000| Complete 
| 461|0x000000009cd00000, 0x000000009ce00000, 0x000000009ce00000|100%| E|CS|TAMS 0x000000009cd00000| PB 0x000000009cd00000| Complete 
| 462|0x000000009ce00000, 0x000000009cf00000, 0x000000009cf00000|100%| E|CS|TAMS 0x000000009ce00000| PB 0x000000009ce00000| Complete 
| 463|0x000000009cf00000, 0x000000009d000000, 0x000000009d000000|100%| E|CS|TAMS 0x000000009cf00000| PB 0x000000009cf00000| Complete 
| 464|0x000000009d000000, 0x000000009d100000, 0x000000009d100000|100%| E|CS|TAMS 0x000000009d000000| PB 0x000000009d000000| Complete 
| 465|0x000000009d100000, 0x000000009d200000, 0x000000009d200000|100%| E|CS|TAMS 0x000000009d100000| PB 0x000000009d100000| Complete 
| 466|0x000000009d200000, 0x000000009d300000, 0x000000009d300000|100%| E|CS|TAMS 0x000000009d200000| PB 0x000000009d200000| Complete 
| 467|0x000000009d300000, 0x000000009d400000, 0x000000009d400000|100%| E|CS|TAMS 0x000000009d300000| PB 0x000000009d300000| Complete 
| 468|0x000000009d400000, 0x000000009d500000, 0x000000009d500000|100%| E|CS|TAMS 0x000000009d400000| PB 0x000000009d400000| Complete 
| 469|0x000000009d500000, 0x000000009d600000, 0x000000009d600000|100%| E|CS|TAMS 0x000000009d500000| PB 0x000000009d500000| Complete 
| 470|0x000000009d600000, 0x000000009d700000, 0x000000009d700000|100%| E|CS|TAMS 0x000000009d600000| PB 0x000000009d600000| Complete 
| 471|0x000000009d700000, 0x000000009d800000, 0x000000009d800000|100%| E|CS|TAMS 0x000000009d700000| PB 0x000000009d700000| Complete 
| 472|0x000000009d800000, 0x000000009d900000, 0x000000009d900000|100%| E|CS|TAMS 0x000000009d800000| PB 0x000000009d800000| Complete 
| 473|0x000000009d900000, 0x000000009da00000, 0x000000009da00000|100%| E|CS|TAMS 0x000000009d900000| PB 0x000000009d900000| Complete 
| 474|0x000000009da00000, 0x000000009db00000, 0x000000009db00000|100%| E|CS|TAMS 0x000000009da00000| PB 0x000000009da00000| Complete 
| 475|0x000000009db00000, 0x000000009dc00000, 0x000000009dc00000|100%| E|CS|TAMS 0x000000009db00000| PB 0x000000009db00000| Complete 
| 476|0x000000009dc00000, 0x000000009dd00000, 0x000000009dd00000|100%| E|CS|TAMS 0x000000009dc00000| PB 0x000000009dc00000| Complete 
| 477|0x000000009dd00000, 0x000000009de00000, 0x000000009de00000|100%| E|CS|TAMS 0x000000009dd00000| PB 0x000000009dd00000| Complete 
| 478|0x000000009de00000, 0x000000009df00000, 0x000000009df00000|100%| E|CS|TAMS 0x000000009de00000| PB 0x000000009de00000| Complete 
| 479|0x000000009df00000, 0x000000009e000000, 0x000000009e000000|100%| E|CS|TAMS 0x000000009df00000| PB 0x000000009df00000| Complete 
| 480|0x000000009e000000, 0x000000009e100000, 0x000000009e100000|100%| E|CS|TAMS 0x000000009e000000| PB 0x000000009e000000| Complete 
| 481|0x000000009e100000, 0x000000009e200000, 0x000000009e200000|100%| E|CS|TAMS 0x000000009e100000| PB 0x000000009e100000| Complete 
| 482|0x000000009e200000, 0x000000009e300000, 0x000000009e300000|100%| E|CS|TAMS 0x000000009e200000| PB 0x000000009e200000| Complete 
| 483|0x000000009e300000, 0x000000009e400000, 0x000000009e400000|100%| E|CS|TAMS 0x000000009e300000| PB 0x000000009e300000| Complete 
| 484|0x000000009e400000, 0x000000009e500000, 0x000000009e500000|100%| E|CS|TAMS 0x000000009e400000| PB 0x000000009e400000| Complete 
| 485|0x000000009e500000, 0x000000009e600000, 0x000000009e600000|100%| E|CS|TAMS 0x000000009e500000| PB 0x000000009e500000| Complete 
| 616|0x00000000a6800000, 0x00000000a6900000, 0x00000000a6900000|100%| E|CS|TAMS 0x00000000a6800000| PB 0x00000000a6800000| Complete 
| 617|0x00000000a6900000, 0x00000000a6a00000, 0x00000000a6a00000|100%| E|CS|TAMS 0x00000000a6900000| PB 0x00000000a6900000| Complete 
| 618|0x00000000a6a00000, 0x00000000a6b00000, 0x00000000a6b00000|100%| E|CS|TAMS 0x00000000a6a00000| PB 0x00000000a6a00000| Complete 
| 619|0x00000000a6b00000, 0x00000000a6c00000, 0x00000000a6c00000|100%| E|CS|TAMS 0x00000000a6b00000| PB 0x00000000a6b00000| Complete 
| 620|0x00000000a6c00000, 0x00000000a6d00000, 0x00000000a6d00000|100%| E|CS|TAMS 0x00000000a6c00000| PB 0x00000000a6c00000| Complete 
| 621|0x00000000a6d00000, 0x00000000a6e00000, 0x00000000a6e00000|100%| E|CS|TAMS 0x00000000a6d00000| PB 0x00000000a6d00000| Complete 
| 622|0x00000000a6e00000, 0x00000000a6f00000, 0x00000000a6f00000|100%| E|CS|TAMS 0x00000000a6e00000| PB 0x00000000a6e00000| Complete 
| 623|0x00000000a6f00000, 0x00000000a7000000, 0x00000000a7000000|100%| E|CS|TAMS 0x00000000a6f00000| PB 0x00000000a6f00000| Complete 
| 624|0x00000000a7000000, 0x00000000a7100000, 0x00000000a7100000|100%| E|CS|TAMS 0x00000000a7000000| PB 0x00000000a7000000| Complete 
| 625|0x00000000a7100000, 0x00000000a7200000, 0x00000000a7200000|100%| E|CS|TAMS 0x00000000a7100000| PB 0x00000000a7100000| Complete 
| 626|0x00000000a7200000, 0x00000000a7300000, 0x00000000a7300000|100%| E|CS|TAMS 0x00000000a7200000| PB 0x00000000a7200000| Complete 
| 627|0x00000000a7300000, 0x00000000a7400000, 0x00000000a7400000|100%| E|CS|TAMS 0x00000000a7300000| PB 0x00000000a7300000| Complete 
| 628|0x00000000a7400000, 0x00000000a7500000, 0x00000000a7500000|100%| E|CS|TAMS 0x00000000a7400000| PB 0x00000000a7400000| Complete 
| 629|0x00000000a7500000, 0x00000000a7600000, 0x00000000a7600000|100%| E|CS|TAMS 0x00000000a7500000| PB 0x00000000a7500000| Complete 
| 630|0x00000000a7600000, 0x00000000a7700000, 0x00000000a7700000|100%| E|CS|TAMS 0x00000000a7600000| PB 0x00000000a7600000| Complete 
| 631|0x00000000a7700000, 0x00000000a7800000, 0x00000000a7800000|100%| E|CS|TAMS 0x00000000a7700000| PB 0x00000000a7700000| Complete 
| 632|0x00000000a7800000, 0x00000000a7900000, 0x00000000a7900000|100%| E|CS|TAMS 0x00000000a7800000| PB 0x00000000a7800000| Complete 
| 633|0x00000000a7900000, 0x00000000a7a00000, 0x00000000a7a00000|100%| E|CS|TAMS 0x00000000a7900000| PB 0x00000000a7900000| Complete 
| 634|0x00000000a7a00000, 0x00000000a7b00000, 0x00000000a7b00000|100%| E|CS|TAMS 0x00000000a7a00000| PB 0x00000000a7a00000| Complete 
| 635|0x00000000a7b00000, 0x00000000a7c00000, 0x00000000a7c00000|100%| E|CS|TAMS 0x00000000a7b00000| PB 0x00000000a7b00000| Complete 
| 636|0x00000000a7c00000, 0x00000000a7d00000, 0x00000000a7d00000|100%| E|CS|TAMS 0x00000000a7c00000| PB 0x00000000a7c00000| Complete 
| 637|0x00000000a7d00000, 0x00000000a7e00000, 0x00000000a7e00000|100%| E|CS|TAMS 0x00000000a7d00000| PB 0x00000000a7d00000| Complete 
| 638|0x00000000a7e00000, 0x00000000a7f00000, 0x00000000a7f00000|100%| E|CS|TAMS 0x00000000a7e00000| PB 0x00000000a7e00000| Complete 
| 639|0x00000000a7f00000, 0x00000000a8000000, 0x00000000a8000000|100%| E|CS|TAMS 0x00000000a7f00000| PB 0x00000000a7f00000| Complete 
| 640|0x00000000a8000000, 0x00000000a8100000, 0x00000000a8100000|100%| E|CS|TAMS 0x00000000a8000000| PB 0x00000000a8000000| Complete 
| 641|0x00000000a8100000, 0x00000000a8200000, 0x00000000a8200000|100%| E|CS|TAMS 0x00000000a8100000| PB 0x00000000a8100000| Complete 
| 642|0x00000000a8200000, 0x00000000a8300000, 0x00000000a8300000|100%| E|CS|TAMS 0x00000000a8200000| PB 0x00000000a8200000| Complete 
| 643|0x00000000a8300000, 0x00000000a8400000, 0x00000000a8400000|100%| E|CS|TAMS 0x00000000a8300000| PB 0x00000000a8300000| Complete 
| 644|0x00000000a8400000, 0x00000000a8500000, 0x00000000a8500000|100%| E|CS|TAMS 0x00000000a8400000| PB 0x00000000a8400000| Complete 
| 645|0x00000000a8500000, 0x00000000a8600000, 0x00000000a8600000|100%| E|CS|TAMS 0x00000000a8500000| PB 0x00000000a8500000| Complete 
| 646|0x00000000a8600000, 0x00000000a8700000, 0x00000000a8700000|100%| E|CS|TAMS 0x00000000a8600000| PB 0x00000000a8600000| Complete 
| 647|0x00000000a8700000, 0x00000000a8800000, 0x00000000a8800000|100%| E|CS|TAMS 0x00000000a8700000| PB 0x00000000a8700000| Complete 
| 648|0x00000000a8800000, 0x00000000a8900000, 0x00000000a8900000|100%| E|CS|TAMS 0x00000000a8800000| PB 0x00000000a8800000| Complete 
| 649|0x00000000a8900000, 0x00000000a8a00000, 0x00000000a8a00000|100%| E|CS|TAMS 0x00000000a8900000| PB 0x00000000a8900000| Complete 
| 650|0x00000000a8a00000, 0x00000000a8b00000, 0x00000000a8b00000|100%| E|CS|TAMS 0x00000000a8a00000| PB 0x00000000a8a00000| Complete 
| 651|0x00000000a8b00000, 0x00000000a8c00000, 0x00000000a8c00000|100%| E|CS|TAMS 0x00000000a8b00000| PB 0x00000000a8b00000| Complete 
| 652|0x00000000a8c00000, 0x00000000a8d00000, 0x00000000a8d00000|100%| E|CS|TAMS 0x00000000a8c00000| PB 0x00000000a8c00000| Complete 
| 653|0x00000000a8d00000, 0x00000000a8e00000, 0x00000000a8e00000|100%| E|CS|TAMS 0x00000000a8d00000| PB 0x00000000a8d00000| Complete 
| 654|0x00000000a8e00000, 0x00000000a8f00000, 0x00000000a8f00000|100%| E|CS|TAMS 0x00000000a8e00000| PB 0x00000000a8e00000| Complete 
| 655|0x00000000a8f00000, 0x00000000a9000000, 0x00000000a9000000|100%| E|CS|TAMS 0x00000000a8f00000| PB 0x00000000a8f00000| Complete 
| 656|0x00000000a9000000, 0x00000000a9100000, 0x00000000a9100000|100%| E|CS|TAMS 0x00000000a9000000| PB 0x00000000a9000000| Complete 
| 657|0x00000000a9100000, 0x00000000a9200000, 0x00000000a9200000|100%| E|CS|TAMS 0x00000000a9100000| PB 0x00000000a9100000| Complete 
| 658|0x00000000a9200000, 0x00000000a9300000, 0x00000000a9300000|100%| E|CS|TAMS 0x00000000a9200000| PB 0x00000000a9200000| Complete 
| 659|0x00000000a9300000, 0x00000000a9400000, 0x00000000a9400000|100%| E|CS|TAMS 0x00000000a9300000| PB 0x00000000a9300000| Complete 
| 660|0x00000000a9400000, 0x00000000a9500000, 0x00000000a9500000|100%| E|CS|TAMS 0x00000000a9400000| PB 0x00000000a9400000| Complete 
| 661|0x00000000a9500000, 0x00000000a9600000, 0x00000000a9600000|100%| E|CS|TAMS 0x00000000a9500000| PB 0x00000000a9500000| Complete 
| 662|0x00000000a9600000, 0x00000000a9700000, 0x00000000a9700000|100%| E|CS|TAMS 0x00000000a9600000| PB 0x00000000a9600000| Complete 
| 663|0x00000000a9700000, 0x00000000a9800000, 0x00000000a9800000|100%| E|CS|TAMS 0x00000000a9700000| PB 0x00000000a9700000| Complete 
| 664|0x00000000a9800000, 0x00000000a9900000, 0x00000000a9900000|100%| E|CS|TAMS 0x00000000a9800000| PB 0x00000000a9800000| Complete 
| 665|0x00000000a9900000, 0x00000000a9a00000, 0x00000000a9a00000|100%| E|CS|TAMS 0x00000000a9900000| PB 0x00000000a9900000| Complete 
| 666|0x00000000a9a00000, 0x00000000a9b00000, 0x00000000a9b00000|100%| E|CS|TAMS 0x00000000a9a00000| PB 0x00000000a9a00000| Complete 
| 667|0x00000000a9b00000, 0x00000000a9c00000, 0x00000000a9c00000|100%| E|CS|TAMS 0x00000000a9b00000| PB 0x00000000a9b00000| Complete 
| 668|0x00000000a9c00000, 0x00000000a9d00000, 0x00000000a9d00000|100%| E|CS|TAMS 0x00000000a9c00000| PB 0x00000000a9c00000| Complete 
| 669|0x00000000a9d00000, 0x00000000a9e00000, 0x00000000a9e00000|100%| E|CS|TAMS 0x00000000a9d00000| PB 0x00000000a9d00000| Complete 
| 670|0x00000000a9e00000, 0x00000000a9f00000, 0x00000000a9f00000|100%| E|CS|TAMS 0x00000000a9e00000| PB 0x00000000a9e00000| Complete 
| 671|0x00000000a9f00000, 0x00000000aa000000, 0x00000000aa000000|100%| E|CS|TAMS 0x00000000a9f00000| PB 0x00000000a9f00000| Complete 
| 672|0x00000000aa000000, 0x00000000aa100000, 0x00000000aa100000|100%| E|CS|TAMS 0x00000000aa000000| PB 0x00000000aa000000| Complete 
| 673|0x00000000aa100000, 0x00000000aa200000, 0x00000000aa200000|100%| E|CS|TAMS 0x00000000aa100000| PB 0x00000000aa100000| Complete 
| 674|0x00000000aa200000, 0x00000000aa300000, 0x00000000aa300000|100%| E|CS|TAMS 0x00000000aa200000| PB 0x00000000aa200000| Complete 
| 675|0x00000000aa300000, 0x00000000aa400000, 0x00000000aa400000|100%| E|CS|TAMS 0x00000000aa300000| PB 0x00000000aa300000| Complete 
| 676|0x00000000aa400000, 0x00000000aa500000, 0x00000000aa500000|100%| E|CS|TAMS 0x00000000aa400000| PB 0x00000000aa400000| Complete 
| 677|0x00000000aa500000, 0x00000000aa600000, 0x00000000aa600000|100%| E|CS|TAMS 0x00000000aa500000| PB 0x00000000aa500000| Complete 
| 678|0x00000000aa600000, 0x00000000aa700000, 0x00000000aa700000|100%| E|CS|TAMS 0x00000000aa600000| PB 0x00000000aa600000| Complete 
| 679|0x00000000aa700000, 0x00000000aa800000, 0x00000000aa800000|100%| E|CS|TAMS 0x00000000aa700000| PB 0x00000000aa700000| Complete 
| 680|0x00000000aa800000, 0x00000000aa900000, 0x00000000aa900000|100%| E|CS|TAMS 0x00000000aa800000| PB 0x00000000aa800000| Complete 
| 681|0x00000000aa900000, 0x00000000aaa00000, 0x00000000aaa00000|100%| E|CS|TAMS 0x00000000aa900000| PB 0x00000000aa900000| Complete 
| 682|0x00000000aaa00000, 0x00000000aab00000, 0x00000000aab00000|100%| E|CS|TAMS 0x00000000aaa00000| PB 0x00000000aaa00000| Complete 
| 683|0x00000000aab00000, 0x00000000aac00000, 0x00000000aac00000|100%| E|CS|TAMS 0x00000000aab00000| PB 0x00000000aab00000| Complete 
| 684|0x00000000aac00000, 0x00000000aad00000, 0x00000000aad00000|100%| E|CS|TAMS 0x00000000aac00000| PB 0x00000000aac00000| Complete 
| 685|0x00000000aad00000, 0x00000000aae00000, 0x00000000aae00000|100%| E|CS|TAMS 0x00000000aad00000| PB 0x00000000aad00000| Complete 
| 686|0x00000000aae00000, 0x00000000aaf00000, 0x00000000aaf00000|100%| E|CS|TAMS 0x00000000aae00000| PB 0x00000000aae00000| Complete 
| 687|0x00000000aaf00000, 0x00000000ab000000, 0x00000000ab000000|100%| E|CS|TAMS 0x00000000aaf00000| PB 0x00000000aaf00000| Complete 
| 688|0x00000000ab000000, 0x00000000ab100000, 0x00000000ab100000|100%| E|CS|TAMS 0x00000000ab000000| PB 0x00000000ab000000| Complete 
| 689|0x00000000ab100000, 0x00000000ab200000, 0x00000000ab200000|100%| E|CS|TAMS 0x00000000ab100000| PB 0x00000000ab100000| Complete 
| 690|0x00000000ab200000, 0x00000000ab300000, 0x00000000ab300000|100%| E|CS|TAMS 0x00000000ab200000| PB 0x00000000ab200000| Complete 
| 691|0x00000000ab300000, 0x00000000ab400000, 0x00000000ab400000|100%| E|CS|TAMS 0x00000000ab300000| PB 0x00000000ab300000| Complete 
| 692|0x00000000ab400000, 0x00000000ab500000, 0x00000000ab500000|100%| E|CS|TAMS 0x00000000ab400000| PB 0x00000000ab400000| Complete 
| 693|0x00000000ab500000, 0x00000000ab600000, 0x00000000ab600000|100%| E|CS|TAMS 0x00000000ab500000| PB 0x00000000ab500000| Complete 
| 694|0x00000000ab600000, 0x00000000ab700000, 0x00000000ab700000|100%| E|CS|TAMS 0x00000000ab600000| PB 0x00000000ab600000| Complete 
| 695|0x00000000ab700000, 0x00000000ab800000, 0x00000000ab800000|100%| E|CS|TAMS 0x00000000ab700000| PB 0x00000000ab700000| Complete 
| 696|0x00000000ab800000, 0x00000000ab900000, 0x00000000ab900000|100%| E|CS|TAMS 0x00000000ab800000| PB 0x00000000ab800000| Complete 
| 697|0x00000000ab900000, 0x00000000aba00000, 0x00000000aba00000|100%| E|CS|TAMS 0x00000000ab900000| PB 0x00000000ab900000| Complete 
| 698|0x00000000aba00000, 0x00000000abb00000, 0x00000000abb00000|100%| E|CS|TAMS 0x00000000aba00000| PB 0x00000000aba00000| Complete 
| 699|0x00000000abb00000, 0x00000000abc00000, 0x00000000abc00000|100%| E|CS|TAMS 0x00000000abb00000| PB 0x00000000abb00000| Complete 
| 700|0x00000000abc00000, 0x00000000abd00000, 0x00000000abd00000|100%| E|CS|TAMS 0x00000000abc00000| PB 0x00000000abc00000| Complete 
| 701|0x00000000abd00000, 0x00000000abe00000, 0x00000000abe00000|100%| E|CS|TAMS 0x00000000abd00000| PB 0x00000000abd00000| Complete 
| 702|0x00000000abe00000, 0x00000000abf00000, 0x00000000abf00000|100%| E|CS|TAMS 0x00000000abe00000| PB 0x00000000abe00000| Complete 
| 703|0x00000000abf00000, 0x00000000ac000000, 0x00000000ac000000|100%| E|CS|TAMS 0x00000000abf00000| PB 0x00000000abf00000| Complete 
| 704|0x00000000ac000000, 0x00000000ac100000, 0x00000000ac100000|100%| E|CS|TAMS 0x00000000ac000000| PB 0x00000000ac000000| Complete 
| 705|0x00000000ac100000, 0x00000000ac200000, 0x00000000ac200000|100%| E|CS|TAMS 0x00000000ac100000| PB 0x00000000ac100000| Complete 
| 706|0x00000000ac200000, 0x00000000ac300000, 0x00000000ac300000|100%| E|CS|TAMS 0x00000000ac200000| PB 0x00000000ac200000| Complete 
| 707|0x00000000ac300000, 0x00000000ac400000, 0x00000000ac400000|100%| E|CS|TAMS 0x00000000ac300000| PB 0x00000000ac300000| Complete 
| 708|0x00000000ac400000, 0x00000000ac500000, 0x00000000ac500000|100%| E|CS|TAMS 0x00000000ac400000| PB 0x00000000ac400000| Complete 
| 709|0x00000000ac500000, 0x00000000ac600000, 0x00000000ac600000|100%| E|CS|TAMS 0x00000000ac500000| PB 0x00000000ac500000| Complete 
| 710|0x00000000ac600000, 0x00000000ac700000, 0x00000000ac700000|100%| E|CS|TAMS 0x00000000ac600000| PB 0x00000000ac600000| Complete 
| 711|0x00000000ac700000, 0x00000000ac800000, 0x00000000ac800000|100%| E|CS|TAMS 0x00000000ac700000| PB 0x00000000ac700000| Complete 
| 712|0x00000000ac800000, 0x00000000ac900000, 0x00000000ac900000|100%| E|CS|TAMS 0x00000000ac800000| PB 0x00000000ac800000| Complete 
| 713|0x00000000ac900000, 0x00000000aca00000, 0x00000000aca00000|100%| E|CS|TAMS 0x00000000ac900000| PB 0x00000000ac900000| Complete 
| 714|0x00000000aca00000, 0x00000000acb00000, 0x00000000acb00000|100%| E|CS|TAMS 0x00000000aca00000| PB 0x00000000aca00000| Complete 
| 715|0x00000000acb00000, 0x00000000acc00000, 0x00000000acc00000|100%| E|CS|TAMS 0x00000000acb00000| PB 0x00000000acb00000| Complete 
| 716|0x00000000acc00000, 0x00000000acd00000, 0x00000000acd00000|100%| E|CS|TAMS 0x00000000acc00000| PB 0x00000000acc00000| Complete 
| 717|0x00000000acd00000, 0x00000000ace00000, 0x00000000ace00000|100%| E|CS|TAMS 0x00000000acd00000| PB 0x00000000acd00000| Complete 
| 718|0x00000000ace00000, 0x00000000acf00000, 0x00000000acf00000|100%| E|CS|TAMS 0x00000000ace00000| PB 0x00000000ace00000| Complete 
| 719|0x00000000acf00000, 0x00000000ad000000, 0x00000000ad000000|100%| E|CS|TAMS 0x00000000acf00000| PB 0x00000000acf00000| Complete 
| 720|0x00000000ad000000, 0x00000000ad100000, 0x00000000ad100000|100%| E|CS|TAMS 0x00000000ad000000| PB 0x00000000ad000000| Complete 
| 721|0x00000000ad100000, 0x00000000ad200000, 0x00000000ad200000|100%| E|CS|TAMS 0x00000000ad100000| PB 0x00000000ad100000| Complete 
| 722|0x00000000ad200000, 0x00000000ad300000, 0x00000000ad300000|100%| E|CS|TAMS 0x00000000ad200000| PB 0x00000000ad200000| Complete 
| 723|0x00000000ad300000, 0x00000000ad400000, 0x00000000ad400000|100%| E|CS|TAMS 0x00000000ad300000| PB 0x00000000ad300000| Complete 
| 724|0x00000000ad400000, 0x00000000ad500000, 0x00000000ad500000|100%| E|CS|TAMS 0x00000000ad400000| PB 0x00000000ad400000| Complete 
| 725|0x00000000ad500000, 0x00000000ad600000, 0x00000000ad600000|100%| E|CS|TAMS 0x00000000ad500000| PB 0x00000000ad500000| Complete 
| 726|0x00000000ad600000, 0x00000000ad700000, 0x00000000ad700000|100%| E|CS|TAMS 0x00000000ad600000| PB 0x00000000ad600000| Complete 
| 727|0x00000000ad700000, 0x00000000ad800000, 0x00000000ad800000|100%| E|CS|TAMS 0x00000000ad700000| PB 0x00000000ad700000| Complete 
| 728|0x00000000ad800000, 0x00000000ad900000, 0x00000000ad900000|100%| E|CS|TAMS 0x00000000ad800000| PB 0x00000000ad800000| Complete 
| 729|0x00000000ad900000, 0x00000000ada00000, 0x00000000ada00000|100%| E|CS|TAMS 0x00000000ad900000| PB 0x00000000ad900000| Complete 
| 730|0x00000000ada00000, 0x00000000adb00000, 0x00000000adb00000|100%| E|CS|TAMS 0x00000000ada00000| PB 0x00000000ada00000| Complete 
| 731|0x00000000adb00000, 0x00000000adc00000, 0x00000000adc00000|100%| E|CS|TAMS 0x00000000adb00000| PB 0x00000000adb00000| Complete 
| 732|0x00000000adc00000, 0x00000000add00000, 0x00000000add00000|100%| E|CS|TAMS 0x00000000adc00000| PB 0x00000000adc00000| Complete 
| 733|0x00000000add00000, 0x00000000ade00000, 0x00000000ade00000|100%| E|CS|TAMS 0x00000000add00000| PB 0x00000000add00000| Complete 
| 734|0x00000000ade00000, 0x00000000adf00000, 0x00000000adf00000|100%| E|CS|TAMS 0x00000000ade00000| PB 0x00000000ade00000| Complete 
| 735|0x00000000adf00000, 0x00000000ae000000, 0x00000000ae000000|100%| E|CS|TAMS 0x00000000adf00000| PB 0x00000000adf00000| Complete 
| 736|0x00000000ae000000, 0x00000000ae100000, 0x00000000ae100000|100%| E|CS|TAMS 0x00000000ae000000| PB 0x00000000ae000000| Complete 
| 737|0x00000000ae100000, 0x00000000ae200000, 0x00000000ae200000|100%| E|CS|TAMS 0x00000000ae100000| PB 0x00000000ae100000| Complete 
|1058|0x00000000c2200000, 0x00000000c2300000, 0x00000000c2300000|100%| E|CS|TAMS 0x00000000c2200000| PB 0x00000000c2200000| Complete 
|1059|0x00000000c2300000, 0x00000000c2400000, 0x00000000c2400000|100%| E|CS|TAMS 0x00000000c2300000| PB 0x00000000c2300000| Complete 
|1060|0x00000000c2400000, 0x00000000c2500000, 0x00000000c2500000|100%| E|CS|TAMS 0x00000000c2400000| PB 0x00000000c2400000| Complete 
|1061|0x00000000c2500000, 0x00000000c2600000, 0x00000000c2600000|100%| E|CS|TAMS 0x00000000c2500000| PB 0x00000000c2500000| Complete 
|1062|0x00000000c2600000, 0x00000000c2700000, 0x00000000c2700000|100%| E|CS|TAMS 0x00000000c2600000| PB 0x00000000c2600000| Complete 
|1063|0x00000000c2700000, 0x00000000c2800000, 0x00000000c2800000|100%| E|CS|TAMS 0x00000000c2700000| PB 0x00000000c2700000| Complete 
|1064|0x00000000c2800000, 0x00000000c2900000, 0x00000000c2900000|100%| E|CS|TAMS 0x00000000c2800000| PB 0x00000000c2800000| Complete 
|1065|0x00000000c2900000, 0x00000000c2a00000, 0x00000000c2a00000|100%| E|CS|TAMS 0x00000000c2900000| PB 0x00000000c2900000| Complete 
|1066|0x00000000c2a00000, 0x00000000c2b00000, 0x00000000c2b00000|100%| E|CS|TAMS 0x00000000c2a00000| PB 0x00000000c2a00000| Complete 
|1067|0x00000000c2b00000, 0x00000000c2c00000, 0x00000000c2c00000|100%| E|CS|TAMS 0x00000000c2b00000| PB 0x00000000c2b00000| Complete 
|1068|0x00000000c2c00000, 0x00000000c2d00000, 0x00000000c2d00000|100%| E|CS|TAMS 0x00000000c2c00000| PB 0x00000000c2c00000| Complete 
|1069|0x00000000c2d00000, 0x00000000c2e00000, 0x00000000c2e00000|100%| E|CS|TAMS 0x00000000c2d00000| PB 0x00000000c2d00000| Complete 
|1070|0x00000000c2e00000, 0x00000000c2f00000, 0x00000000c2f00000|100%| E|CS|TAMS 0x00000000c2e00000| PB 0x00000000c2e00000| Complete 
|1071|0x00000000c2f00000, 0x00000000c3000000, 0x00000000c3000000|100%| E|CS|TAMS 0x00000000c2f00000| PB 0x00000000c2f00000| Complete 
|1072|0x00000000c3000000, 0x00000000c3100000, 0x00000000c3100000|100%| E|CS|TAMS 0x00000000c3000000| PB 0x00000000c3000000| Complete 
|1073|0x00000000c3100000, 0x00000000c3200000, 0x00000000c3200000|100%| E|CS|TAMS 0x00000000c3100000| PB 0x00000000c3100000| Complete 
|1074|0x00000000c3200000, 0x00000000c3300000, 0x00000000c3300000|100%| E|CS|TAMS 0x00000000c3200000| PB 0x00000000c3200000| Complete 
|1075|0x00000000c3300000, 0x00000000c3400000, 0x00000000c3400000|100%| E|CS|TAMS 0x00000000c3300000| PB 0x00000000c3300000| Complete 
|2036|0x00000000ff400000, 0x00000000ff500000, 0x00000000ff500000|100%| E|CS|TAMS 0x00000000ff400000| PB 0x00000000ff400000| Complete 
|2037|0x00000000ff500000, 0x00000000ff600000, 0x00000000ff600000|100%| E|CS|TAMS 0x00000000ff500000| PB 0x00000000ff500000| Complete 
|2038|0x00000000ff600000, 0x00000000ff700000, 0x00000000ff700000|100%| E|CS|TAMS 0x00000000ff600000| PB 0x00000000ff600000| Complete 
|2039|0x00000000ff700000, 0x00000000ff800000, 0x00000000ff800000|100%| E|CS|TAMS 0x00000000ff700000| PB 0x00000000ff700000| Complete 
|2040|0x00000000ff800000, 0x00000000ff900000, 0x00000000ff900000|100%| E|CS|TAMS 0x00000000ff800000| PB 0x00000000ff800000| Complete 
|2041|0x00000000ff900000, 0x00000000ffa00000, 0x00000000ffa00000|100%| E|CS|TAMS 0x00000000ff900000| PB 0x00000000ff900000| Complete 
|2042|0x00000000ffa00000, 0x00000000ffb00000, 0x00000000ffb00000|100%| E|CS|TAMS 0x00000000ffa00000| PB 0x00000000ffa00000| Complete 
|2043|0x00000000ffb00000, 0x00000000ffc00000, 0x00000000ffc00000|100%| E|CS|TAMS 0x00000000ffb00000| PB 0x00000000ffb00000| Complete 
|2044|0x00000000ffc00000, 0x00000000ffd00000, 0x00000000ffd00000|100%| E|CS|TAMS 0x00000000ffc00000| PB 0x00000000ffc00000| Complete 
|2045|0x00000000ffd00000, 0x00000000ffe00000, 0x00000000ffe00000|100%| E|CS|TAMS 0x00000000ffd00000| PB 0x00000000ffd00000| Complete 
|2046|0x00000000ffe00000, 0x00000000fff00000, 0x00000000fff00000|100%| E|CS|TAMS 0x00000000ffe00000| PB 0x00000000ffe00000| Complete 

Card table byte_map: [0x000002057e6c0000,0x000002057eac0000] _byte_map_base: 0x000002057e2c0000

Marking Bits: (CMBitMap*) 0x0000020569ace670
 Bits: [0x0000020500000000, 0x0000020502000000)

Polling page: 0x000002056e610000

Metaspace:

Usage:
  Non-class:    247.81 MB used.
      Class:     37.01 MB used.
       Both:    284.81 MB used.

Virtual space:
  Non-class space:      256.00 MB reserved,     248.62 MB ( 97%) committed,  4 nodes.
      Class space:        1.00 GB reserved,      37.81 MB (  4%) committed,  1 nodes.
             Both:        1.25 GB reserved,     286.44 MB ( 22%) committed. 

Chunk freelists:
   Non-Class:  6.66 MB
       Class:  10.07 MB
        Both:  16.73 MB

MaxMetaspaceSize: unlimited
CompressedClassSpaceSize: 1.00 GB
Initial GC threshold: 21.00 MB
Current GC threshold: 474.69 MB
CDS: off
 - commit_granule_bytes: 65536.
 - commit_granule_words: 8192.
 - virtual_space_node_default_size: 8388608.
 - enlarge_chunks_in_place: 1.
 - use_allocation_guard: 0.


Internal statistics:

num_allocs_failed_limit: 18.
num_arena_births: 5698.
num_arena_deaths: 2546.
num_vsnodes_births: 5.
num_vsnodes_deaths: 0.
num_space_committed: 4650.
num_space_uncommitted: 9.
num_chunks_returned_to_freelist: 3053.
num_chunks_taken_from_freelist: 18636.
num_chunk_merges: 1063.
num_chunk_splits: 12226.
num_chunks_enlarged: 9025.
num_inconsistent_stats: 0.

CodeHeap 'non-profiled nmethods': size=120000Kb used=26610Kb max_used=33256Kb free=93390Kb
 bounds [0x0000020576100000, 0x0000020578180000, 0x000002057d630000]
CodeHeap 'profiled nmethods': size=120000Kb used=52709Kb max_used=61481Kb free=67290Kb
 bounds [0x000002056e630000, 0x0000020572240000, 0x0000020575b60000]
CodeHeap 'non-nmethods': size=5760Kb used=2478Kb max_used=2536Kb free=3281Kb
 bounds [0x0000020575b60000, 0x0000020575de0000, 0x0000020576100000]
CodeCache: size=245760Kb, used=81797Kb, max_used=97273Kb, free=163961Kb
 total_blobs=26519, nmethods=25219, adapters=1199, full_count=0
Compilation: enabled, stopped_count=0, restarted_count=0

Compilation events (20 events):
Event: 2501.883 Thread 0x000002057f9e68f0 79414       3       org.gradle.api.internal.artifacts.configurations.DefaultConfiguration$DefaultResolutionHost::consolidateFailures (17 bytes)
Event: 2501.888 Thread 0x000002057f9e68f0 nmethod 79414 0x000002056fd5ae10 code [0x000002056fd5afe0, 0x000002056fd5b368]
Event: 2501.888 Thread 0x000002057f9e68f0 79415       3       org.gradle.api.internal.artifacts.ResolveExceptionMapper::mapFailures (96 bytes)
Event: 2501.891 Thread 0x000002057f9e68f0 nmethod 79415 0x000002056f8e2710 code [0x000002056f8e29c0, 0x000002056f8e3650]
Event: 2501.898 Thread 0x000002057f9e68f0 79416       3       org.gradle.internal.reflect.annotations.impl.DefaultTypeAnnotationMetadataStore$$Lambda/0x0000000100f43d18::<init> (20 bytes)
Event: 2501.900 Thread 0x000002057f9d30a0 nmethod 79412 0x0000020576251290 code [0x00000205762514c0, 0x0000020576251cf8]
Event: 2501.900 Thread 0x000002057f9d30a0 79419       4       org.gradle.internal.reflect.annotations.impl.DefaultPropertyAnnotationMetadata::<init> (12 bytes)
Event: 2501.902 Thread 0x000002057f9e68f0 nmethod 79416 0x000002056eebae10 code [0x000002056eebafc0, 0x000002056eebb240]
Event: 2501.902 Thread 0x000002057f9e68f0 79417       3       org.gradle.internal.reflect.annotations.impl.DefaultTypeAnnotationMetadataStore::inheritFunctionMethods (14 bytes)
Event: 2501.903 Thread 0x000002057f9d30a0 nmethod 79419 0x0000020576987310 code [0x00000205769874a0, 0x0000020576987630]
Event: 2501.903 Thread 0x000002057f9d30a0 79413       4       org.gradle.api.internal.artifacts.ivyservice.resolveengine.artifact.VariantResolvingArtifactSet::getOwnArtifacts (93 bytes)
Event: 2501.905 Thread 0x000002057f9e68f0 nmethod 79417 0x000002056f0dfe90 code [0x000002056f0e00a0, 0x000002056f0e0738]
Event: 2501.905 Thread 0x000002057f9e68f0 79418       3       org.gradle.internal.reflect.annotations.impl.DefaultTypeAnnotationMetadataStore$$Lambda/0x0000000100f441d8::<init> (20 bytes)
Event: 2501.905 Thread 0x000002057f9e68f0 nmethod 79418 0x000002056ef1db90 code [0x000002056ef1dd40, 0x000002056ef1dfc0]
Event: 2501.905 Thread 0x000002057f9e68f0 79420       3       com.google.common.collect.ImmutableBiMap::copyOf (31 bytes)
Event: 2501.908 Thread 0x000002057f9e68f0 nmethod 79420 0x000002056f1c4e90 code [0x000002056f1c5080, 0x000002056f1c5580]
Event: 2501.933 Thread 0x000002057f9e68f0 79422       3       java.lang.ThreadLocal::setCarrierThreadLocal (30 bytes)
Event: 2501.937 Thread 0x000002057f9e68f0 nmethod 79422 0x000002056fd9c490 code [0x000002056fd9c680, 0x000002056fd9ca60]
Event: 2501.963 Thread 0x000002057f9e68f0 79423   !   3       com.sun.org.apache.xerces.internal.jaxp.SAXParserFactoryImpl::newSAXParser (35 bytes)
Event: 2501.967 Thread 0x000002057f9e68f0 nmethod 79423 0x000002056fdb2d10 code [0x000002056fdb2ee0, 0x000002056fdb3260]

GC Heap History (20 events):
Event: 2475.660 GC heap before
{Heap before GC invocations=314 (full 0):
 garbage-first heap   total 846848K, used 766169K [0x0000000080000000, 0x0000000100000000)
  region size 1024K, 431 young (441344K), 8 survivors (8192K)
 Metaspace       used 276800K, committed 278464K, reserved 1310720K
  class space    used 36420K, committed 37248K, reserved 1048576K
}
Event: 2475.678 GC heap after
{Heap after GC invocations=315 (full 0):
 garbage-first heap   total 846848K, used 331952K [0x0000000080000000, 0x0000000100000000)
  region size 1024K, 9 young (9216K), 9 survivors (9216K)
 Metaspace       used 276800K, committed 278464K, reserved 1310720K
  class space    used 36420K, committed 37248K, reserved 1048576K
}
Event: 2477.219 GC heap before
{Heap before GC invocations=315 (full 0):
 garbage-first heap   total 846848K, used 783536K [0x0000000080000000, 0x0000000100000000)
  region size 1024K, 449 young (459776K), 9 survivors (9216K)
 Metaspace       used 278243K, committed 279936K, reserved 1310720K
  class space    used 36598K, committed 37440K, reserved 1048576K
}
Event: 2477.274 GC heap after
{Heap after GC invocations=316 (full 0):
 garbage-first heap   total 846848K, used 314112K [0x0000000080000000, 0x0000000100000000)
  region size 1024K, 11 young (11264K), 11 survivors (11264K)
 Metaspace       used 278243K, committed 279936K, reserved 1310720K
  class space    used 36598K, committed 37440K, reserved 1048576K
}
Event: 2479.393 GC heap before
{Heap before GC invocations=316 (full 0):
 garbage-first heap   total 846848K, used 404224K [0x0000000080000000, 0x0000000100000000)
  region size 1024K, 101 young (103424K), 11 survivors (11264K)
 Metaspace       used 278683K, committed 280320K, reserved 1310720K
  class space    used 36619K, committed 37440K, reserved 1048576K
}
Event: 2479.421 GC heap after
{Heap after GC invocations=317 (full 0):
 garbage-first heap   total 846848K, used 332580K [0x0000000080000000, 0x0000000100000000)
  region size 1024K, 29 young (29696K), 29 survivors (29696K)
 Metaspace       used 278683K, committed 280320K, reserved 1310720K
  class space    used 36619K, committed 37440K, reserved 1048576K
}
Event: 2483.675 GC heap before
{Heap before GC invocations=318 (full 0):
 garbage-first heap   total 846848K, used 744228K [0x0000000080000000, 0x0000000100000000)
  region size 1024K, 473 young (484352K), 29 survivors (29696K)
 Metaspace       used 283018K, committed 284672K, reserved 1310720K
  class space    used 37013K, committed 37824K, reserved 1048576K
}
Event: 2483.703 GC heap after
{Heap after GC invocations=319 (full 0):
 garbage-first heap   total 846848K, used 269745K [0x0000000080000000, 0x0000000100000000)
  region size 1024K, 15 young (15360K), 15 survivors (15360K)
 Metaspace       used 283018K, committed 284672K, reserved 1310720K
  class space    used 37013K, committed 37824K, reserved 1048576K
}
Event: 2487.051 GC heap before
{Heap before GC invocations=319 (full 0):
 garbage-first heap   total 846848K, used 765361K [0x0000000080000000, 0x0000000100000000)
  region size 1024K, 496 young (507904K), 15 survivors (15360K)
 Metaspace       used 288571K, committed 290240K, reserved 1310720K
  class space    used 37508K, committed 38336K, reserved 1048576K
}
Event: 2487.234 GC heap after
{Heap after GC invocations=320 (full 0):
 garbage-first heap   total 846848K, used 210805K [0x0000000080000000, 0x0000000100000000)
  region size 1024K, 20 young (20480K), 20 survivors (20480K)
 Metaspace       used 288571K, committed 290240K, reserved 1310720K
  class space    used 37508K, committed 38336K, reserved 1048576K
}
Event: 2489.691 GC heap before
{Heap before GC invocations=320 (full 0):
 garbage-first heap   total 846848K, used 697205K [0x0000000080000000, 0x0000000100000000)
  region size 1024K, 496 young (507904K), 20 survivors (20480K)
 Metaspace       used 288864K, committed 290496K, reserved 1310720K
  class space    used 37521K, committed 38336K, reserved 1048576K
}
Event: 2489.756 GC heap after
{Heap after GC invocations=321 (full 0):
 garbage-first heap   total 846848K, used 212664K [0x0000000080000000, 0x0000000100000000)
  region size 1024K, 24 young (24576K), 24 survivors (24576K)
 Metaspace       used 288864K, committed 290496K, reserved 1310720K
  class space    used 37521K, committed 38336K, reserved 1048576K
}
Event: 2490.760 GC heap before
{Heap before GC invocations=321 (full 0):
 garbage-first heap   total 846848K, used 694968K [0x0000000080000000, 0x0000000100000000)
  region size 1024K, 496 young (507904K), 24 survivors (24576K)
 Metaspace       used 288878K, committed 290560K, reserved 1310720K
  class space    used 37521K, committed 38336K, reserved 1048576K
}
Event: 2490.793 GC heap after
{Heap after GC invocations=322 (full 0):
 garbage-first heap   total 846848K, used 212558K [0x0000000080000000, 0x0000000100000000)
  region size 1024K, 24 young (24576K), 24 survivors (24576K)
 Metaspace       used 288878K, committed 290560K, reserved 1310720K
  class space    used 37521K, committed 38336K, reserved 1048576K
}
Event: 2491.889 GC heap before
{Heap before GC invocations=323 (full 0):
 garbage-first heap   total 713728K, used 614990K [0x0000000080000000, 0x0000000100000000)
  region size 1024K, 418 young (428032K), 24 survivors (24576K)
 Metaspace       used 288890K, committed 290560K, reserved 1310720K
  class space    used 37523K, committed 38336K, reserved 1048576K
}
Event: 2491.935 GC heap after
{Heap after GC invocations=324 (full 0):
 garbage-first heap   total 713728K, used 211043K [0x0000000080000000, 0x0000000100000000)
  region size 1024K, 23 young (23552K), 23 survivors (23552K)
 Metaspace       used 288890K, committed 290560K, reserved 1310720K
  class space    used 37523K, committed 38336K, reserved 1048576K
}
Event: 2498.279 GC heap before
{Heap before GC invocations=324 (full 0):
 garbage-first heap   total 713728K, used 616547K [0x0000000080000000, 0x0000000100000000)
  region size 1024K, 418 young (428032K), 23 survivors (23552K)
 Metaspace       used 289456K, committed 291136K, reserved 1310720K
  class space    used 37602K, committed 38464K, reserved 1048576K
}
Event: 2498.321 GC heap after
{Heap after GC invocations=325 (full 0):
 garbage-first heap   total 713728K, used 194337K [0x0000000080000000, 0x0000000100000000)
  region size 1024K, 19 young (19456K), 19 survivors (19456K)
 Metaspace       used 289456K, committed 291136K, reserved 1310720K
  class space    used 37602K, committed 38464K, reserved 1048576K
}
Event: 2499.185 GC heap before
{Heap before GC invocations=325 (full 0):
 garbage-first heap   total 713728K, used 601889K [0x0000000080000000, 0x0000000100000000)
  region size 1024K, 418 young (428032K), 19 survivors (19456K)
 Metaspace       used 289951K, committed 291648K, reserved 1310720K
  class space    used 37664K, committed 38528K, reserved 1048576K
}
Event: 2499.204 GC heap after
{Heap after GC invocations=326 (full 0):
 garbage-first heap   total 713728K, used 194786K [0x0000000080000000, 0x0000000100000000)
  region size 1024K, 20 young (20480K), 20 survivors (20480K)
 Metaspace       used 289951K, committed 291648K, reserved 1310720K
  class space    used 37664K, committed 38528K, reserved 1048576K
}

Dll operation events (3 events):
Event: 0.037 Loaded shared library D:\Studio_android\jbr\bin\java.dll
Event: 0.041 Loaded shared library D:\Studio_android\jbr\bin\zip.dll
Event: 0.675 Loaded shared library D:\Studio_android\jbr\bin\verify.dll

Deoptimization events (20 events):
Event: 2500.619 Thread 0x000002050c277900 DEOPT PACKING pc=0x00000205763dc0f0 sp=0x0000006610afa920
Event: 2500.619 Thread 0x000002050c277900 DEOPT UNPACKING pc=0x0000020575bb43a2 sp=0x0000006610afa870 mode 2
Event: 2500.619 Thread 0x000002050c277900 Uncommon trap: trap_request=0xffffffbe fr.pc=0x00000205763dc0f0 relative=0x00000000000024f0
Event: 2500.619 Thread 0x000002050c277900 Uncommon trap: reason=profile_predicate action=maybe_recompile pc=0x00000205763dc0f0 method=com.android.utils.PositionXmlParser.getPositionHelper(Lorg/w3c/dom/Node;II)Lcom/android/utils/PositionXmlParser$Position; @ 388 c2
Event: 2500.619 Thread 0x000002050c277900 DEOPT PACKING pc=0x00000205763dc0f0 sp=0x0000006610afa920
Event: 2500.619 Thread 0x000002050c277900 DEOPT UNPACKING pc=0x0000020575bb43a2 sp=0x0000006610afa870 mode 2
Event: 2500.621 Thread 0x000002050c277900 Uncommon trap: trap_request=0xffffffbe fr.pc=0x00000205763dc0f0 relative=0x00000000000024f0
Event: 2500.621 Thread 0x000002050c277900 Uncommon trap: reason=profile_predicate action=maybe_recompile pc=0x00000205763dc0f0 method=com.android.utils.PositionXmlParser.getPositionHelper(Lorg/w3c/dom/Node;II)Lcom/android/utils/PositionXmlParser$Position; @ 388 c2
Event: 2500.621 Thread 0x000002050c277900 DEOPT PACKING pc=0x00000205763dc0f0 sp=0x0000006610afa920
Event: 2500.621 Thread 0x000002050c277900 DEOPT UNPACKING pc=0x0000020575bb43a2 sp=0x0000006610afa870 mode 2
Event: 2500.621 Thread 0x000002050c277900 Uncommon trap: trap_request=0xffffffbe fr.pc=0x00000205763dc0f0 relative=0x00000000000024f0
Event: 2500.621 Thread 0x000002050c277900 Uncommon trap: reason=profile_predicate action=maybe_recompile pc=0x00000205763dc0f0 method=com.android.utils.PositionXmlParser.getPositionHelper(Lorg/w3c/dom/Node;II)Lcom/android/utils/PositionXmlParser$Position; @ 388 c2
Event: 2500.621 Thread 0x000002050c277900 DEOPT PACKING pc=0x00000205763dc0f0 sp=0x0000006610afa920
Event: 2500.621 Thread 0x000002050c277900 DEOPT UNPACKING pc=0x0000020575bb43a2 sp=0x0000006610afa870 mode 2
Event: 2501.750 Thread 0x000002050f500560 DEOPT PACKING pc=0x000002056ed89900 sp=0x00000066120fd780
Event: 2501.751 Thread 0x000002050f500560 DEOPT UNPACKING pc=0x0000020575bb4b42 sp=0x00000066120fcc60 mode 0
Event: 2501.811 Thread 0x00000205198ecb70 Uncommon trap: trap_request=0xffffffc6 fr.pc=0x0000020576d0c2f0 relative=0x00000000000003b0
Event: 2501.811 Thread 0x00000205198ecb70 Uncommon trap: reason=bimorphic_or_optimized_type_check action=maybe_recompile pc=0x0000020576d0c2f0 method=java.lang.reflect.AccessibleObject.checkCanSetAccessible(Ljava/lang/Class;Ljava/lang/Class;Z)Z @ 99 c2
Event: 2501.811 Thread 0x00000205198ecb70 DEOPT PACKING pc=0x0000020576d0c2f0 sp=0x00000066142fdb20
Event: 2501.811 Thread 0x00000205198ecb70 DEOPT UNPACKING pc=0x0000020575bb43a2 sp=0x00000066142fdaa8 mode 2

Classes loaded (20 events):
Event: 1858.995 Loading class java/rmi/server/Unreferenced
Event: 1859.004 Loading class java/rmi/server/Unreferenced done
Event: 2402.132 Loading class java/lang/annotation/IncompleteAnnotationException
Event: 2402.135 Loading class java/lang/annotation/IncompleteAnnotationException done
Event: 2402.655 Loading class java/lang/Throwable$PrintStreamOrWriter
Event: 2402.658 Loading class java/lang/Throwable$PrintStreamOrWriter done
Event: 2402.722 Loading class java/util/Collections$EmptyListIterator
Event: 2402.730 Loading class java/util/Collections$EmptyListIterator done
Event: 2402.912 Loading class java/net/UrlDeserializedState
Event: 2402.915 Loading class java/net/UrlDeserializedState done
Event: 2469.611 Loading class java/util/concurrent/ConcurrentLinkedDeque
Event: 2469.616 Loading class java/util/concurrent/ConcurrentLinkedDeque done
Event: 2469.616 Loading class java/util/concurrent/ConcurrentLinkedDeque$Node
Event: 2469.617 Loading class java/util/concurrent/ConcurrentLinkedDeque$Node done
Event: 2469.656 Loading class com/sun/org/apache/xerces/internal/dom/DeferredDOMImplementationImpl
Event: 2469.656 Loading class com/sun/org/apache/xerces/internal/dom/DeferredDOMImplementationImpl done
Event: 2479.702 Loading class java/lang/StringUTF16$CodePointsSpliterator
Event: 2479.702 Loading class java/util/Spliterators$2Adapter
Event: 2479.703 Loading class java/util/Spliterators$2Adapter done
Event: 2479.703 Loading class java/lang/StringUTF16$CodePointsSpliterator done

Classes unloaded (20 events):
Event: 2479.922 Thread 0x000002057f7abf10 Unloading class 0x0000000102159800 'java/lang/invoke/LambdaForm$MH+0x0000000102159800'
Event: 2479.922 Thread 0x000002057f7abf10 Unloading class 0x0000000102159400 'java/lang/invoke/LambdaForm$MH+0x0000000102159400'
Event: 2479.922 Thread 0x000002057f7abf10 Unloading class 0x0000000102159000 'java/lang/invoke/LambdaForm$MH+0x0000000102159000'
Event: 2479.922 Thread 0x000002057f7abf10 Unloading class 0x0000000102158800 'java/lang/invoke/LambdaForm$MH+0x0000000102158800'
Event: 2479.922 Thread 0x000002057f7abf10 Unloading class 0x0000000102128c00 'java/lang/invoke/LambdaForm$DMH+0x0000000102128c00'
Event: 2479.922 Thread 0x000002057f7abf10 Unloading class 0x0000000102128400 'java/lang/invoke/LambdaForm$DMH+0x0000000102128400'
Event: 2479.922 Thread 0x000002057f7abf10 Unloading class 0x0000000102128000 'java/lang/invoke/LambdaForm$DMH+0x0000000102128000'
Event: 2479.923 Thread 0x000002057f7abf10 Unloading class 0x0000000102101800 'jdk/internal/reflect/GeneratedSerializationConstructorAccessor155'
Event: 2479.923 Thread 0x000002057f7abf10 Unloading class 0x0000000102101400 'jdk/internal/reflect/GeneratedSerializationConstructorAccessor154'
Event: 2479.923 Thread 0x000002057f7abf10 Unloading class 0x0000000102101000 'jdk/internal/reflect/GeneratedSerializationConstructorAccessor153'
Event: 2479.923 Thread 0x000002057f7abf10 Unloading class 0x0000000102100c00 'jdk/internal/reflect/GeneratedSerializationConstructorAccessor152'
Event: 2479.923 Thread 0x000002057f7abf10 Unloading class 0x0000000102100400 'jdk/internal/reflect/GeneratedSerializationConstructorAccessor150'
Event: 2479.923 Thread 0x000002057f7abf10 Unloading class 0x0000000102100000 'jdk/internal/reflect/GeneratedSerializationConstructorAccessor149'
Event: 2479.923 Thread 0x000002057f7abf10 Unloading class 0x00000001020d0400 'jdk/internal/reflect/GeneratedSerializationConstructorAccessor137'
Event: 2479.923 Thread 0x000002057f7abf10 Unloading class 0x00000001020d0000 'jdk/internal/reflect/GeneratedSerializationConstructorAccessor136'
Event: 2479.923 Thread 0x000002057f7abf10 Unloading class 0x00000001020c5000 'jdk/internal/reflect/GeneratedSerializationConstructorAccessor135'
Event: 2479.923 Thread 0x000002057f7abf10 Unloading class 0x00000001020c4800 'jdk/internal/reflect/GeneratedSerializationConstructorAccessor134'
Event: 2479.924 Thread 0x000002057f7abf10 Unloading class 0x00000001020bc400 'java/lang/invoke/LambdaForm$MH+0x00000001020bc400'
Event: 2479.924 Thread 0x000002057f7abf10 Unloading class 0x00000001020bc000 'java/lang/invoke/LambdaForm$MH+0x00000001020bc000'
Event: 2479.924 Thread 0x000002057f7abf10 Unloading class 0x00000001018e8000 'java/lang/invoke/LambdaForm$MH+0x00000001018e8000'

Classes redefined (0 events):
No events

Internal exceptions (20 events):
Event: 2501.978 Thread 0x000002050ca0e6e0 Exception <a 'sun/nio/fs/WindowsException'{0x00000000a70528f8}> (0x00000000a70528f8) 
thrown [s\src\hotspot\share\prims\jni.cpp, line 537]
Event: 2501.979 Thread 0x000002050ca0e6e0 Exception <a 'sun/nio/fs/WindowsException'{0x00000000a7053a40}> (0x00000000a7053a40) 
thrown [s\src\hotspot\share\prims\jni.cpp, line 537]
Event: 2501.991 Thread 0x000002050ca0e6e0 Exception <a 'sun/nio/fs/WindowsException'{0x00000000a7055cf0}> (0x00000000a7055cf0) 
thrown [s\src\hotspot\share\prims\jni.cpp, line 537]
Event: 2501.995 Thread 0x000002051f07c0a0 Exception <a 'sun/nio/fs/WindowsException'{0x00000000a7291e28}> (0x00000000a7291e28) 
thrown [s\src\hotspot\share\prims\jni.cpp, line 537]
Event: 2502.001 Thread 0x000002051f07c0a0 Exception <a 'sun/nio/fs/WindowsException'{0x00000000a7069578}> (0x00000000a7069578) 
thrown [s\src\hotspot\share\prims\jni.cpp, line 537]
Event: 2502.049 Thread 0x000002050c277900 Exception <a 'sun/nio/fs/WindowsException'{0x00000000a763cee8}> (0x00000000a763cee8) 
thrown [s\src\hotspot\share\prims\jni.cpp, line 537]
Event: 2502.050 Thread 0x000002050c277900 Exception <a 'sun/nio/fs/WindowsException'{0x00000000a709cac0}> (0x00000000a709cac0) 
thrown [s\src\hotspot\share\prims\jni.cpp, line 537]
Event: 2502.051 Thread 0x000002050c277900 Exception <a 'sun/nio/fs/WindowsException'{0x00000000a70a5620}> (0x00000000a70a5620) 
thrown [s\src\hotspot\share\prims\jni.cpp, line 537]
Event: 2502.081 Thread 0x000002050c277900 Exception <a 'sun/nio/fs/WindowsException'{0x00000000a70c1ac0}> (0x00000000a70c1ac0) 
thrown [s\src\hotspot\share\prims\jni.cpp, line 537]
Event: 2502.115 Thread 0x000002051f07d450 Exception <a 'sun/nio/fs/WindowsException'{0x00000000a744d6a8}> (0x00000000a744d6a8) 
thrown [s\src\hotspot\share\prims\jni.cpp, line 537]
Event: 2502.116 Thread 0x000002051f07d450 Exception <a 'sun/nio/fs/WindowsException'{0x00000000a74564c8}> (0x00000000a74564c8) 
thrown [s\src\hotspot\share\prims\jni.cpp, line 537]
Event: 2502.138 Thread 0x000002051f07d450 Exception <a 'sun/nio/fs/WindowsException'{0x00000000a6f00900}> (0x00000000a6f00900) 
thrown [s\src\hotspot\share\prims\jni.cpp, line 537]
Event: 2502.141 Thread 0x000002051f07d450 Exception <a 'sun/nio/fs/WindowsException'{0x00000000a6f06fb0}> (0x00000000a6f06fb0) 
thrown [s\src\hotspot\share\prims\jni.cpp, line 537]
Event: 2502.145 Thread 0x000002051f07d450 Exception <a 'sun/nio/fs/WindowsException'{0x00000000a6f13f08}> (0x00000000a6f13f08) 
thrown [s\src\hotspot\share\prims\jni.cpp, line 537]
Event: 2502.146 Thread 0x000002051f07d450 Exception <a 'sun/nio/fs/WindowsException'{0x00000000a6f1b188}> (0x00000000a6f1b188) 
thrown [s\src\hotspot\share\prims\jni.cpp, line 537]
Event: 2502.146 Thread 0x000002051f07d450 Exception <a 'sun/nio/fs/WindowsException'{0x00000000a6f22eb0}> (0x00000000a6f22eb0) 
thrown [s\src\hotspot\share\prims\jni.cpp, line 537]
Event: 2502.146 Thread 0x000002051f07d450 Exception <a 'sun/nio/fs/WindowsException'{0x00000000a6f29948}> (0x00000000a6f29948) 
thrown [s\src\hotspot\share\prims\jni.cpp, line 537]
Event: 2502.147 Thread 0x000002051f07d450 Exception <a 'sun/nio/fs/WindowsException'{0x00000000a6f32d60}> (0x00000000a6f32d60) 
thrown [s\src\hotspot\share\prims\jni.cpp, line 537]
Event: 2502.162 Thread 0x000002050c277900 Exception <a 'sun/nio/fs/WindowsException'{0x00000000a70e8d70}> (0x00000000a70e8d70) 
thrown [s\src\hotspot\share\prims\jni.cpp, line 537]
Event: 2502.170 Thread 0x000002051aac4c80 Exception <a 'sun/nio/fs/WindowsException'{0x00000000a72285e8}> (0x00000000a72285e8) 
thrown [s\src\hotspot\share\prims\jni.cpp, line 537]

ZGC Phase Switch (0 events):
No events

VM Operations (20 events):
Event: 2493.953 Executing VM operation: Cleanup
Event: 2493.953 Executing VM operation: Cleanup done
Event: 2496.980 Executing VM operation: Cleanup
Event: 2496.980 Executing VM operation: Cleanup done
Event: 2497.990 Executing VM operation: Cleanup
Event: 2498.006 Executing VM operation: Cleanup done
Event: 2498.279 Executing VM operation: G1CollectForAllocation (G1 Evacuation Pause)
Event: 2498.321 Executing VM operation: G1CollectForAllocation (G1 Evacuation Pause) done
Event: 2499.185 Executing VM operation: G1CollectForAllocation (G1 Evacuation Pause)
Event: 2499.205 Executing VM operation: G1CollectForAllocation (G1 Evacuation Pause) done
Event: 2499.371 Executing VM operation: G1PauseRemark
Event: 2499.487 Executing VM operation: G1PauseRemark done
Event: 2499.648 Executing VM operation: G1PauseCleanup
Event: 2499.658 Executing VM operation: G1PauseCleanup done
Event: 2500.664 Executing VM operation: Cleanup
Event: 2500.680 Executing VM operation: Cleanup done
Event: 2500.687 Executing VM operation: HandshakeAllThreads (Deoptimize)
Event: 2500.688 Executing VM operation: HandshakeAllThreads (Deoptimize) done
Event: 2501.690 Executing VM operation: Cleanup
Event: 2501.722 Executing VM operation: Cleanup done

Memory protections (0 events):
No events

Nmethod flushes (20 events):
Event: 2499.474 Thread 0x000002057f7abf10 flushing  nmethod 0x000002056f2cef10
Event: 2499.474 Thread 0x000002057f7abf10 flushing  nmethod 0x000002056f974d90
Event: 2499.474 Thread 0x000002057f7abf10 flushing  nmethod 0x0000020570417e10
Event: 2499.474 Thread 0x000002057f7abf10 flushing  nmethod 0x0000020570450a90
Event: 2499.474 Thread 0x000002057f7abf10 flushing  nmethod 0x0000020570452c90
Event: 2499.474 Thread 0x000002057f7abf10 flushing  nmethod 0x000002057045e990
Event: 2499.474 Thread 0x000002057f7abf10 flushing  nmethod 0x000002057057f790
Event: 2499.474 Thread 0x000002057f7abf10 flushing  nmethod 0x0000020570811890
Event: 2499.474 Thread 0x000002057f7abf10 flushing  nmethod 0x000002057094c890
Event: 2499.474 Thread 0x000002057f7abf10 flushing  nmethod 0x0000020570968e90
Event: 2499.474 Thread 0x000002057f7abf10 flushing  nmethod 0x0000020570ebd310
Event: 2499.474 Thread 0x000002057f7abf10 flushing  nmethod 0x0000020570f17b10
Event: 2499.474 Thread 0x000002057f7abf10 flushing  nmethod 0x0000020570f18190
Event: 2499.474 Thread 0x000002057f7abf10 flushing  nmethod 0x0000020570f1b890
Event: 2499.474 Thread 0x000002057f7abf10 flushing  nmethod 0x0000020570fabc90
Event: 2499.474 Thread 0x000002057f7abf10 flushing  nmethod 0x0000020570faf710
Event: 2499.474 Thread 0x000002057f7abf10 flushing  nmethod 0x0000020571084610
Event: 2499.474 Thread 0x000002057f7abf10 flushing  nmethod 0x0000020571132990
Event: 2499.475 Thread 0x000002057f7abf10 flushing  nmethod 0x0000020571133d10
Event: 2499.475 Thread 0x000002057f7abf10 flushing  nmethod 0x0000020571136290

Events (20 events):
Event: 2498.869 Thread 0x000002050c277900 Thread added: 0x00000205198ea410
Event: 2498.870 Thread 0x000002050c277900 Thread added: 0x00000205198e96f0
Event: 2498.870 Thread 0x000002050c277900 Thread added: 0x00000205198e9d80
Event: 2498.870 Thread 0x000002050c277900 Thread added: 0x00000205198ebe50
Event: 2498.871 Thread 0x000002050c277900 Thread added: 0x00000205253bfe80
Event: 2498.871 Thread 0x000002050c277900 Thread added: 0x000002051ad0daa0
Event: 2498.872 Thread 0x000002050c277900 Thread added: 0x0000020529a1a3e0
Event: 2498.872 Thread 0x000002050c277900 Thread added: 0x0000020529a196c0
Event: 2498.872 Thread 0x000002050c277900 Thread added: 0x0000020529a19d50
Event: 2498.872 Thread 0x000002050c277900 Thread added: 0x0000020529a1aa70
Event: 2498.873 Thread 0x000002050c277900 Thread added: 0x0000020529a1b100
Event: 2499.050 Thread 0x0000020527b59870 Thread added: 0x00000205194e96c0
Event: 2500.043 Thread 0x0000020527b59870 Thread added: 0x00000205194ebe20
Event: 2501.905 Thread 0x000002050c277900 Thread added: 0x0000020527220be0
Event: 2501.907 Thread 0x000002050c277900 Thread added: 0x0000020527222620
Event: 2501.907 Thread 0x000002050c277900 Thread added: 0x0000020527221270
Event: 2501.910 Thread 0x000002050c277900 Thread added: 0x00000205264f1000
Event: 2501.910 Thread 0x000002050c277900 Thread added: 0x000002051f07cdc0
Event: 2501.910 Thread 0x000002050c277900 Thread added: 0x000002051f07d450
Event: 2501.910 Thread 0x000002050c277900 Thread added: 0x000002051f07c0a0


Dynamic libraries:
0x00007ff7c5080000 - 0x00007ff7c508a000 	D:\Studio_android\jbr\bin\java.exe
0x00007ffdbcb80000 - 0x00007ffdbcde7000 	C:\WINDOWS\SYSTEM32\ntdll.dll
0x00007ffdbb580000 - 0x00007ffdbb649000 	C:\WINDOWS\System32\KERNEL32.DLL
0x00007ffdb9640000 - 0x00007ffdb9a37000 	C:\WINDOWS\System32\KERNELBASE.dll
0x00007ffdb9be0000 - 0x00007ffdb9d2b000 	C:\WINDOWS\System32\ucrtbase.dll
0x00007ffd8c230000 - 0x00007ffd8c248000 	D:\Studio_android\jbr\bin\jli.dll
0x00007ffd97840000 - 0x00007ffd9785b000 	D:\Studio_android\jbr\bin\VCRUNTIME140.dll
0x00007ffdbaa90000 - 0x00007ffdbac56000 	C:\WINDOWS\System32\USER32.dll
0x00007ffdb9a40000 - 0x00007ffdb9a67000 	C:\WINDOWS\System32\win32u.dll
0x00007ffdaa200000 - 0x00007ffdaa492000 	C:\WINDOWS\WinSxS\amd64_microsoft.windows.common-controls_6595b64144ccf1df_6.0.26100.8457_none_3e0b2faee331e92d\COMCTL32.dll
0x00007ffdba9e0000 - 0x00007ffdbaa89000 	C:\WINDOWS\System32\msvcrt.dll
0x00007ffdbc9c0000 - 0x00007ffdbc9eb000 	C:\WINDOWS\System32\GDI32.dll
0x00007ffdb9d30000 - 0x00007ffdb9e5c000 	C:\WINDOWS\System32\gdi32full.dll
0x00007ffdb9b30000 - 0x00007ffdb9bd3000 	C:\WINDOWS\System32\msvcp_win.dll
0x00007ffdbcb00000 - 0x00007ffdbcb32000 	C:\WINDOWS\System32\IMM32.DLL
0x00007ffdae780000 - 0x00007ffdae78c000 	D:\Studio_android\jbr\bin\vcruntime140_1.dll
0x00007ffd773a0000 - 0x00007ffd7742d000 	D:\Studio_android\jbr\bin\msvcp140.dll
0x00007ffd0b780000 - 0x00007ffd0c416000 	D:\Studio_android\jbr\bin\server\jvm.dll
0x00007ffdbb860000 - 0x00007ffdbb916000 	C:\WINDOWS\System32\ADVAPI32.dll
0x00007ffdbc910000 - 0x00007ffdbc9b7000 	C:\WINDOWS\System32\sechost.dll
0x00007ffdbb3d0000 - 0x00007ffdbb4e8000 	C:\WINDOWS\System32\RPCRT4.dll
0x00007ffdbb4f0000 - 0x00007ffdbb570000 	C:\WINDOWS\System32\WS2_32.dll
0x00007ffdb9410000 - 0x00007ffdb946e000 	C:\WINDOWS\SYSTEM32\POWRPROF.dll
0x00007ffdb7150000 - 0x00007ffdb7186000 	C:\WINDOWS\SYSTEM32\WINMM.dll
0x00007ffdb1b00000 - 0x00007ffdb1b0b000 	C:\WINDOWS\SYSTEM32\VERSION.dll
0x00007ffdb93f0000 - 0x00007ffdb9404000 	C:\WINDOWS\SYSTEM32\UMPDC.dll
0x00007ffdb8340000 - 0x00007ffdb835b000 	C:\WINDOWS\SYSTEM32\kernel.appcore.dll
0x00007ffda6850000 - 0x00007ffda685a000 	D:\Studio_android\jbr\bin\jimage.dll
0x00007ffdb7580000 - 0x00007ffdb77c2000 	C:\WINDOWS\SYSTEM32\DBGHELP.DLL
0x00007ffdbacd0000 - 0x00007ffdbb053000 	C:\WINDOWS\System32\combase.dll
0x00007ffdbb1e0000 - 0x00007ffdbb2b9000 	C:\WINDOWS\System32\OLEAUT32.dll
0x00007ffdb7110000 - 0x00007ffdb714b000 	C:\WINDOWS\SYSTEM32\dbgcore.DLL
0x00007ffdb9fe0000 - 0x00007ffdba088000 	C:\WINDOWS\System32\bcryptPrimitives.dll
0x00007ffdb3890000 - 0x00007ffdb389e000 	D:\Studio_android\jbr\bin\instrument.dll
0x00007ffd7bb10000 - 0x00007ffd7bb30000 	D:\Studio_android\jbr\bin\java.dll
0x00007ffd7baf0000 - 0x00007ffd7bb08000 	D:\Studio_android\jbr\bin\zip.dll
0x00007ffdbbfb0000 - 0x00007ffdbc71e000 	C:\WINDOWS\System32\SHELL32.dll
0x00007ffdba090000 - 0x00007ffdba8fc000 	C:\WINDOWS\System32\windows.storage.dll
0x00007ffdbca00000 - 0x00007ffdbcaf6000 	C:\WINDOWS\System32\SHCORE.dll
0x00007ffdbac60000 - 0x00007ffdbacc6000 	C:\WINDOWS\System32\shlwapi.dll
0x00007ffdb94d0000 - 0x00007ffdb94f9000 	C:\WINDOWS\SYSTEM32\profapi.dll
0x00007ffda67e0000 - 0x00007ffda67f0000 	D:\Studio_android\jbr\bin\net.dll
0x00007ffdae8e0000 - 0x00007ffdaea09000 	C:\WINDOWS\SYSTEM32\WINHTTP.dll
0x00007ffdb88b0000 - 0x00007ffdb891c000 	C:\WINDOWS\system32\mswsock.dll
0x00007ffd7b050000 - 0x00007ffd7b066000 	D:\Studio_android\jbr\bin\nio.dll
0x00007ffdb38f0000 - 0x00007ffdb3900000 	D:\Studio_android\jbr\bin\verify.dll
0x00007ffd77470000 - 0x00007ffd77497000 	C:\Users\lokes\.gradle\native\660c5614fbf4a5f2a75b1949f50a0caf5cd603558e7d8a26e50b933a0cfb79d1\windows-amd64\native-platform.dll
0x00007ffd521f0000 - 0x00007ffd52267000 	C:\Users\lokes\.gradle\native\0.2.8\x86_64-windows-gnu\gradle-fileevents.dll
0x00007ffdb3970000 - 0x00007ffdb3979000 	D:\Studio_android\jbr\bin\management.dll
0x00007ffdb3960000 - 0x00007ffdb396b000 	D:\Studio_android\jbr\bin\management_ext.dll
0x00007ffdbb650000 - 0x00007ffdbb658000 	C:\WINDOWS\System32\PSAPI.DLL
0x00007ffdb7e80000 - 0x00007ffdb7eb2000 	C:\WINDOWS\SYSTEM32\IPHLPAPI.DLL
0x00007ffdba950000 - 0x00007ffdba95a000 	C:\WINDOWS\System32\NSI.dll
0x00007ffda6790000 - 0x00007ffda6799000 	D:\Studio_android\jbr\bin\extnet.dll
0x00007ffdb8b90000 - 0x00007ffdb8bab000 	C:\WINDOWS\SYSTEM32\CRYPTSP.dll
0x00007ffdb82a0000 - 0x00007ffdb82d9000 	C:\WINDOWS\system32\rsaenh.dll
0x00007ffdb8960000 - 0x00007ffdb8993000 	C:\WINDOWS\SYSTEM32\USERENV.dll
0x00007ffdb94a0000 - 0x00007ffdb94ca000 	C:\WINDOWS\SYSTEM32\bcrypt.dll
0x00007ffdb8bb0000 - 0x00007ffdb8bbc000 	C:\WINDOWS\SYSTEM32\CRYPTBASE.dll
0x00007ffd55cf0000 - 0x00007ffd55cf8000 	C:\WINDOWS\system32\wshunix.dll
0x00007ffdb7ec0000 - 0x00007ffdb7ff2000 	C:\WINDOWS\SYSTEM32\DNSAPI.dll
0x00007ffdae8d0000 - 0x00007ffdae8db000 	C:\Windows\System32\rasadhlp.dll
0x00007ffdb2520000 - 0x00007ffdb25a6000 	C:\WINDOWS\System32\fwpuclnt.dll
0x00007ffdb3880000 - 0x00007ffdb3887000 	D:\Studio_android\jbr\bin\rmi.dll
0x00007ffdb66d0000 - 0x00007ffdb6770000 	C:\WINDOWS\system32\apphelp.dll
0x00007ffdb8460000 - 0x00007ffdb8496000 	C:\WINDOWS\SYSTEM32\ntmarta.dll

JVMTI agents:
C:\Users\lokes\.gradle\wrapper\dists\gradle-9.3.1-bin\23ovyewtku6u96viwx3xl3oks\gradle-9.3.1\lib\agents\gradle-instrumentation-agent-9.3.1.jar path:D:\Studio_android\jbr\bin\instrument.dll, loaded, initialized, instrumentlib options:none

dbghelp: loaded successfully - version: 4.0.5 - missing functions: none
symbol engine: initialized successfully - sym options: 0x614 - pdb path: .;D:\Studio_android\jbr\bin;C:\WINDOWS\SYSTEM32;C:\WINDOWS\WinSxS\amd64_microsoft.windows.common-controls_6595b64144ccf1df_6.0.26100.8457_none_3e0b2faee331e92d;D:\Studio_android\jbr\bin\server;C:\Users\lokes\.gradle\native\660c5614fbf4a5f2a75b1949f50a0caf5cd603558e7d8a26e50b933a0cfb79d1\windows-amd64;C:\Users\lokes\.gradle\native\0.2.8\x86_64-windows-gnu

VM Arguments:
jvm_args: --add-opens=java.base/java.lang=ALL-UNNAMED --add-opens=java.base/java.lang.invoke=ALL-UNNAMED --add-opens=java.base/java.util=ALL-UNNAMED --add-opens=java.prefs/java.util.prefs=ALL-UNNAMED --add-exports=jdk.compiler/com.sun.tools.javac.api=ALL-UNNAMED --add-exports=jdk.compiler/com.sun.tools.javac.util=ALL-UNNAMED --add-opens=java.base/java.util=ALL-UNNAMED --add-opens=java.prefs/java.util.prefs=ALL-UNNAMED --add-opens=java.base/java.nio.charset=ALL-UNNAMED --add-opens=java.base/java.net=ALL-UNNAMED --add-opens=java.base/java.util.concurrent=ALL-UNNAMED --add-opens=java.base/java.util.concurrent.atomic=ALL-UNNAMED --add-opens=java.xml/javax.xml.namespace=ALL-UNNAMED --add-opens=java.base/java.time=ALL-UNNAMED -Xmx2048m -Dfile.encoding=UTF-8 -Duser.country=IN -Duser.language=en -Duser.variant -javaagent:C:\Users\lokes\.gradle\wrapper\dists\gradle-9.3.1-bin\23ovyewtku6u96viwx3xl3oks\gradle-9.3.1\lib\agents\gradle-instrumentation-agent-9.3.1.jar 
java_command: org.gradle.launcher.daemon.bootstrap.GradleDaemon 9.3.1
java_class_path (initial): C:\Users\lokes\.gradle\wrapper\dists\gradle-9.3.1-bin\23ovyewtku6u96viwx3xl3oks\gradle-9.3.1\lib\gradle-daemon-main-9.3.1.jar
Launcher Type: SUN_STANDARD

[Global flags]
     intx CICompilerCount                          = 4                                         {product} {ergonomic}
     uint ConcGCThreads                            = 3                                         {product} {ergonomic}
     uint G1ConcRefinementThreads                  = 10                                        {product} {ergonomic}
   size_t G1HeapRegionSize                         = 1048576                                   {product} {ergonomic}
    uintx GCDrainStackTargetSize                   = 64                                        {product} {ergonomic}
   size_t InitialHeapSize                          = 123731968                                 {product} {ergonomic}
   size_t MarkStackSize                            = 4194304                                   {product} {ergonomic}
   size_t MaxHeapSize                              = 2147483648                                {product} {command line}
   size_t MaxNewSize                               = 1287651328                                {product} {ergonomic}
   size_t MinHeapDeltaBytes                        = 1048576                                   {product} {ergonomic}
   size_t MinHeapSize                              = 8388608                                   {product} {ergonomic}
    uintx NonNMethodCodeHeapSize                   = 5839372                                {pd product} {ergonomic}
    uintx NonProfiledCodeHeapSize                  = 122909434                              {pd product} {ergonomic}
    uintx ProfiledCodeHeapSize                     = 122909434                              {pd product} {ergonomic}
    uintx ReservedCodeCacheSize                    = 251658240                              {pd product} {ergonomic}
     bool SegmentedCodeCache                       = true                                      {product} {ergonomic}
   size_t SoftMaxHeapSize                          = 2147483648                             {manageable} {ergonomic}
     bool UseCompressedOops                        = true                           {product lp64_product} {ergonomic}
     bool UseG1GC                                  = true                                      {product} {ergonomic}
     bool UseLargePagesIndividualAllocation        = false                                  {pd product} {ergonomic}

Logging:
Log output configuration:
 #0: stdout all=warning uptime,level,tags foldmultilines=false
 #1: stderr all=off uptime,level,tags foldmultilines=false

Release file:
JAVA_VERSION="21.0.9" 
MODULES="java.base java.compiler java.datatransfer java.xml java.prefs java.desktop java.instrument java.logging java.management java.security.sasl java.naming java.rmi java.management.rmi java.net.http java.scripting java.security.jgss java.transaction.xa java.sql java.sql.rowset java.xml.crypto java.se java.smartcardio jdk.accessibility jdk.internal.jvmstat jdk.attach jdk.charsets jdk.internal.opt jdk.zipfs jdk.compiler jdk.crypto.ec jdk.crypto.cryptoki jdk.dynalink jdk.hotspot.agent jdk.httpserver jdk.internal.ed jdk.internal.le jdk.internal.vm.ci jdk.jartool jdk.javadoc jdk.jcmd jdk.jdeps jdk.jdwp.agent jdk.jdi jdk.jfr jdk.jlink jdk.jsobject jdk.localedata jdk.management jdk.management.agent jdk.management.jfr jdk.naming.dns jdk.naming.rmi jdk.net jdk.sctp jdk.security.auth jdk.security.jgss jdk.unsupported jdk.unsupported.desktop jdk.xml.dom" 
IMPLEMENTOR="JetBrains s.r.o." 
JAVA_RUNTIME_VERSION="21.0.9+-14787801-b1163.94" 
LIBC="default" 
OS_ARCH="x86_64" 
OS_NAME="Windows" 
SOURCE=".:git:0c757ddc9f2f" 

Environment Variables:
JAVA_HOME=D:\Studio_android\jbr
PATH=D:\Studio_android\jbr\bin;C:\Program Files (x86)\Common Files\Intel\Shared Libraries\redist\intel64\compiler;C:\Program Files\Google\Chrome\Application;c:\Users\lokes\AppData\Local\Programs\cursor\resources\app\bin;C:\WINDOWS\system32;C:\WINDOWS;C:\WINDOWS\System32\Wbem;C:\WINDOWS\System32\WindowsPowerShell\v1.0\;C:\WINDOWS\System32\OpenSSH\;C:\Program Files\dotnet\;C:\Program Files (x86)\Windows Kits\10\Windows Performance Toolkit\;C:\ProgramData\chocolatey\bin;C:\Program Files\MySQL\MySQL Server 8.0\bin;C:\php;C:\xampp\php;C:\Program Files\Git LFS;C:\Users\lokes\AppData\Local\Programs\Python\Python310\Scripts;C:\Users\lokes\AppData\Local\Programs\Python\Python310;C:\Program Files\MySQL\MySQL Shell 8.0\bin\;C:\Users\lokes\AppData\Local\Microsoft\WindowsApps;C:\Users\lokes\AppData\Roaming\Composer\vendor\bin;C:\Users\lokes\AppData\Roaming\npm;C:\ffmpeg_essentials_build;C:\ADB\platform-tools;D:\NodeJS\;C:\Users\lokes\AppData\Local\Programs\Python\Python310\Scripts\;C:\Users\lokes\AppData\Local\Programs\Python\;D:\payload-dumper-go_1.3.0_windows_amd64;C:\Program Files\Git\cmd;D:\Tesseract-OCR;D:\Postgresql\bin;D:\Python3.11;C:\WINDOWS\system32;C:\WINDOWS;C:\WINDOWS\System32\Wbem;C:\WINDOWS\System32\WindowsPowerShell\v1.0\;C:\WINDOWS\System32\OpenSSH\;C:\Users\lokes\.local\bin;D:\Python 3.11\Scripts\;D:\Python 3.11\;C:\msys64\ucrt64\bin;D:\Antigravity\bin;C:\Users\lokes\AppData\Local\Programs\Ollama;C:\Users\lokes\AppData\Local\Microsoft\WinGet\Links;C:\Users\lokes\.fly\bin;C:\Program Files\Git\mingw64\bin
USERNAME=lokes
OS=Windows_NT
PROCESSOR_IDENTIFIER=AMD64 Family 25 Model 80 Stepping 0, AuthenticAMD
TMP=C:\Users\lokes\AppData\Local\Temp
TEMP=C:\Users\lokes\AppData\Local\Temp




Periodic native trim disabled

JNI global refs:
JNI global refs: 29, weak refs: 1

JNI global refs memory usage: 835, weak refs: 833

Process memory usage:
Resident Set Size: 762164K (9% of 7633148K total physical memory with 300284K free physical memory)

OOME stack traces (most recent first):
Classloader memory used:
Loader org.gradle.internal.classloader.VisitableURLClassLoader                         : 121M
Loader org.gradle.internal.classloader.VisitableURLClassLoader$InstrumentingVisitableURLClassLoader: 101879K
Loader bootstrap                                                                       : 35811K
Loader org.gradle.initialization.MixInLegacyTypesClassLoader                           : 13248K
Loader jdk.internal.loader.ClassLoaders$AppClassLoader                                 : 8186K
Loader java.net.URLClassLoader                                                         : 5477K
Loader jdk.internal.loader.ClassLoaders$PlatformClassLoader                            : 954K
Loader jdk.internal.reflect.DelegatingClassLoader                                      : 882K
Loader org.gradle.internal.classloader.VisitableURLClassLoader                         : 490K
Loader jdk.internal.jrtfs.JrtFileSystemProvider$JrtFsLoader                            : 344K
Loader sun.reflect.misc.MethodUtil                                                     : 2984B

Classes loaded by more than one classloader:
Class Program                                                                         : loaded 8 times (x 72B)
Class Build_gradle                                                                    : loaded 6 times (x 126B)
Class org.jetbrains.kotlin.build.report.metrics.BuildMetricsReporter                  : loaded 4 times (x 70B)
Class org.gradle.kotlin.dsl.VersionCatalogAccessorsKt                                 : loaded 4 times (x 71B)
Class org.jetbrains.kotlin.build.report.metrics.GradleBuildTime$Companion             : loaded 4 times (x 71B)
Class org.jetbrains.kotlin.build.report.metrics.BuildTime                             : loaded 4 times (x 70B)
Class org.jetbrains.kotlin.build.report.metrics.DoNothingBuildMetricsReporter         : loaded 4 times (x 86B)
Class [Lorg.jetbrains.kotlin.build.report.metrics.BuildTime;                          : loaded 4 times (x 69B)
Class [Lorg.jetbrains.kotlin.build.report.metrics.GradleBuildTime;                    : loaded 4 times (x 69B)
Class org.jetbrains.kotlin.build.report.metrics.GradleBuildTime                       : loaded 4 times (x 86B)
Class com.google.common.cache.CacheLoader$1                                           : loaded 3 times (x 75B)
Class com.google.common.collect.ImmutableSet$SetBuilderImpl                           : loaded 3 times (x 76B)
Class com.google.common.cache.LocalCache$EntryFactory$8                               : loaded 3 times (x 83B)
Class org.jetbrains.kotlin.util.capitalizeDecapitalize.CapitalizeDecapitalizeKt       : loaded 3 times (x 71B)
Class com.google.common.collect.Maps$EntrySet                                         : loaded 3 times (x 136B)
Class com.google.common.collect.ImmutableMultimap$EntryCollection                     : loaded 3 times (x 128B)
Class com.google.common.collect.ImmutableList                                         : loaded 3 times (x 206B)
Class com.google.common.cache.LocalCache$EntryFactory$7                               : loaded 3 times (x 83B)
Class com.google.common.collect.ImmutableSet$EmptySetBuilderImpl                      : loaded 3 times (x 76B)
Class com.google.common.collect.Maps$KeySet                                           : loaded 3 times (x 137B)
Class org.objectweb.asm.ClassReader                                                   : loaded 3 times (x 94B)
Class org.jetbrains.kotlin.cli.common.messages.CompilerMessageSeverity$Companion      : loaded 3 times (x 71B)
Class com.google.common.collect.ImmutableMultimap$Builder                             : loaded 3 times (x 86B)
Class com.google.common.cache.LocalCache$EntryFactory$6                               : loaded 3 times (x 83B)
Class com.google.common.collect.ImmutableList$SubList                                 : loaded 3 times (x 209B)
Class com.google.common.cache.LocalCache$EntryFactory$5                               : loaded 3 times (x 83B)
Class com.google.common.io.ByteStreams$1                                              : loaded 3 times (x 85B)
Class com.google.common.base.CharMatcher$InRange                                      : loaded 3 times (x 111B)
Class com.google.common.cache.LocalCache$EntryFactory$4                               : loaded 3 times (x 83B)
Class com.google.common.collect.ImmutableSet$Builder                                  : loaded 3 times (x 85B)
Class com.google.common.collect.SetMultimap                                           : loaded 3 times (x 70B)
Class com.google.common.collect.CollectSpliterators$1                                 : loaded 3 times (x 90B)
Class com.google.common.collect.ImmutableMapEntrySet$RegularEntrySet                  : loaded 3 times (x 152B)
Class com.google.common.collect.Maps$BiMapConverter                                   : loaded 3 times (x 90B)
Class com.google.common.base.Ticker$1                                                 : loaded 3 times (x 72B)
Class com.google.common.cache.LocalCache$EntryFactory$3                               : loaded 3 times (x 83B)
Class org.objectweb.asm.ModuleWriter                                                  : loaded 3 times (x 82B)
Class com.google.common.cache.LocalCache$EntryFactory$2                               : loaded 3 times (x 83B)
Class com.google.common.base.CharMatcher$1                                            : loaded 3 times (x 113B)
Class com.google.common.base.CharMatcher$NamedFastMatcher                             : loaded 3 times (x 112B)
Class [Lcom.google.common.cache.RemovalListener;                                      : loaded 3 times (x 69B)
Class com.google.common.cache.LocalCache$EntryFactory$1                               : loaded 3 times (x 83B)
Class org.objectweb.asm.MethodVisitor                                                 : loaded 3 times (x 105B)
Class org.objectweb.asm.Frame                                                         : loaded 3 times (x 73B)
Class com.google.common.base.Joiner$2                                                 : loaded 3 times (x 79B)
Class com.google.common.collect.Table                                                 : loaded 3 times (x 70B)
Class com.google.common.collect.Maps$IteratorBasedAbstractMap                         : loaded 3 times (x 125B)
Class com.google.common.collect.MapMakerInternalMap$InternalEntryHelper               : loaded 3 times (x 70B)
Class org.jetbrains.kotlin.cli.common.messages.MessageCollector$Companion$NONE$1      : loaded 3 times (x 76B)
Class com.google.common.collect.PeekingIterator                                       : loaded 3 times (x 70B)
Class com.google.gson.stream.JsonReader                                               : loaded 3 times (x 97B)
Class com.google.common.base.CharMatcher                                              : loaded 3 times (x 111B)
Class org.objectweb.asm.ClassTooLargeException                                        : loaded 3 times (x 83B)
Class org.objectweb.asm.CurrentFrame                                                  : loaded 3 times (x 73B)
Class org.objectweb.asm.Label                                                         : loaded 3 times (x 73B)
Class com.google.common.base.Joiner$1                                                 : loaded 3 times (x 80B)
Class com.google.common.io.CharSink                                                   : loaded 3 times (x 79B)
Class com.google.common.collect.ImmutableSetMultimap                                  : loaded 3 times (x 180B)
Class com.google.common.base.Preconditions                                            : loaded 3 times (x 71B)
Class com.google.common.collect.Hashing                                               : loaded 3 times (x 71B)
Class com.google.common.base.Equivalence$Equals                                       : loaded 3 times (x 82B)
Class com.google.common.util.concurrent.AbstractFuture$Failure                        : loaded 3 times (x 72B)
Class com.google.common.base.Equivalence$Identity                                     : loaded 3 times (x 82B)
Class com.google.common.base.PairwiseEquivalence                                      : loaded 3 times (x 83B)
Class com.google.common.collect.RegularImmutableMap$KeySet                            : loaded 3 times (x 152B)
Class com.google.common.base.PatternCompiler                                          : loaded 3 times (x 70B)
Class org.jetbrains.kotlin.cli.common.arguments.CommonToolArguments                   : loaded 3 times (x 73B)
Class com.google.common.base.CharMatcher$Negated                                      : loaded 3 times (x 113B)
Class com.google.common.base.CharMatcher$Is                                           : loaded 3 times (x 111B)
Class com.google.common.cache.LocalCache$ValueReference                               : loaded 3 times (x 70B)
Class com.google.common.collect.RegularImmutableBiMap                                 : loaded 3 times (x 149B)
Class com.google.common.collect.AbstractIterator$State                                : loaded 3 times (x 79B)
Class com.google.common.collect.ImmutableMultimap$2                                   : loaded 3 times (x 81B)
Class com.google.common.collect.AbstractMapBasedMultimap$RandomAccessWrappedList      : loaded 3 times (x 205B)
Class org.jetbrains.kotlin.cli.common.CompilerSystemProperties$Companion              : loaded 3 times (x 71B)
Class com.google.common.collect.ImmutableMultimap$1                                   : loaded 3 times (x 82B)
Class com.google.common.collect.RegularImmutableMap$BucketOverflowException           : loaded 3 times (x 82B)
Class [Lcom.google.common.cache.Weigher;                                              : loaded 3 times (x 69B)
Class org.objectweb.asm.MethodWriter                                                  : loaded 3 times (x 106B)
Class com.google.common.io.ByteStreams$LimitedInputStream                             : loaded 3 times (x 92B)
Class com.google.common.base.Suppliers$NonSerializableMemoizingSupplier               : loaded 3 times (x 79B)
Class com.google.common.cache.LoadingCache                                            : loaded 3 times (x 70B)
Class com.google.common.util.concurrent.AbstractFuture$TrustedFuture                  : loaded 3 times (x 114B)
Class [Lcom.google.common.collect.MapMakerInternalMap$Segment;                        : loaded 3 times (x 69B)
Class com.google.common.io.FileWriteMode                                              : loaded 3 times (x 79B)
Class [Lcom.google.common.base.AbstractIterator$State;                                : loaded 3 times (x 69B)
Class com.google.common.cache.LocalCache$StrongEntry                                  : loaded 3 times (x 108B)
Class com.google.common.collect.ImmutableSet$RegularSetBuilderImpl                    : loaded 3 times (x 77B)
Class com.google.common.cache.CacheLoader$InvalidCacheLoadException                   : loaded 3 times (x 82B)
Class org.objectweb.asm.SymbolTable                                                   : loaded 3 times (x 72B)
Class com.google.common.collect.ImmutableMapKeySet                                    : loaded 3 times (x 152B)
Class com.google.common.cache.LocalCache$AbstractReferenceEntry                       : loaded 3 times (x 107B)
Class com.google.common.base.CharMatcher$Whitespace                                   : loaded 3 times (x 112B)
Class [Lcom.google.common.collect.MapMaker$Dummy;                                     : loaded 3 times (x 69B)
Class org.jetbrains.kotlin.cli.common.arguments.CommonCompilerArgumentsConfigurator   : loaded 3 times (x 74B)
Class com.google.common.cache.LocalCache$EntryFactory                                 : loaded 3 times (x 83B)
Class org.jetbrains.kotlin.cli.common.arguments.CommonCompilerArguments               : loaded 3 times (x 75B)
Class com.google.common.io.Files                                                      : loaded 3 times (x 71B)
Class com.google.common.collect.MapMakerInternalMap$StrongKeyDummyValueSegment        : loaded 3 times (x 142B)
Class com.google.common.cache.LocalCache$HashIterator                                 : loaded 3 times (x 86B)
Class com.google.common.collect.SortedMapDifference                                   : loaded 3 times (x 70B)
Class [Lcom.google.common.io.FileWriteMode;                                           : loaded 3 times (x 69B)
Class [Lcom.google.common.collect.MapMakerInternalMap$Strength;                       : loaded 3 times (x 69B)
Class com.google.common.collect.CollectPreconditions                                  : loaded 3 times (x 71B)
Class com.google.common.base.Suppliers$MemoizingSupplier                              : loaded 3 times (x 79B)
Class com.google.common.collect.ImmutableEntry                                        : loaded 3 times (x 82B)
Class [Lcom.google.common.collect.AbstractMapEntry;                                   : loaded 3 times (x 69B)
Class com.google.common.cache.CacheBuilder$3                                          : loaded 3 times (x 72B)
Class com.google.common.collect.ArrayListMultimap                                     : loaded 3 times (x 172B)
Class org.jetbrains.kotlin.cli.common.arguments.K2JVMCompilerArguments                : loaded 3 times (x 76B)
Class com.google.common.base.CharMatcher$NegatedFastMatcher                           : loaded 3 times (x 113B)
Class com.google.common.cache.CacheBuilder$2                                          : loaded 3 times (x 79B)
Class com.google.common.cache.LocalCache                                              : loaded 3 times (x 187B)
Class com.google.gson.stream.JsonToken                                                : loaded 3 times (x 79B)
Class com.google.common.collect.MapMakerInternalMap$WeakValueReference                : loaded 3 times (x 70B)
Class com.google.common.collect.ImmutableMap                                          : loaded 3 times (x 120B)
Class com.google.common.base.Predicate                                                : loaded 3 times (x 70B)
Class com.google.common.cache.CacheBuilder$1                                          : loaded 3 times (x 85B)
Class [Lcom.google.common.cache.LocalCache$Strength;                                  : loaded 3 times (x 69B)
Class [Lcom.google.common.cache.LocalCache$Segment;                                   : loaded 3 times (x 69B)
Class com.google.common.base.CharMatcher$FastMatcher                                  : loaded 3 times (x 111B)
Class com.google.common.base.Ticker                                                   : loaded 3 times (x 72B)
Class org.objectweb.asm.Handler                                                       : loaded 3 times (x 72B)
Class com.google.common.collect.Sets                                                  : loaded 3 times (x 71B)
Class com.google.common.base.Strings                                                  : loaded 3 times (x 71B)
Class com.google.common.collect.MapMakerInternalMap                                   : loaded 3 times (x 161B)
Class com.google.common.base.CharMatcher$IsEither                                     : loaded 3 times (x 111B)
Class com.google.common.base.Supplier                                                 : loaded 3 times (x 70B)
Class org.objectweb.asm.Attribute                                                     : loaded 3 times (x 77B)
Class [Lorg.objectweb.asm.Label;                                                      : loaded 3 times (x 69B)
Class com.google.common.base.CharMatcher$Or                                           : loaded 3 times (x 112B)
Class com.google.common.util.concurrent.AbstractFuture$Listener                       : loaded 3 times (x 72B)
Class org.objectweb.asm.RecordComponentWriter                                         : loaded 3 times (x 78B)
Class com.google.common.io.LineProcessor                                              : loaded 3 times (x 70B)
Class com.google.common.io.Closer$Suppressor                                          : loaded 3 times (x 70B)
Class com.google.common.collect.Interners                                             : loaded 3 times (x 71B)
Class com.google.common.collect.ImmutableMultisetGwtSerializationDependencies         : loaded 3 times (x 125B)
Class com.google.common.cache.CacheStats                                              : loaded 3 times (x 71B)
Class org.objectweb.asm.AnnotationWriter                                              : loaded 3 times (x 79B)
Class com.google.common.collect.ImmutableSet                                          : loaded 3 times (x 145B)
Class com.google.common.collect.RegularImmutableMap$Values                            : loaded 3 times (x 207B)
Class [Lcom.google.gson.Strictness;                                                   : loaded 3 times (x 69B)
Class com.google.common.base.CharMatcher$BitSetMatcher                                : loaded 3 times (x 112B)
Class com.google.common.io.Closer                                                     : loaded 3 times (x 78B)
Class com.google.common.io.Java8Compatibility                                         : loaded 3 times (x 71B)
Class org.objectweb.asm.Symbol                                                        : loaded 3 times (x 73B)
Class com.google.common.base.AbstractIterator                                         : loaded 3 times (x 80B)
Class com.google.common.io.ByteSource                                                 : loaded 3 times (x 84B)
Class [Lcom.google.common.cache.CacheBuilder$NullListener;                            : loaded 3 times (x 69B)
Class org.objectweb.asm.ByteVector                                                    : loaded 3 times (x 79B)
Class com.google.common.collect.AbstractMapBasedMultimap$WrappedCollection            : loaded 3 times (x 124B)
Class com.google.common.math.IntMath$1                                                : loaded 3 times (x 71B)
Class com.google.common.io.Files$FileByteSink                                         : loaded 3 times (x 77B)
Class com.google.common.cache.AbstractCache$StatsCounter                              : loaded 3 times (x 70B)
Class org.objectweb.asm.Type                                                          : loaded 3 times (x 72B)
Class [Lcom.google.gson.stream.JsonToken;                                             : loaded 3 times (x 69B)
Class com.google.common.graph.SuccessorsFunction                                      : loaded 3 times (x 70B)
Class org.jetbrains.kotlin.buildtools.api.CompilationService                          : loaded 3 times (x 70B)
Class com.google.common.cache.LocalCache$StrongValueReference                         : loaded 3 times (x 90B)
Class com.google.common.collect.Sets$SetView                                          : loaded 3 times (x 138B)
Class [Lcom.google.common.collect.Iterators$EmptyModifiableIterator;                  : loaded 3 times (x 69B)
Class org.jetbrains.kotlin.com.google.common.base.Function                            : loaded 3 times (x 70B)
Class com.google.common.collect.Maps$8                                                : loaded 3 times (x 82B)
Class [Lorg.objectweb.asm.AnnotationWriter;                                           : loaded 3 times (x 69B)
Class com.google.common.collect.AbstractMapBasedMultimap$WrappedList                  : loaded 3 times (x 205B)
Class com.google.common.base.Platform                                                 : loaded 3 times (x 71B)
Class com.google.common.collect.MapMakerInternalMap$StrongKeyDummyValueEntry          : loaded 3 times (x 82B)
Class com.google.common.collect.AbstractMapBasedMultimap$AsMap                        : loaded 3 times (x 128B)
Class com.google.common.collect.CollectSpliterators                                   : loaded 3 times (x 71B)
Class com.google.common.io.LineReader$1                                               : loaded 3 times (x 75B)
Class com.google.common.cache.LocalCache$LoadingValueReference                        : loaded 3 times (x 96B)
Class [Lcom.google.common.collect.ImmutableEntry;                                     : loaded 3 times (x 69B)
Class com.google.common.collect.MapMaker                                              : loaded 3 times (x 72B)
Class com.google.common.collect.Maps                                                  : loaded 3 times (x 71B)
Class com.google.common.util.concurrent.LazyLogger                                    : loaded 3 times (x 72B)
Class com.google.common.util.concurrent.Uninterruptibles                              : loaded 3 times (x 71B)
Class com.google.common.collect.RegularImmutableList                                  : loaded 3 times (x 213B)
Class com.google.common.cache.CacheBuilder$OneWeigher                                 : loaded 3 times (x 82B)
Class com.google.common.collect.IndexedImmutableSet$1                                 : loaded 3 times (x 213B)
Class [Lorg.jetbrains.kotlin.cli.common.CompilerSystemProperties;                     : loaded 3 times (x 69B)
Class com.google.common.collect.ImmutableMapEntry$NonTerminalImmutableMapEntry        : loaded 3 times (x 85B)
Class com.google.common.base.Function                                                 : loaded 3 times (x 70B)
Class com.google.common.base.Equivalence                                              : loaded 3 times (x 82B)
Class com.google.common.collect.ImmutableMultimap                                     : loaded 3 times (x 147B)
Class org.jetbrains.kotlin.buildtools.api.internal.KotlinCompilerVersionKt            : loaded 3 times (x 71B)
Class com.google.common.io.LineReader                                                 : loaded 3 times (x 72B)
Class com.google.common.collect.ImmutableEnumSet                                      : loaded 3 times (x 146B)
Class com.google.common.collect.ImmutableMapEntry                                     : loaded 3 times (x 85B)
Class org.objectweb.asm.commons.InstructionAdapter                                    : loaded 3 times (x 188B)
Class com.google.common.collect.MapMakerInternalMap$InternalEntry                     : loaded 3 times (x 70B)
Class com.google.common.io.LineBuffer                                                 : loaded 3 times (x 75B)
Class com.google.common.math.IntMath                                                  : loaded 3 times (x 71B)
Class com.google.common.collect.AbstractMapBasedMultimap$KeySet                       : loaded 3 times (x 137B)
Class com.google.common.base.CharMatcher$IsNot                                        : loaded 3 times (x 111B)
Class com.google.common.cache.LocalCache$LocalManualCache                             : loaded 3 times (x 99B)
Class com.google.common.base.CommonPattern                                            : loaded 3 times (x 74B)
Class com.google.common.util.concurrent.ExecutionError                                : loaded 3 times (x 82B)
Class com.google.common.collect.ImmutableMap$SerializedForm                           : loaded 3 times (x 73B)
Class com.google.common.collect.ImmutableList$1                                       : loaded 3 times (x 97B)
Class [Lcom.google.common.cache.LocalCache$EntryFactory;                              : loaded 3 times (x 69B)
Class com.google.common.collect.Maps$EntryTransformer                                 : loaded 3 times (x 70B)
Class com.google.common.base.Splitter$Strategy                                        : loaded 3 times (x 70B)
Class org.jetbrains.kotlin.buildtools.api.CompilerArgumentsParseException             : loaded 3 times (x 82B)
Class org.jetbrains.kotlin.cli.common.CompilerSystemProperties$value$1                : loaded 3 times (x 125B)
Class com.google.common.cache.CacheLoader$SupplierToCacheLoader                       : loaded 3 times (x 75B)
Class org.objectweb.asm.RecordComponentVisitor                                        : loaded 3 times (x 77B)
Class com.google.common.collect.ImmutableMultiset                                     : loaded 3 times (x 163B)
Class com.google.common.io.CharStreams                                                : loaded 3 times (x 71B)
Class com.google.common.collect.ImmutableAsList                                       : loaded 3 times (x 209B)
Class com.google.common.collect.Iterators$9                                           : loaded 3 times (x 81B)
Class com.google.gson.Strictness                                                      : loaded 3 times (x 79B)
Class com.google.common.base.FunctionalEquivalence                                    : loaded 3 times (x 83B)
Class com.google.common.util.concurrent.AbstractFuture                                : loaded 3 times (x 106B)
Class com.google.common.collect.AbstractMapBasedMultimap                              : loaded 3 times (x 139B)
Class com.google.common.collect.ImmutableSet$CachingAsList                            : loaded 3 times (x 148B)
Class com.google.common.io.ByteArrayDataOutput                                        : loaded 3 times (x 70B)
Class com.google.common.base.Converter                                                : loaded 3 times (x 90B)
Class com.google.common.cache.ReferenceEntry                                          : loaded 3 times (x 70B)
Class com.google.common.util.concurrent.ListenableFuture                              : loaded 3 times (x 70B)
Class com.google.common.collect.Lists                                                 : loaded 3 times (x 71B)
Class com.google.common.collect.MapMakerInternalMap$1                                 : loaded 3 times (x 83B)
Class com.google.common.collect.ImmutableCollection                                   : loaded 3 times (x 125B)
Class com.google.common.base.CharMatcher$AnyOf                                        : loaded 3 times (x 112B)
Class com.google.common.base.CharMatcher$ForPredicate                                 : loaded 3 times (x 112B)
Class com.google.common.cache.LocalCache$LocalManualCache$1                           : loaded 3 times (x 75B)
Class com.google.common.collect.ImmutableMultimap$Values                              : loaded 3 times (x 126B)
Class com.google.common.collect.Iterators$5                                           : loaded 3 times (x 82B)
Class com.google.common.util.concurrent.internal.InternalFutureFailureAccess          : loaded 3 times (x 72B)
Class com.google.common.collect.ImmutableSet$JdkBackedSetBuilderImpl                  : loaded 3 times (x 76B)
Class com.google.common.base.Splitter$SplittingIterator                               : loaded 3 times (x 84B)
Class com.google.common.collect.ImmutableBiMap                                        : loaded 3 times (x 143B)
Class com.google.common.collect.Iterators$4                                           : loaded 3 times (x 82B)
Class com.google.common.cache.CacheLoader                                             : loaded 3 times (x 74B)
Class [Lorg.objectweb.asm.SymbolTable$Entry;                                          : loaded 3 times (x 69B)
Class com.google.common.collect.AbstractListMultimap                                  : loaded 3 times (x 172B)
Class com.google.common.cache.LocalCache$Segment                                      : loaded 3 times (x 154B)
Class [Lorg.jetbrains.kotlin.buildtools.api.jvm.ClassSnapshotGranularity;             : loaded 3 times (x 69B)
Class [Lorg.jetbrains.kotlin.cli.common.messages.CompilerMessageSeverity;             : loaded 3 times (x 69B)
Class com.google.common.collect.ImmutableMap$IteratorBasedImmutableMap                : loaded 3 times (x 126B)
Class com.google.common.collect.SingletonImmutableSet                                 : loaded 3 times (x 146B)
Class com.google.common.cache.LocalCache$ComputingValueReference                      : loaded 3 times (x 96B)
Class com.google.common.collect.Iterators$1                                           : loaded 3 times (x 81B)
Class com.google.common.base.Suppliers$SupplierOfInstance                             : loaded 3 times (x 79B)
Class org.objectweb.asm.Edge                                                          : loaded 3 times (x 72B)
Class com.google.gson.internal.JsonReaderInternalAccess                               : loaded 3 times (x 72B)
Class org.objectweb.asm.SymbolTable$Entry                                             : loaded 3 times (x 74B)
Class org.jetbrains.kotlin.cli.common.arguments.Freezable                             : loaded 3 times (x 72B)
Class com.google.common.io.CharStreams$NullWriter                                     : loaded 3 times (x 99B)
Class com.google.common.collect.ImmutableList$ReverseImmutableList                    : loaded 3 times (x 209B)
Class com.google.common.base.JdkPattern                                               : loaded 3 times (x 75B)
Class com.google.common.io.Files$FileByteSource                                       : loaded 3 times (x 85B)
Class com.google.common.collect.Interners$InternerBuilder                             : loaded 3 times (x 76B)
Class com.google.gson.stream.MalformedJsonException                                   : loaded 3 times (x 82B)
Class org.jetbrains.kotlin.buildtools.api.internal.KotlinCompilerVersion              : loaded 3 times (x 75B)
Class com.google.common.collect.SingletonImmutableList                                : loaded 3 times (x 207B)
Class com.google.common.collect.RegularImmutableMap                                   : loaded 3 times (x 121B)
Class com.google.common.collect.ImmutableMap$MapViewOfValuesAsSingletonSets           : loaded 3 times (x 126B)
Class com.google.common.cache.CacheBuilder                                            : loaded 3 times (x 72B)
Class com.google.common.io.ByteSink                                                   : loaded 3 times (x 76B)
Class org.jetbrains.kotlin.cli.common.arguments.K2JVMCompilerArgumentsConfigurator    : loaded 3 times (x 74B)
Class org.objectweb.asm.Context                                                       : loaded 3 times (x 72B)
Class com.google.common.collect.MapMakerInternalMap$Segment                           : loaded 3 times (x 142B)
Class com.google.common.base.ExtraObjectsMethodsForWeb                                : loaded 3 times (x 71B)
Class com.google.common.collect.NullnessCasts                                         : loaded 3 times (x 71B)
Class org.jetbrains.kotlin.buildtools.api.KotlinBuildToolsException                   : loaded 3 times (x 82B)
Class com.google.common.collect.Multimap                                              : loaded 3 times (x 70B)
Class com.google.common.primitives.IntsMethodsForWeb                                  : loaded 3 times (x 71B)
Class org.jetbrains.kotlin.cli.common.messages.MessageCollector                       : loaded 3 times (x 70B)
Class com.google.common.collect.ImmutableMultimap$Keys                                : loaded 3 times (x 166B)
Class com.google.common.cache.RemovalListener                                         : loaded 3 times (x 70B)
Class com.google.common.base.Present                                                  : loaded 3 times (x 81B)
Class com.google.common.collect.ImmutableMap$Builder                                  : loaded 3 times (x 82B)
Class com.google.common.util.concurrent.AbstractFuture$Cancellation                   : loaded 3 times (x 72B)
Class com.google.common.base.NullnessCasts                                            : loaded 3 times (x 71B)
Class com.google.common.io.AppendableWriter                                           : loaded 3 times (x 100B)
Class com.google.common.collect.Iterators$MergingIterator                             : loaded 3 times (x 81B)
Class com.google.gson.stream.JsonReader$1                                             : loaded 3 times (x 72B)
Class com.google.common.cache.Cache                                                   : loaded 3 times (x 70B)
Class com.google.common.cache.LocalCache$Strength                                     : loaded 3 times (x 81B)
Class com.google.common.base.Stopwatch                                                : loaded 3 times (x 72B)
Class com.google.common.cache.Weigher                                                 : loaded 3 times (x 70B)
Class com.google.common.collect.ImmutableMapEntrySet                                  : loaded 3 times (x 152B)
Class com.google.common.collect.AbstractIndexedListIterator                           : loaded 3 times (x 96B)
Class com.google.common.collect.ArrayListMultimapGwtSerializationDependencies         : loaded 3 times (x 172B)
Class com.google.common.collect.Multiset                                              : loaded 3 times (x 70B)
Class com.google.common.math.MathPreconditions                                        : loaded 3 times (x 71B)
Class com.google.common.collect.ObjectArrays                                          : loaded 3 times (x 71B)
Class org.jetbrains.kotlin.buildtools.api.CompilationService$Companion                : loaded 3 times (x 71B)
Class com.google.common.collect.AbstractIterator                                      : loaded 3 times (x 82B)
Class com.google.common.primitives.Ints                                               : loaded 3 times (x 71B)
Class com.google.common.collect.ImmutableMap$1                                        : loaded 3 times (x 81B)
Class com.google.common.collect.BiMap                                                 : loaded 3 times (x 70B)
Class com.google.common.collect.IndexedImmutableSet                                   : loaded 3 times (x 152B)
Class org.objectweb.asm.FieldVisitor                                                  : loaded 3 times (x 77B)
Class com.google.common.base.Objects                                                  : loaded 3 times (x 71B)
Class com.google.common.base.CharMatcher$And                                          : loaded 3 times (x 112B)
Class com.google.common.cache.CacheLoader$UnsupportedLoadingOperationException        : loaded 3 times (x 82B)
Class org.objectweb.asm.ClassWriter                                                   : loaded 3 times (x 106B)
Class com.google.common.collect.AbstractMapBasedMultimap$KeySet$1                     : loaded 3 times (x 82B)
Class com.google.common.collect.RegularImmutableSet                                   : loaded 3 times (x 149B)
Class com.google.common.util.concurrent.UncheckedExecutionException                   : loaded 3 times (x 82B)
Class com.google.common.collect.Lists$StringAsImmutableList                           : loaded 3 times (x 207B)
Class [Lorg.objectweb.asm.Symbol;                                                     : loaded 3 times (x 69B)
Class org.objectweb.asm.ClassVisitor                                                  : loaded 3 times (x 88B)
Class com.google.common.io.ByteSink$AsCharSink                                        : loaded 3 times (x 80B)
Class com.google.common.collect.MapMakerInternalMap$StrongKeyDummyValueEntry$Helper   : loaded 3 times (x 79B)
Class com.google.common.collect.Iterators                                             : loaded 3 times (x 71B)
Class com.google.common.util.concurrent.AbstractFuture$Trusted                        : loaded 3 times (x 70B)
Class org.jetbrains.kotlin.cli.common.messages.MessageCollector$Companion             : loaded 3 times (x 71B)
Class com.google.common.base.Optional                                                 : loaded 3 times (x 80B)
Class com.google.common.collect.RegularImmutableAsList                                : loaded 3 times (x 217B)
Class com.google.common.cache.LocalCache$2                                            : loaded 3 times (x 142B)
Class com.google.common.collect.AbstractMultimap                                      : loaded 3 times (x 123B)
Class com.google.common.collect.ImmutableList$Builder                                 : loaded 3 times (x 77B)
Class com.google.common.collect.Sets$ImprovedAbstractSet                              : loaded 3 times (x 135B)
Class com.google.common.collect.MapMakerInternalMap$AbstractStrongKeyEntry            : loaded 3 times (x 80B)
Class org.jetbrains.kotlin.buildtools.api.SharedApiClassesClassLoader                 : loaded 3 times (x 71B)
Class com.google.common.collect.AbstractMapEntry                                      : loaded 3 times (x 81B)
Class com.google.common.collect.UnmodifiableListIterator                              : loaded 3 times (x 95B)
Class com.google.common.collect.Iterators$SingletonIterator                           : loaded 3 times (x 81B)
Class com.google.common.cache.LocalCache$1                                            : loaded 3 times (x 89B)
Class com.google.common.base.Ascii                                                    : loaded 3 times (x 71B)
Class com.google.common.collect.SingletonImmutableBiMap                               : loaded 3 times (x 143B)
Class com.google.common.collect.UnmodifiableIterator                                  : loaded 3 times (x 80B)
Class [Lorg.objectweb.asm.Type;                                                       : loaded 3 times (x 69B)
Class com.google.common.collect.Platform                                              : loaded 3 times (x 71B)
Class com.google.common.base.Splitter$5                                               : loaded 3 times (x 80B)
Class [Lorg.objectweb.asm.Attribute;                                                  : loaded 3 times (x 69B)
Class com.google.common.collect.Iterables                                             : loaded 3 times (x 71B)
Class com.google.common.base.MoreObjects                                              : loaded 3 times (x 71B)
Class com.google.common.base.Joiner                                                   : loaded 3 times (x 79B)
Class com.google.common.collect.BaseImmutableMultimap                                 : loaded 3 times (x 123B)
Class com.google.common.collect.EmptyImmutableListMultimap                            : loaded 3 times (x 176B)
Class com.google.common.collect.ImmutableCollection$Builder                           : loaded 3 times (x 76B)
Class com.google.common.collect.Iterators$ArrayItr                                    : loaded 3 times (x 97B)
Class com.google.common.cache.CacheLoader$FunctionToCacheLoader                       : loaded 3 times (x 75B)
Class org.jetbrains.kotlin.com.google.common.base.Preconditions                       : loaded 3 times (x 71B)
Class org.jetbrains.kotlin.buildtools.api.jvm.ClasspathEntrySnapshot                  : loaded 3 times (x 70B)
Class com.google.common.collect.ImmutableListMultimap                                 : loaded 3 times (x 176B)
Class com.google.common.cache.CacheBuilder$NullListener                               : loaded 3 times (x 82B)
Class com.google.common.collect.MapMakerInternalMap$StrongKeyDummyValueEntry$LinkedStrongKeyDummyValueEntry: loaded 3 times (x 82B)
Class com.google.common.collect.MapMakerInternalMap$Strength                          : loaded 3 times (x 80B)
Class org.objectweb.asm.FieldWriter                                                   : loaded 3 times (x 78B)
Class com.google.common.collect.MapMaker$Dummy                                        : loaded 3 times (x 79B)
Class com.google.common.collect.MapDifference                                         : loaded 3 times (x 70B)
Class com.google.common.cache.LocalCache$Strength$3                                   : loaded 3 times (x 81B)
Class com.google.common.base.Splitter$1                                               : loaded 3 times (x 77B)
Class com.google.common.collect.TransformedIterator                                   : loaded 3 times (x 80B)
Class com.google.common.io.ByteStreams                                                : loaded 3 times (x 71B)
Class com.google.common.collect.Interner                                              : loaded 3 times (x 70B)
Class com.google.common.collect.Interners$InternerImpl                                : loaded 3 times (x 75B)
Class com.google.common.cache.LocalCache$Strength$2                                   : loaded 3 times (x 81B)
Class com.google.common.base.Platform$JdkPatternCompiler                              : loaded 3 times (x 75B)
Class com.google.common.util.concurrent.SettableFuture                                : loaded 3 times (x 114B)
Class org.jetbrains.kotlin.cli.common.messages.CompilerMessageSeverity                : loaded 3 times (x 79B)
Class com.google.common.cache.LocalCache$Strength$1                                   : loaded 3 times (x 81B)
Class org.objectweb.asm.ModuleVisitor                                                 : loaded 3 times (x 81B)
Class com.google.common.collect.Sets$4                                                : loaded 3 times (x 139B)
Class com.google.common.io.ByteArrayDataInput                                         : loaded 3 times (x 70B)
Class com.google.common.collect.MapMakerInternalMap$StrongValueEntry                  : loaded 3 times (x 70B)
Class com.google.common.cache.LocalCache$LocalLoadingCache                            : loaded 3 times (x 134B)
Class com.google.common.collect.Sets$3                                                : loaded 3 times (x 139B)
Class [Lorg.objectweb.asm.AnnotationVisitor;                                          : loaded 3 times (x 69B)
Class com.google.common.base.AbstractIterator$State                                   : loaded 3 times (x 79B)
Class com.google.common.collect.MapMakerInternalMap$Strength$2                        : loaded 3 times (x 80B)
Class org.jetbrains.kotlin.cli.common.CompilerSystemProperties                        : loaded 3 times (x 80B)
Class com.google.common.collect.Sets$2                                                : loaded 3 times (x 139B)
Class com.google.common.collect.Maps$ViewCachingAbstractMap                           : loaded 3 times (x 125B)
Class com.google.common.collect.MapMakerInternalMap$Strength$1                        : loaded 3 times (x 80B)
Class org.objectweb.asm.AnnotationVisitor                                             : loaded 3 times (x 78B)
Class org.objectweb.asm.MethodTooLargeException                                       : loaded 3 times (x 83B)
Class com.google.common.collect.Sets$1                                                : loaded 3 times (x 139B)
Class org.jetbrains.kotlin.buildtools.api.jvm.ClassSnapshotGranularity                : loaded 3 times (x 79B)
Class com.google.common.base.Splitter                                                 : loaded 3 times (x 72B)
Class com.google.common.collect.Iterators$EmptyModifiableIterator                     : loaded 3 times (x 86B)
Class com.google.common.collect.ImmutableSet$SerializedForm                           : loaded 3 times (x 73B)
Class com.google.common.collect.ImmutableEnumMap                                      : loaded 3 times (x 126B)
Class com.google.common.collect.ListMultimap                                          : loaded 3 times (x 70B)
Class org.jetbrains.kotlin.buildtools.api.internal.KotlinCompilerVersion$Maturity     : loaded 3 times (x 79B)
Class [Lorg.jetbrains.kotlin.buildtools.api.internal.KotlinCompilerVersion$Maturity;  : loaded 3 times (x 69B)
Class [Lcom.google.common.collect.ImmutableMapEntry;                                  : loaded 3 times (x 69B)
Class [Lcom.google.common.cache.CacheBuilder$OneWeigher;                              : loaded 3 times (x 69B)
Class com.google.common.base.Suppliers                                                : loaded 3 times (x 71B)
Class com.google.common.base.CharMatcher$None                                         : loaded 3 times (x 112B)
Class [Lcom.google.common.collect.AbstractIterator$State;                             : loaded 3 times (x 69B)
Class com.android.build.gradle.options.Option$Status$STABLE                           : loaded 2 times (x 71B)
Class com.android.build.api.variant.HasDeviceTestsBuilder                             : loaded 2 times (x 70B)
Class org.gradle.internal.classloader.DefaultClassLoaderFactory                       : loaded 2 times (x 82B)
Class org.jetbrains.kotlin.metadata.jvm.deserialization.JvmNameResolver               : loaded 2 times (x 80B)
Class org.jetbrains.org.objectweb.asm.ClassVisitor                                    : loaded 2 times (x 88B)
Class kotlin.sequences.SequencesKt___SequencesKt                                      : loaded 2 times (x 71B)
Class kotlin.collections.AbstractList$Companion                                       : loaded 2 times (x 71B)
Class com.android.manifmerger.XmlElement                                              : loaded 2 times (x 137B)
Class org.jetbrains.kotlin.gradle.internal.name.FqNameUnsafe                          : loaded 2 times (x 72B)
Class org.jetbrains.kotlin.compilerRunner.IncrementalCompilationEnvironment           : loaded 2 times (x 72B)
Class org.jetbrains.kotlin.gradle.plugin.CreateCompilerArgumentsContextImpl$ContributeCompilerArgumentsContextImpl: loaded 2 times (x 79B)
Class [Lorg.jetbrains.kotlin.com.google.common.cache.LocalCache$Strength;             : loaded 2 times (x 69B)
Class com.google.protobuf.GeneratedMessageV3$BuilderParent                            : loaded 2 times (x 70B)
Class com.android.aapt.ConfigurationOuterClass$Configuration$Hdr$1                    : loaded 2 times (x 76B)
Class com.android.aaptcompiler.ConfigDescriptionParsersKt                             : loaded 2 times (x 71B)
Class com.android.zipflinger.PayloadInputStream                                       : loaded 2 times (x 93B)
Class com.google.protobuf.Internal$IntList                                            : loaded 2 times (x 70B)
Class com.android.build.gradle.internal.tasks.CheckAarMetadataTask$CreationAction$configure$2$1: loaded 2 times (x 74B)
Class org.jetbrains.kotlin.gradle.plugin.PropertiesProvider$kotlinCompilerArgumentsLogLevel$1: loaded 2 times (x 74B)
Class com.android.build.gradle.internal.services.VariantServicesImpl$fileTreeFactory$1: loaded 2 times (x 79B)
Class com.google.gson.internal.bind.TypeAdapters$32                                   : loaded 2 times (x 76B)
Class com.sun.xml.bind.v2.runtime.property.Utils$1                                    : loaded 2 times (x 77B)
Class com.android.sdklib.repository.generated.sysimg.v4.SysImgDetailsType             : loaded 2 times (x 138B)
Class com.sun.xml.bind.v2.model.impl.TypeInfoImpl                                     : loaded 2 times (x 85B)
Class com.sun.xml.bind.v2.runtime.JAXBContextImpl$1                                   : loaded 2 times (x 78B)
Class com.android.sdklib.repository.legacy.remote.internal.DownloadCache$Strategy     : loaded 2 times (x 79B)
Class com.android.build.FilterData                                                    : loaded 2 times (x 70B)
Class com.android.build.gradle.tasks.ExternalNativeBuildTask                          : loaded 2 times (x 327B)
Class com.android.build.gradle.internal.DependencyConfigurator$configureGeneralTransforms$3: loaded 2 times (x 75B)
Class com.android.build.api.variant.impl.DirectoryEntry                               : loaded 2 times (x 70B)
Class [Lcom.android.build.api.variant.impl.SourceType;                                : loaded 2 times (x 69B)
Class com.android.build.gradle.internal.core.dsl.impl.DslInfoUtilsKt$getInstrumentationRunner$1: loaded 2 times (x 75B)
Class com.android.build.gradle.internal.coverage.tasks.CodeCoverageReportCreationConfig: loaded 2 times (x 70B)
Class com.android.build.gradle.internal.tasks.FinalizeBundleTask$CreationAction       : loaded 2 times (x 90B)
Class com.android.build.gradle.internal.scope.InternalArtifactType$EXTERNAL_LIBS_DEX_ARCHIVE: loaded 2 times (x 74B)
Class com.android.build.gradle.internal.tasks.DexArchiveBuilderTask$CreationAction    : loaded 2 times (x 93B)
Class org.jetbrains.kotlin.gradle.plugin.KotlinTargetWithTests                        : loaded 2 times (x 70B)
Class [Lorg.jetbrains.kotlin.gradle.dsl.KotlinVersion;                                : loaded 2 times (x 69B)
Class org.jetbrains.kotlin.gradle.plugin.diagnostics.ToolingDiagnosticRenderingOptions: loaded 2 times (x 72B)
Class org.jetbrains.kotlin.gradle.plugin.diagnostics.UsesKotlinToolingDiagnosticsParameters: loaded 2 times (x 70B)
Class org.jetbrains.kotlin.compilerRunner.CompilerSystemPropertiesService$Parameters_Decorated: loaded 2 times (x 130B)
Class com.android.build.api.artifact.impl.ArtifactTransformationRequestImpl           : loaded 2 times (x 76B)
Class com.android.build.api.artifact.Artifact$Multiple                                : loaded 2 times (x 74B)
Class com.android.build.api.artifact.Artifact$Appendable                              : loaded 2 times (x 70B)
Class com.android.build.gradle.internal.core.dsl.impl.VariantDslInfoImpl$namespace$1  : loaded 2 times (x 75B)
Class com.android.build.api.variant.impl.ApplicationAndroidResourcesBuilderImpl       : loaded 2 times (x 75B)
Class com.android.build.gradle.internal.TaskManager$Companion$createTasksBeforeEvaluate$2: loaded 2 times (x 74B)
Class com.android.build.gradle.internal.cxx.model.CxxAbiModel                         : loaded 2 times (x 72B)
Class com.android.build.gradle.internal.dsl.ShaderOptions                             : loaded 2 times (x 87B)
Class com.android.build.gradle.internal.dsl.SigningConfigFactory                      : loaded 2 times (x 77B)
Class com.android.build.gradle.internal.dsl.BaseFlavor                                : loaded 2 times (x 428B)
Class org.jetbrains.kotlin.gradle.plugin.PropertiesProvider$classLoaderCacheTimeoutInSeconds$1: loaded 2 times (x 75B)
Class org.jetbrains.kotlin.gradle.report.BuildMetricsService                          : loaded 2 times (x 86B)
Class org.jetbrains.kotlin.statistics.metrics.NumberAnonymizationPolicy               : loaded 2 times (x 85B)
Class org.jetbrains.kotlin.statistics.metrics.StringAnonymizationPolicy               : loaded 2 times (x 78B)
Class com.android.utils.EnvironmentProvider$DirectEnvironmentProvider                 : loaded 2 times (x 80B)
Class com.google.wireless.android.sdk.stats.GarbageCollectionStatsOrBuilder           : loaded 2 times (x 70B)
Class com.android.build.gradle.internal.profile.AnalyticsService                      : loaded 2 times (x 110B)
Class [Lcom.android.build.gradle.options.IntegerOption;                               : loaded 2 times (x 69B)
Class com.android.build.gradle.options.BooleanOption                                  : loaded 2 times (x 89B)
Class com.android.build.gradle.internal.plugins.AbstractAppPlugin                     : loaded 2 times (x 93B)
Class com.google.common.hash.AbstractHasher                                           : loaded 2 times (x 142B)
Class com.google.common.io.ByteSource$ConcatenatedByteSource                          : loaded 2 times (x 85B)
Class org.gradle.internal.classloader.ClassLoaderVisitor                              : loaded 2 times (x 76B)
Class org.jetbrains.kotlin.inline.InlinePropertyAccessor                              : loaded 2 times (x 75B)
Class org.jetbrains.kotlin.metadata.deserialization.Flags$EnumLiteFlagField           : loaded 2 times (x 76B)
Class org.jetbrains.kotlin.metadata.ProtoBuf$Type$Argument$1                          : loaded 2 times (x 144B)
Class org.jetbrains.kotlin.metadata.jvm.JvmProtoBuf$StringTableTypesOrBuilder         : loaded 2 times (x 70B)
Class org.jetbrains.kotlin.com.intellij.util.io.IOUtil                                : loaded 2 times (x 71B)
Class org.jetbrains.org.objectweb.asm.tree.FrameNode                                  : loaded 2 times (x 79B)
Class org.jetbrains.org.objectweb.asm.ClassReader                                     : loaded 2 times (x 92B)
Class com.android.builder.internal.aapt.v2.Aapt2DaemonManager$Listener                : loaded 2 times (x 70B)
Class com.android.build.gradle.internal.workeractions.WorkActionAdapter               : loaded 2 times (x 70B)
Class com.android.manifmerger.DeepLink                                                : loaded 2 times (x 72B)
Class [Lcom.android.manifmerger.MergingReport$MergedManifestKind;                     : loaded 2 times (x 69B)
Class org.jetbrains.kotlin.daemon.common.LoopbackNetworkInterface$ServerLoopbackSocketFactory: loaded 2 times (x 74B)
Class org.jetbrains.kotlin.com.google.common.cache.LocalCache$EntryFactory            : loaded 2 times (x 83B)
Class com.google.common.cache.CacheBuilderSpec$ValueParser                            : loaded 2 times (x 70B)
Class com.android.build.gradle.internal.services.SymbolTableBuildService$Companion    : loaded 2 times (x 71B)
Class org.jetbrains.kotlin.build.report.metrics.BuildPerformanceMetrics               : loaded 2 times (x 72B)
Class com.google.gson.internal.bind.ObjectTypeAdapter                                 : loaded 2 times (x 74B)
Class com.google.gson.internal.bind.TypeAdapters$33                                   : loaded 2 times (x 76B)
Class javax.xml.bind.DatatypeConverterInterface                                       : loaded 2 times (x 70B)
Class [Lcom.sun.xml.bind.v2.runtime.property.Property;                                : loaded 2 times (x 69B)
Class com.sun.xml.bind.v2.runtime.reflect.Utils                                       : loaded 2 times (x 71B)
Class javax.xml.bind.annotation.XmlEnum                                               : loaded 2 times (x 70B)
Class com.sun.xml.bind.v2.runtime.JAXBContextImpl$2                                   : loaded 2 times (x 78B)
Class com.android.repository.impl.meta.RemotePackageImpl$ChannelRef                   : loaded 2 times (x 73B)
Class com.android.sdklib.repository.meta.DetailsTypes$ApiDetailsType                  : loaded 2 times (x 70B)
Class com.android.sdklib.SdkVersionInfo                                               : loaded 2 times (x 71B)
Class com.android.build.gradle.internal.api.ApplicationVariantImpl                    : loaded 2 times (x 262B)
Class com.android.build.gradle.internal.tasks.factory.BootClasspathConfigImpl$fullBootClasspathProvider$2$1: loaded 2 times (x 127B)
Class com.android.build.gradle.internal.dependency.DexingOutputSplitTransform         : loaded 2 times (x 78B)
Class com.android.build.gradle.internal.DependencyConfigurator$configureGeneralTransforms$4: loaded 2 times (x 75B)
Class com.android.build.gradle.internal.cxx.configure.ExperimentalPropertyExtensionsKt: loaded 2 times (x 71B)
Class com.android.build.gradle.internal.SdkComponentsBuildService$Parameters$Inject_  : loaded 2 times (x 120B)
Class com.android.build.gradle.tasks.AnalyzeDependenciesTask                          : loaded 2 times (x 334B)
Class com.android.build.gradle.internal.lint.AndroidLintTask$VariantCreationAction$Companion$registerLintIntermediateArtifacts$1: loaded 2 times (x 127B)
Class com.android.build.gradle.internal.scope.InternalMultipleArtifactType$LINT_REPORT_LINT_MODEL: loaded 2 times (x 74B)
Class com.android.build.gradle.tasks.factory.AndroidUnitTest$CreationAction           : loaded 2 times (x 91B)
Class com.android.build.gradle.internal.scope.InternalArtifactType$GLOBAL_SYNTHETICS_DEX: loaded 2 times (x 74B)
Class com.android.build.gradle.internal.tasks.OptimizeResourcesTask$CreateAction      : loaded 2 times (x 93B)
Class com.android.build.gradle.internal.scope.InternalArtifactType$DEX_NUMBER_OF_BUCKETS_FILE: loaded 2 times (x 74B)
Class com.android.build.gradle.internal.tasks.MergeFileTask                           : loaded 2 times (x 327B)
Class [Lorg.jetbrains.kotlin.gradle.plugin.KotlinCompilation;                         : loaded 2 times (x 69B)
Class org.jetbrains.kotlin.gradle.plugin.mpp.compilationImpl.KotlinCompilationLanguageSettingsConfigurator: loaded 2 times (x 74B)
Class com.android.build.api.component.impl.OldVariantApiLegacySupportImpl$outputs$2   : loaded 2 times (x 79B)
Class com.android.build.gradle.internal.instrumentation.AsmClassVisitorsFactoryRegistry: loaded 2 times (x 72B)
Class com.android.build.gradle.internal.core.dsl.features.NativeBuildDslInfo          : loaded 2 times (x 70B)
Class com.android.build.api.variant.UnitTest                                          : loaded 2 times (x 70B)
Class com.android.build.gradle.internal.variant.VariantPathHelper$deploymentApkLocation$2: loaded 2 times (x 79B)
Class com.android.build.gradle.internal.tasks.factory.GlobalTaskCreationAction        : loaded 2 times (x 89B)
Class com.android.build.gradle.internal.TaskManager$Companion$createTasksBeforeEvaluate$3: loaded 2 times (x 74B)
Class com.android.build.gradle.LintLifecycleExtensionImpl_Decorated                   : loaded 2 times (x 124B)
Class com.android.build.gradle.internal.dsl.BundleOptionsStoreArchive$AgpDecorated_Decorated: loaded 2 times (x 125B)
Class com.android.builder.model.LintOptions                                           : loaded 2 times (x 70B)
Class com.android.build.gradle.internal.api.DefaultAndroidSourceSet_Decorated         : loaded 2 times (x 273B)
Class com.google.common.base.Enums$StringConverter                                    : loaded 2 times (x 90B)
Class com.android.build.gradle.internal.dsl.ConfigurableFilesImpl                     : loaded 2 times (x 80B)
Class com.android.build.gradle.internal.dsl.LibraryPublishingImpl                     : loaded 2 times (x 86B)
Class com.android.build.gradle.internal.dsl.SplitOptions                              : loaded 2 times (x 88B)
Class com.android.build.gradle.internal.dsl.decorator.SupportedPropertyType$Collection$Map: loaded 2 times (x 74B)
Class com.android.build.gradle.internal.variant.AbstractVariantInputManager$Companion : loaded 2 times (x 71B)
Class org.jetbrains.kotlin.gradle.plugin.mpp.KotlinAndroidTargetVariantDslImpl        : loaded 2 times (x 75B)
Class org.jetbrains.kotlin.gradle.plugin.mpp.KotlinTargetComponentWithPublication     : loaded 2 times (x 70B)
Class org.jetbrains.kotlin.gradle.report.ReportingSettings$Companion                  : loaded 2 times (x 71B)
Class org.jetbrains.kotlin.gradle.report.ConfigureReporingKt                          : loaded 2 times (x 71B)
Class org.jetbrains.kotlin.gradle.plugin.AndroidGradlePluginVersionKt                 : loaded 2 times (x 71B)
Class org.jetbrains.kotlin.tooling.core.TypeUtils                                     : loaded 2 times (x 71B)
Class com.google.wireless.android.sdk.stats.GradleBuildProfile$Builder                : loaded 2 times (x 348B)
Class com.google.protobuf.UnknownFieldSet                                             : loaded 2 times (x 87B)
Class com.android.build.gradle.options.SyncOptions$EvaluationMode                     : loaded 2 times (x 79B)
Class org.jetbrains.kotlin.gradle.internal.properties.PropertiesBuildService$MemoizedCallable$value$2: loaded 2 times (x 79B)
Class [Lcom.android.ide.common.repository.AgpVersion$PreviewKind;                     : loaded 2 times (x 69B)
Class org.gradle.accessors.dm.LibrariesForLibsInPluginsBlock$PluginAccessors          : loaded 2 times (x 75B)
Class org.gradle.api.internal.classpath.EffectiveClassPath                            : loaded 2 times (x 90B)
Class org.jetbrains.kotlin.metadata.ProtoBuf$EnumEntry                                : loaded 2 times (x 121B)
Class [Lorg.jetbrains.kotlin.descriptors.CallableMemberDescriptor$Kind;               : loaded 2 times (x 69B)
Class org.jetbrains.kotlin.incremental.classpathDiff.impl.SingleClassSnapshotter      : loaded 2 times (x 71B)
Class kotlin.text.StringsKt__AppendableKt                                             : loaded 2 times (x 71B)
Class com.android.build.gradle.internal.scope.InternalArtifactType$LINKED_RES_FOR_ASSET_PACK: loaded 2 times (x 74B)
Class org.jetbrains.kotlin.daemon.common.FileSystem$WhenMappings                      : loaded 2 times (x 71B)
Class org.jetbrains.kotlin.gradle.utils.CompilerArgsUtilsKt$classpathAsList$2         : loaded 2 times (x 78B)
Class org.jetbrains.kotlin.gradle.tasks.TasksUtilsKt                                  : loaded 2 times (x 71B)
Class [Lorg.jetbrains.kotlin.statistics.ValueAnonymizer;                              : loaded 2 times (x 69B)
Class org.jetbrains.kotlin.gradle.plugin.KotlinGradleBuildServices                    : loaded 2 times (x 80B)
Class org.jetbrains.kotlin.com.google.common.cache.LocalCache$StrongAccessEntry       : loaded 2 times (x 109B)
Class org.jetbrains.kotlin.com.google.common.cache.LocalCache$StrongEntry             : loaded 2 times (x 108B)
Class org.jetbrains.kotlin.gradle.plugin.InternalSubpluginOption                      : loaded 2 times (x 72B)
Class com.android.builder.packaging.JarFlinger                                        : loaded 2 times (x 88B)
Class com.google.common.cache.CacheBuilderSpec$ValueStrengthParser                    : loaded 2 times (x 76B)
Class com.android.build.gradle.tasks.CompileNavigationXmlTask_Decorated               : loaded 2 times (x 385B)
Class com.google.gson.internal.bind.TypeAdapters$34                                   : loaded 2 times (x 76B)
Class com.sun.xml.bind.v2.runtime.unmarshaller.TagName                                : loaded 2 times (x 75B)
Class javax.xml.bind.PropertyException                                                : loaded 2 times (x 85B)
Class com.sun.xml.bind.v2.runtime.reflect.ListTransducedAccessorImpl                  : loaded 2 times (x 80B)
Class com.sun.xml.bind.v2.model.impl.RuntimeBuiltinLeafInfoImpl$StringImplImpl        : loaded 2 times (x 136B)
Class com.sun.xml.bind.v2.model.impl.RuntimeClassInfoImpl                             : loaded 2 times (x 162B)
Class com.sun.xml.bind.v2.runtime.Transducer                                          : loaded 2 times (x 70B)
Class com.sun.istack.Pool$Impl                                                        : loaded 2 times (x 77B)
Class com.sun.xml.bind.v2.runtime.JAXBContextImpl$3                                   : loaded 2 times (x 74B)
Class com.android.repository.impl.generated.v2.LocalPackage                           : loaded 2 times (x 140B)
Class com.android.repository.impl.meta.PackageDisplayNameQualifier                    : loaded 2 times (x 70B)
Class org.jetbrains.kotlin.gradle.plugin.statistics.IDaemonReuseCounterMXBean         : loaded 2 times (x 70B)
Class com.android.build.gradle.internal.scope.ArtifactPublishingUtil$publishArtifactToConfiguration$1: loaded 2 times (x 75B)
Class com.android.build.gradle.internal.tasks.factory.BootClasspathConfigImpl$fullBootClasspathProvider$2$2: loaded 2 times (x 127B)
Class com.android.build.gradle.internal.DependencyConfigurator$configureGeneralTransforms$5: loaded 2 times (x 75B)
Class com.android.build.gradle.internal.SdkComponentsBuildService$sdkDirectoryProvider$1: loaded 2 times (x 75B)
Class com.android.build.gradle.internal.scope.InternalMultipleArtifactType$LINT_VITAL_REPORT_LINT_MODEL: loaded 2 times (x 74B)
Class com.android.build.gradle.internal.lint.AndroidLintTask$VariantCreationAction$Companion$registerLintIntermediateArtifacts$2: loaded 2 times (x 127B)
Class com.android.build.gradle.tasks.TestResultsCollectionTask$AggregatedTestResultsCollectionCreationAction$handleProvider$1: loaded 2 times (x 127B)
Class com.android.build.gradle.internal.tasks.FinalizeBundleTask$CreationAction$handleProvider$bundleNameProvider$1: loaded 2 times (x 75B)
Class com.android.build.gradle.internal.scope.InternalArtifactType$APP_METADATA       : loaded 2 times (x 74B)
Class com.android.build.api.variant.impl.SigningConfigImpl$enableV3Signing$1          : loaded 2 times (x 75B)
Class org.jetbrains.kotlin.gradle.plugin.mpp.compilationImpl.DefaultKotlinCompilationConfigurationsContainer: loaded 2 times (x 84B)
Class org.jetbrains.kotlin.gradle.plugin.diagnostics.ToolingDiagnostic                : loaded 2 times (x 72B)
Class org.jetbrains.kotlin.gradle.tasks.TasksProviderKt                               : loaded 2 times (x 71B)
Class com.android.build.gradle.internal.component.ComponentBasedBuiltInKotlinCreationConfig: loaded 2 times (x 104B)
Class com.android.build.gradle.internal.tasks.CheckManifest$CreationAction            : loaded 2 times (x 90B)
Class com.android.build.gradle.internal.scope.UnitTestBuildFeatureValuesImpl          : loaded 2 times (x 87B)
Class com.android.build.api.component.impl.DeviceTestImpl$androidResourcesCreationConfig$2: loaded 2 times (x 79B)
Class com.android.build.api.variant.impl.VariantImpl$optimizationCreationConfig$2     : loaded 2 times (x 79B)
Class com.android.build.gradle.internal.services.BuiltInKotlinSupportMode             : loaded 2 times (x 71B)
Class com.android.build.api.variant.impl.ApkPackagingImpl                             : loaded 2 times (x 89B)
Class com.android.build.gradle.internal.core.dsl.impl.ApplicationVariantDslInfoImpl$dexingDslInfo$2: loaded 2 times (x 79B)
Class com.android.build.gradle.internal.TaskManager$Companion$createTasksBeforeEvaluate$4: loaded 2 times (x 75B)
Class com.android.build.gradle.internal.services.TaskCreationServicesImpl             : loaded 2 times (x 102B)
Class com.android.build.gradle.options.SigningOptions                                 : loaded 2 times (x 72B)
Class com.google.wireless.android.sdk.stats.ProjectApiUse                             : loaded 2 times (x 197B)
Class com.android.build.gradle.internal.dsl.BundleOptions$AgpDecorated                : loaded 2 times (x 139B)
Class org.jetbrains.kotlin.gradle.targets.native.toolchain.KotlinNativeBundleBuildService: loaded 2 times (x 77B)
Class com.android.build.api.dsl.ExternalNativeBuildFlags                              : loaded 2 times (x 70B)
Class com.android.build.gradle.internal.dsl.decorator.DslDecorator$Companion$classLoaderDefineClass$2: loaded 2 times (x 78B)
Class com.android.build.api.dsl.LibraryAndroidResources                               : loaded 2 times (x 70B)
Class org.jetbrains.kotlin.gradle.plugin.sources.DefaultKotlinSourceSetFactory        : loaded 2 times (x 80B)
Class com.google.protobuf.Internal                                                    : loaded 2 times (x 71B)
Class org.jetbrains.kotlin.gradle.targets.native.toolchain.KotlinNativeBundleBuildService$Parameters: loaded 2 times (x 70B)
Class com.android.build.gradle.options.FutureStage                                    : loaded 2 times (x 72B)
Class com.android.build.gradle.internal.plugins.BasePlugin$managedDeviceRegistry$2    : loaded 2 times (x 79B)
Class com.android.build.gradle.internal.plugins.AppPlugin                             : loaded 2 times (x 97B)
Class org.gradle.accessors.dm.LibrariesForLibs                                        : loaded 2 times (x 85B)
Class com.google.common.collect.CollectSpliterators$1WithCharacteristics              : loaded 2 times (x 90B)
Class com.google.common.collect.ImmutableRangeSet                                     : loaded 2 times (x 115B)
Class [Lkotlin.reflect.KCallable;                                                     : loaded 2 times (x 69B)
Class org.jetbrains.kotlin.util.ModuleVisibilityHelper                                : loaded 2 times (x 70B)
Class org.jetbrains.kotlin.descriptors.DescriptorVisibilities$1                       : loaded 2 times (x 79B)
Class org.jetbrains.kotlin.protobuf.CodedOutputStream$ByteBufferOutputStream          : loaded 2 times (x 86B)
Class org.jetbrains.kotlin.incremental.classpathDiff.impl.ClassFile                   : loaded 2 times (x 72B)
Class com.android.build.api.variant.impl.BuiltArtifactTypeAdapter$read$1              : loaded 2 times (x 79B)
Class org.jetbrains.kotlin.daemon.common.StringPropMapper                             : loaded 2 times (x 74B)
Class org.jetbrains.kotlin.gradle.tasks.DefaultKotlinJavaToolchain                    : loaded 2 times (x 77B)
Class org.jetbrains.kotlin.gradle.tasks.KotlinCompile$createCompilerArguments$1$2$1   : loaded 2 times (x 79B)
Class org.jetbrains.kotlin.com.google.common.cache.LocalCache$LocalManualCache$1      : loaded 2 times (x 75B)
Class com.android.aapt.Resources$XmlNode$1                                            : loaded 2 times (x 151B)
Class com.android.aaptcompiler.BlameLogger$1                                          : loaded 2 times (x 78B)
Class com.google.common.cache.CacheBuilderSpec$RefreshDurationParser                  : loaded 2 times (x 76B)
Class org.jetbrains.kotlin.gradle.tasks.DefaultKotlinJavaToolchain$Companion          : loaded 2 times (x 71B)
Class com.android.build.gradle.internal.dsl.BuildTypeFactory                          : loaded 2 times (x 77B)
Class com.android.build.gradle.tasks.MapSourceSetPathsTask_Decorated                  : loaded 2 times (x 397B)
Class com.android.build.gradle.internal.scope.BootClasspathBuilder$CacheKey           : loaded 2 times (x 72B)
Class org.jetbrains.kotlin.incremental.ClasspathChanges                               : loaded 2 times (x 71B)
Class com.android.build.gradle.internal.dependency.JdkImageTransform$Parameters_Decorated: loaded 2 times (x 138B)
Class com.google.gson.internal.bind.TypeAdapters                                      : loaded 2 times (x 71B)
Class com.google.gson.FieldNamingPolicy                                               : loaded 2 times (x 83B)
Class com.google.gson.FormattingStyle                                                 : loaded 2 times (x 78B)
Class com.sun.xml.bind.v2.model.impl.AttributePropertyInfoImpl                        : loaded 2 times (x 124B)
Class com.sun.xml.bind.v2.model.impl.RuntimeMapPropertyInfoImpl                       : loaded 2 times (x 137B)
Class com.sun.xml.bind.v2.model.impl.MapPropertyInfoImpl                              : loaded 2 times (x 119B)
Class com.sun.xml.bind.v2.model.impl.DummyPropertyInfo                                : loaded 2 times (x 70B)
Class com.sun.xml.bind.v2.model.core.Element                                          : loaded 2 times (x 70B)
Class com.android.sdklib.repository.legacy.FileOp                                     : loaded 2 times (x 77B)
Class com.android.build.gradle.internal.publishing.PublishingSpecsKt                  : loaded 2 times (x 71B)
Class com.android.build.gradle.internal.tasks.factory.BootClasspathConfigImpl$fullBootClasspathProvider$2$3: loaded 2 times (x 127B)
Class com.android.build.gradle.internal.tasks.factory.BootClasspathConfigImpl$sam$org_gradle_api_Transformer$0: loaded 2 times (x 75B)
Class com.android.build.gradle.internal.DependencyConfigurator$configureGeneralTransforms$6: loaded 2 times (x 79B)
Class com.android.build.gradle.internal.cxx.logging.ThreadLoggingEnvironment$Companion$BottomLoggingEnvironment: loaded 2 times (x 80B)
Class com.android.build.api.component.impl.DefaultSourcesProviderImpl$getKotlin$1     : loaded 2 times (x 127B)
Class com.android.build.gradle.internal.lint.LintModelWriterTask                      : loaded 2 times (x 329B)
Class com.android.build.gradle.internal.tasks.SigningConfigWriterTask                 : loaded 2 times (x 329B)
Class org.jetbrains.kotlin.gradle.ExternalKotlinTargetApi                             : loaded 2 times (x 70B)
Class com.android.build.api.dsl.AssetPackBundleExtension                              : loaded 2 times (x 70B)
Class org.jetbrains.kotlin.konan.target.KonanTarget                                   : loaded 2 times (x 78B)
Class com.android.build.api.variant.JniLibsApkPackaging                               : loaded 2 times (x 70B)
Class com.android.build.api.variant.impl.JniLibsPackagingImpl$excludes$1              : loaded 2 times (x 75B)
Class com.android.build.api.artifact.InAndOutDirectoryOperationRequest                : loaded 2 times (x 70B)
Class com.android.build.gradle.internal.scope.InternalMultipleArtifactType            : loaded 2 times (x 74B)
Class com.android.build.gradle.internal.component.TestComponentCreationConfig         : loaded 2 times (x 70B)
Class com.android.build.api.variant.impl.BundleConfigImpl                             : loaded 2 times (x 76B)
Class com.android.build.gradle.internal.publishing.AndroidArtifacts$PublishedConfigType: loaded 2 times (x 79B)
Class com.android.build.gradle.internal.core.dsl.impl.features.RenderscriptDslInfoImpl: loaded 2 times (x 79B)
Class com.android.build.gradle.internal.core.dsl.impl.ApplicationVariantDslInfoImpl$generateLocaleConfig$2: loaded 2 times (x 79B)
Class com.android.build.gradle.internal.TaskManager$Companion$createTasksBeforeEvaluate$5: loaded 2 times (x 74B)
Class com.android.build.gradle.internal.tasks.factory.GlobalTaskCreationConfigImpl$versionedNdkHandler$2: loaded 2 times (x 79B)
Class com.android.build.api.artifact.impl.InternalScopedArtifacts$InternalScope       : loaded 2 times (x 79B)
Class com.android.build.api.variant.LintLifecycleExtension                            : loaded 2 times (x 70B)
Class com.android.build.gradle.internal.dsl.OptimizationImpl$AgpDecorated_Decorated   : loaded 2 times (x 138B)
Class com.android.build.api.dsl.JniLibsPackaging                                      : loaded 2 times (x 70B)
Class com.android.build.gradle.internal.TaskManager$Companion$createTasksBeforeEvaluate$1: loaded 2 times (x 74B)
Class com.android.ide.common.gradle.Numeric                                           : loaded 2 times (x 77B)
Class org.jetbrains.kotlin.gradle.utils.ProviderApiUtilsKt$mapOrNull$1                : loaded 2 times (x 75B)
Class org.jetbrains.kotlin.gradle.targets.native.toolchain.KotlinNativeBundleBuildService$Companion$registerIfAbsent$1: loaded 2 times (x 75B)
Class org.jetbrains.kotlin.statistics.metrics.BooleanAnonymizationPolicy              : loaded 2 times (x 85B)
Class org.jetbrains.kotlin.statistics.metrics.BooleanOverridePolicy$OVERRIDE          : loaded 2 times (x 85B)
Class org.jetbrains.kotlin.gradle.plugin.PropertiesProvider$kotlinExperimentalTryNext$1: loaded 2 times (x 75B)
Class org.jetbrains.kotlin.gradle.fus.BuildUidService$Companion                       : loaded 2 times (x 71B)
Class org.jetbrains.kotlin.gradle.plugin.VariantImplementationFactoriesConfigurator$Companion$getProvider$1: loaded 2 times (x 74B)
Class com.android.build.gradle.internal.services.BaseServicesImpl                     : loaded 2 times (x 83B)
Class com.android.build.gradle.internal.dsl.CommonExtensionImpl                       : loaded 2 times (x 208B)
Class org.gradle.api.internal.DefaultClassPathProvider                                : loaded 2 times (x 76B)
Class org.jetbrains.kotlin.descriptors.DescriptorVisibilities$2                       : loaded 2 times (x 79B)
Class org.jetbrains.kotlin.metadata.ProtoBuf$Modality                                 : loaded 2 times (x 82B)
Class org.jetbrains.kotlin.metadata.jvm.JvmProtoBuf$JvmFieldSignature                 : loaded 2 times (x 108B)
Class org.jetbrains.kotlin.protobuf.ExtensionRegistryLite                             : loaded 2 times (x 74B)
Class org.jetbrains.kotlin.incremental.classpathDiff.impl.ClassListSnapshotter        : loaded 2 times (x 70B)
Class kotlin.sequences.Sequence                                                       : loaded 2 times (x 70B)
Class kotlin.text.StringsKt__StringNumberConversionsJVMKt                             : loaded 2 times (x 71B)
Class com.android.build.gradle.internal.res.Aapt2CompileRunnable                      : loaded 2 times (x 77B)
Class com.android.build.api.variant.impl.BuiltArtifactTypeAdapter$read$2              : loaded 2 times (x 79B)
Class com.android.manifmerger.AttributeOperationType                                  : loaded 2 times (x 79B)
Class [Lorg.jetbrains.kotlin.daemon.common.ReportCategory;                            : loaded 2 times (x 69B)
Class org.jetbrains.kotlin.build.report.HttpReportSettings                            : loaded 2 times (x 72B)
Class org.jetbrains.kotlin.daemon.common.MultiModuleICSettings$Companion              : loaded 2 times (x 71B)
Class org.jetbrains.kotlin.gradle.tasks.CompilationErrorException                     : loaded 2 times (x 82B)
Class com.android.aaptcompiler.proto.ProtoSerializeKt                                 : loaded 2 times (x 71B)
Class [Lcom.android.aaptcompiler.Reference$Type;                                      : loaded 2 times (x 69B)
Class com.android.ide.common.symbols.Symbol$AttributeSymbol                           : loaded 2 times (x 80B)
Class com.android.ide.common.symbols.Symbol                                           : loaded 2 times (x 79B)
Class com.android.build.api.artifact.impl.ArtifactContainer                           : loaded 2 times (x 75B)
Class com.android.build.api.artifact.impl.SingleArtifactContainer                     : loaded 2 times (x 75B)
Class com.android.build.gradle.internal.scope.InternalArtifactType$BUILT_IN_KAPT_GENERATED_JAVA_SOURCES: loaded 2 times (x 74B)
Class com.android.build.gradle.internal.EmulatorComponents$Companion$build$fileExists$1: loaded 2 times (x 75B)
Class com.google.gson.JsonArray                                                       : loaded 2 times (x 100B)
Class com.google.gson.FieldNamingStrategy                                             : loaded 2 times (x 70B)
Class com.sun.xml.bind.v2.runtime.property.PropertyFactory$1                          : loaded 2 times (x 71B)
Class com.sun.xml.bind.v2.runtime.property.ArrayProperty                              : loaded 2 times (x 102B)
Class com.android.sdklib.repository.generated.addon.v3.MavenType                      : loaded 2 times (x 80B)
Class com.sun.xml.bind.v2.model.core.ID                                               : loaded 2 times (x 79B)
Class com.sun.xml.bind.v2.model.impl.ClassInfoImpl$PropertyGroup                      : loaded 2 times (x 79B)
Class com.sun.xml.bind.v2.model.runtime.RuntimeValuePropertyInfo                      : loaded 2 times (x 70B)
Class com.sun.xml.bind.v2.runtime.JAXBContextImpl$5                                   : loaded 2 times (x 74B)
Class com.android.repository.impl.generated.v2.DependencyType                         : loaded 2 times (x 81B)
Class org.jetbrains.kotlin.statistics.metrics.OverrideMetricContainer                 : loaded 2 times (x 80B)
Class com.android.build.gradle.internal.scope.InternalArtifactType$FEATURE_PUBLISHED_DEX: loaded 2 times (x 74B)
Class com.android.build.gradle.internal.tasks.factory.BootClasspathConfigImpl$fullBootClasspathProvider$2$4: loaded 2 times (x 127B)
Class com.android.build.gradle.internal.tasks.factory.BootClasspathConfigImpl$filteredBootClasspath$2$1: loaded 2 times (x 127B)
Class com.android.build.gradle.internal.DependencyConfigurator$configureGeneralTransforms$7: loaded 2 times (x 75B)
Class com.android.build.gradle.internal.dependency.ExtractAarTransform                : loaded 2 times (x 78B)
Class com.android.build.gradle.internal.cxx.logging.ThreadLoggingEnvironment$Companion$LoggerStack: loaded 2 times (x 72B)
Class com.android.build.api.variant.impl.SourceType                                   : loaded 2 times (x 79B)
Class com.android.build.gradle.internal.tasks.ParseIntegrityConfigTask$CreationAction : loaded 2 times (x 90B)
Class com.android.build.gradle.internal.tasks.DexMergingTask$CreationAction$handleProvider$1: loaded 2 times (x 127B)
Class com.android.build.gradle.internal.scope.InternalArtifactType$SUB_PROJECT_DEX_ARCHIVE: loaded 2 times (x 74B)
Class com.android.build.api.artifact.OutOperationRequest                              : loaded 2 times (x 70B)
Class com.android.build.gradle.internal.scope.InternalArtifactType$PACKAGED_MANIFESTS : loaded 2 times (x 74B)
Class com.android.build.gradle.tasks.ProcessPackagedManifestTask                      : loaded 2 times (x 328B)
Class com.android.build.gradle.internal.dependency.ProvidedClasspathSubtractor$fileToIds$1: loaded 2 times (x 79B)
Class com.android.build.gradle.internal.scope.InternalMultipleArtifactType$CODE_COVERAGE_DATA: loaded 2 times (x 74B)
Class com.android.build.gradle.internal.coverage.tasks.CodeCoverageReportTask         : loaded 2 times (x 323B)
Class com.android.build.api.variant.impl.VariantImpl$manifestPlaceholdersCreationConfig$2: loaded 2 times (x 79B)
Class com.android.build.api.variant.AndroidVersion                                    : loaded 2 times (x 70B)
Class com.android.build.gradle.internal.manifest.LazyManifestParser$issueReporter$1   : loaded 2 times (x 74B)
Class com.android.build.gradle.internal.TaskManager$Companion$createTasksBeforeEvaluate$6: loaded 2 times (x 74B)
Class com.android.build.gradle.internal.tasks.factory.TaskFactoryUtils                : loaded 2 times (x 71B)
Class com.android.build.gradle.internal.api.artifact.SourceArtifactType$ASSETS        : loaded 2 times (x 74B)
Class com.android.build.gradle.internal.api.artifact.SourceArtifactType$JAVA_SOURCES  : loaded 2 times (x 74B)
Class com.android.build.gradle.internal.dsl.KeepRulesImpl$AgpDecorated_Decorated      : loaded 2 times (x 142B)
Class com.android.build.gradle.internal.variant.VariantPathHelper$baseName$2          : loaded 2 times (x 79B)
Class com.google.common.base.CaseFormat$1                                             : loaded 2 times (x 83B)
Class org.jetbrains.kotlin.statistics.metrics.NumericalMetrics                        : loaded 2 times (x 80B)
Class org.jetbrains.kotlin.gradle.plugin.VariantImplementationFactories$Companion$getProvider$2$1: loaded 2 times (x 79B)
Class com.android.tools.analytics.HostDataKt                                          : loaded 2 times (x 71B)
Class com.google.protobuf.AbstractMessage                                             : loaded 2 times (x 164B)
Class com.android.build.gradle.internal.lint.AndroidLintInputs                        : loaded 2 times (x 71B)
Class com.android.build.gradle.internal.component.ApplicationCreationConfig           : loaded 2 times (x 70B)
Class com.android.build.gradle.internal.errors.SyncIssueReporterImpl                  : loaded 2 times (x 77B)
Class com.android.build.gradle.internal.dsl.ApplicationExtensionImpl                  : loaded 2 times (x 387B)
Class com.android.build.api.variant.DslLifecycle                                      : loaded 2 times (x 70B)
Class org.gradle.accessors.dm.LibrariesForLibs$RetrofitConverterLibraryAccessors      : loaded 2 times (x 77B)
Class org.gradle.accessors.dm.LibrariesForLibs$BundleAccessors                        : loaded 2 times (x 73B)
Class [Lcom.google.common.base.Function;                                              : loaded 2 times (x 69B)
Class com.google.common.hash.HashCode$BytesHashCode                                   : loaded 2 times (x 81B)
Class [Lorg.gradle.api.internal.ClassPathProvider;                                    : loaded 2 times (x 69B)
Class org.gradle.api.internal.ClassPathProvider                                       : loaded 2 times (x 70B)
Class org.jetbrains.kotlin.metadata.jvm.deserialization.ClassMapperLite               : loaded 2 times (x 71B)
Class org.jetbrains.kotlin.descriptors.DescriptorVisibilities$3                       : loaded 2 times (x 79B)
Class org.jetbrains.kotlin.metadata.ProtoBuf$MemberKind                               : loaded 2 times (x 82B)
Class org.jetbrains.kotlin.metadata.jvm.deserialization.JvmNameResolverBase$Companion : loaded 2 times (x 71B)
Class org.jetbrains.kotlin.load.java.JvmAnnotationNames                               : loaded 2 times (x 71B)
Class com.android.build.gradle.tasks.XmlDocumentUtilsKt                               : loaded 2 times (x 71B)
Class com.android.build.gradle.internal.scope.InternalArtifactType$SHRUNK_CLASSES     : loaded 2 times (x 74B)
Class com.android.manifmerger.ManifestMerger2$ManifestDocumentProvider                : loaded 2 times (x 70B)
Class org.jetbrains.kotlin.cli.common.arguments.Argument                              : loaded 2 times (x 70B)
Class org.jetbrains.kotlin.gradle.plugin.CreateCompilerArgumentsContextImpl           : loaded 2 times (x 75B)
Class com.android.build.api.variant.ResValue$Key                                      : loaded 2 times (x 70B)
Class com.android.aapt.Resources$SourcePositionOrBuilder                              : loaded 2 times (x 70B)
Class com.android.aaptcompiler.Plural$Type$Companion                                  : loaded 2 times (x 71B)
Class com.android.build.api.variant.LifecycleTasks                                    : loaded 2 times (x 70B)
Class com.android.build.api.component.impl.ComponentImpl$instrumentationCreationConfig$2: loaded 2 times (x 79B)
Class org.jetbrains.kotlin.gradle.plugin.statistics.ExecutedTaskMetrics               : loaded 2 times (x 71B)
Class org.jetbrains.kotlin.gradle.tasks.KotlinJvmCompile$DefaultImpls                 : loaded 2 times (x 71B)
Class org.jetbrains.kotlin.gradle.tasks.CacheableTasksKt                              : loaded 2 times (x 71B)
Class com.android.build.gradle.tasks.PackageAndroidArtifactKt$getPageSize$2           : loaded 2 times (x 74B)
Class com.android.build.api.variant.impl.ApplicationMultiOutputHandler                : loaded 2 times (x 95B)
Class com.sun.xml.bind.v2.runtime.property.SingleMapNodeProperty                      : loaded 2 times (x 102B)
Class com.sun.xml.bind.v2.model.runtime.RuntimeTypeRef                                : loaded 2 times (x 70B)
Class com.sun.xml.bind.v2.runtime.JAXBContextImpl$6                                   : loaded 2 times (x 91B)
Class com.android.sdklib.repository.generated.repository.v2.LayoutlibType             : loaded 2 times (x 74B)
Class com.android.repository.api.ConsoleProgressIndicator                             : loaded 2 times (x 108B)
Class com.android.build.gradle.internal.SupportToolsComponents$Companion$build$fileExists$1: loaded 2 times (x 75B)
Class com.android.build.gradle.internal.SdkComponentsBuildService$VersionedSdkLoader$targetAndroidVersionProvider$1: loaded 2 times (x 75B)
Class org.jetbrains.kotlin.gradle.plugin.statistics.BuildFinishMetrics$reportBuildFinished$1: loaded 2 times (x 79B)
Class com.android.build.gradle.internal.scope.InternalArtifactType$AAR_METADATA       : loaded 2 times (x 74B)
Class com.android.build.gradle.internal.dependency.RecalculateStackFramesTransform$Companion$registerRecalculateStackFramesTransform$1: loaded 2 times (x 75B)
Class com.android.build.gradle.internal.tasks.factory.BootClasspathConfigImpl$fullBootClasspathProvider$2$5: loaded 2 times (x 127B)
Class com.android.build.gradle.internal.utils.DesugarLibConfigExtractor               : loaded 2 times (x 78B)
Class com.android.build.gradle.internal.tasks.factory.BootClasspathConfigImpl$filteredBootClasspath$2$2: loaded 2 times (x 127B)
Class com.android.build.gradle.internal.DependencyConfigurator$configureGeneralTransforms$8: loaded 2 times (x 75B)
Class com.android.build.gradle.internal.cxx.configure.GradleLocalPropertiesKt         : loaded 2 times (x 71B)
Class com.android.build.gradle.internal.tasks.creationconfig.BaseDexMergingCreationConfig: loaded 2 times (x 118B)
Class [Lorg.jetbrains.kotlin.konan.target.Family;                                     : loaded 2 times (x 69B)
Class com.android.build.gradle.internal.services.BuiltInKaptSupportMode$SupportedForTestFixturesAndScreenshotTest: loaded 2 times (x 71B)
Class com.android.build.gradle.internal.tasks.creationconfig.JavaPreCompileTaskCreationConfig: loaded 2 times (x 70B)
Class com.android.build.gradle.tasks.MergeSourceSetFolders$MergeJniLibFoldersCreationAction: loaded 2 times (x 91B)
Class com.android.build.gradle.tasks.ProcessManifestForMetadataFeatureTask$CreationAction: loaded 2 times (x 90B)
Class com.android.build.api.variant.impl.VariantOutputList$Companion                  : loaded 2 times (x 71B)
Class com.android.build.api.variant.impl.VariantBuilderImpl                           : loaded 2 times (x 134B)
Class com.android.build.gradle.tasks.JavaCompileUtils                                 : loaded 2 times (x 71B)
Class org.jetbrains.kotlin.compose.compiler.gradle.ComposeCompilerGradlePluginExtension$featureFlags$1: loaded 2 times (x 76B)
Class com.android.build.api.variant.DslExtension                                      : loaded 2 times (x 72B)
Class com.android.build.gradle.internal.VariantManager$createVariantsFromCombination$3$1: loaded 2 times (x 79B)
Class com.android.build.gradle.internal.dsl.BundleOptionsTexture$AgpDecorated_Decorated: loaded 2 times (x 130B)
Class com.android.build.api.dsl.ManagedDevices                                        : loaded 2 times (x 70B)
Class [Lcom.android.repository.Revision$Precision;                                    : loaded 2 times (x 69B)
Class com.android.build.gradle.internal.dsl.ApplicationExtensionImpl$AgpDecorated     : loaded 2 times (x 388B)
Class com.google.gson.JsonSyntaxException                                             : loaded 2 times (x 82B)
Class com.google.common.base.CaseFormat$2                                             : loaded 2 times (x 83B)
Class com.google.common.util.concurrent.AbstractFuture$SafeAtomicHelper               : loaded 2 times (x 79B)
Class com.android.build.api.dsl.ConsumerKeepRules                                     : loaded 2 times (x 70B)
Class com.android.build.gradle.internal.dsl.decorator.LockableSet                     : loaded 2 times (x 145B)
Class com.android.builder.model.SigningConfig                                         : loaded 2 times (x 70B)
Class com.android.build.gradle.api.AndroidSourceSet                                   : loaded 2 times (x 70B)
Class [Lcom.android.builder.core.ComponentTypeImpl;                                   : loaded 2 times (x 69B)
Class org.jetbrains.kotlin.gradle.plugin.statistics.FlowActionBuildFusService         : loaded 2 times (x 84B)
Class org.jetbrains.kotlin.build.report.metrics.GradleBuildPerformanceMetric          : loaded 2 times (x 92B)
Class org.jetbrains.kotlin.gradle.internal.properties.PropertiesBuildService$NullableBooleanGradleProperty: loaded 2 times (x 76B)
Class com.google.wireless.android.sdk.stats.GarbageCollectionStats$1                  : loaded 2 times (x 151B)
Class com.android.build.gradle.tasks.MapSourceSetPathsTask$CreateAction               : loaded 2 times (x 93B)
Class [Lcom.android.build.gradle.options.StringOption;                                : loaded 2 times (x 69B)
Class com.android.build.gradle.options.ApiStage                                       : loaded 2 times (x 72B)
Class com.android.build.gradle.internal.plugins.AndroidPluginBaseServices$projectServices$2$1: loaded 2 times (x 79B)
Class com.android.build.api.variant.HasUnitTest                                       : loaded 2 times (x 70B)
Class com.android.build.gradle.internal.component.ConsumableCreationConfig            : loaded 2 times (x 70B)
Class jdk.internal.jrtfs.SystemImage                                                  : loaded 2 times (x 74B)
Class org.gradle.internal.service.UnknownServiceException                             : loaded 2 times (x 83B)
Class org.jetbrains.kotlin.descriptors.DescriptorVisibilities$4                       : loaded 2 times (x 79B)
Class [Lorg.jetbrains.kotlin.protobuf.WireFormat$JavaType;                            : loaded 2 times (x 69B)
Class org.jetbrains.org.objectweb.asm.tree.TableSwitchInsnNode                        : loaded 2 times (x 79B)
Class [Lorg.jetbrains.org.objectweb.asm.Attribute;                                    : loaded 2 times (x 69B)
Class com.android.build.gradle.internal.scope.InternalArtifactType$MERGED_AAPT_PROGUARD_FILE: loaded 2 times (x 74B)
Class com.android.build.gradle.internal.scope.InternalArtifactType$LOCAL_ONLY_PARTIAL_SYMBOL_DIRECTORY: loaded 2 times (x 74B)
Class com.android.build.gradle.internal.scope.InternalArtifactType$ASSET_PACK_MANIFESTS: loaded 2 times (x 74B)
Class [Lcom.android.manifmerger.ManifestSystemProperty$Instrumentation;               : loaded 2 times (x 69B)
Class com.android.manifmerger.KeyResolver                                             : loaded 2 times (x 70B)
Class com.android.manifmerger.ManifestMerger2                                         : loaded 2 times (x 74B)
Class org.jetbrains.kotlin.daemon.common.NetworkUtilsKt                               : loaded 2 times (x 71B)
Class com.android.ide.common.build.CommonBuiltArtifactsTypeAdapter                    : loaded 2 times (x 82B)
Class org.jetbrains.kotlin.compilerRunner.GradleKotlinCompilerWork                    : loaded 2 times (x 75B)
Class org.jetbrains.kotlin.com.google.common.util.concurrent.SettableFuture           : loaded 2 times (x 114B)
Class org.jetbrains.kotlin.com.google.common.cache.LoadingCache                       : loaded 2 times (x 70B)
Class com.google.protobuf.UnsafeUtil$Android64MemoryAccessor                          : loaded 2 times (x 91B)
Class com.android.aaptcompiler.ResourceCompiler                                       : loaded 2 times (x 71B)
Class org.jetbrains.kotlin.gradle.plugin.mpp.compilationImpl.factory.DefaultKotlinCompilationSourceSetsContainerFactory$DefaultSourceSetNaming: loaded 2 times (x 70B)
Class org.jetbrains.kotlin.gradle.plugin.sources.DefaultKotlinSourceSet$MetadataDependencyTransformation: loaded 2 times (x 72B)
Class com.google.common.collect.StandardTable$Row                                     : loaded 2 times (x 130B)
Class org.jetbrains.kotlin.gradle.tasks.KotlinCompile$ScriptFilterSpec                : loaded 2 times (x 75B)
Class com.android.build.api.variant.impl.BuiltArtifactsImpl                           : loaded 2 times (x 86B)
Class com.sun.xml.bind.v2.runtime.FilterTransducer                                    : loaded 2 times (x 88B)
Class com.android.sdklib.repository.generated.addon.v2.ExtraDetailsType               : loaded 2 times (x 85B)
Class com.sun.xml.bind.annotation.XmlLocation                                         : loaded 2 times (x 70B)
Class com.sun.xml.bind.v2.model.annotation.XmlSchemaQuick                             : loaded 2 times (x 95B)
Class com.sun.xml.bind.v2.runtime.JAXBContextImpl$JAXBContextBuilder                  : loaded 2 times (x 86B)
Class com.android.repository.impl.meta.RevisionType                                   : loaded 2 times (x 80B)
Class com.android.sdklib.repository.generated.repository.v1.ObjectFactory             : loaded 2 times (x 79B)
Class com.android.build.gradle.internal.FileExistsValueSource$Params_Decorated        : loaded 2 times (x 130B)
Class com.android.build.api.variant.impl.ArtifactMetadataProcessor                    : loaded 2 times (x 71B)
Class com.android.build.gradle.internal.api.ApkVariantOutputImpl_Decorated            : loaded 2 times (x 177B)
Class com.android.build.gradle.internal.tasks.NdkTask                                 : loaded 2 times (x 332B)
Class com.android.build.gradle.internal.tasks.factory.BootClasspathConfigImpl$filteredBootClasspath$2$3: loaded 2 times (x 127B)
Class com.android.build.gradle.internal.DependencyConfigurator$configureGeneralTransforms$9: loaded 2 times (x 79B)
Class com.android.build.gradle.internal.lint.AndroidLintTask$VariantCreationAction$Companion: loaded 2 times (x 71B)
Class com.android.build.gradle.internal.scope.InternalArtifactType$DEVICE_PROVIDER_ANDROID_TEST_ADDITIONAL_OUTPUT: loaded 2 times (x 74B)
Class com.android.build.gradle.internal.AndroidTestTaskManager$createTasks$1          : loaded 2 times (x 75B)
Class com.android.build.gradle.internal.tasks.DexMergingTask$CreationAction$handleProvider$3: loaded 2 times (x 127B)
Class com.android.build.gradle.internal.tasks.MergeArtProfileTask$CreationAction      : loaded 2 times (x 90B)
Class com.android.build.gradle.internal.tasks.DexArchiveBuilderTask$CreationAction$handleProvider$1: loaded 2 times (x 78B)
Class com.android.build.gradle.internal.tasks.creationconfig.JavaPreCompileTaskCreationConfigKt: loaded 2 times (x 71B)
Class com.android.build.gradle.tasks.ProcessMultiApkApplicationManifest               : loaded 2 times (x 337B)
Class com.android.build.gradle.internal.tasks.VariantTask                             : loaded 2 times (x 70B)
Class android.databinding.tool.writer.JavaFileWriter                                  : loaded 2 times (x 74B)
Class com.android.build.gradle.internal.core.dsl.impl.HostTestComponentDslInfoImpl    : loaded 2 times (x 128B)
Class org.jetbrains.kotlin.compose.compiler.gradle.ComposeCompilerGradlePluginExtension$featureFlags$2: loaded 2 times (x 76B)
Class com.android.build.gradle.internal.TaskManager$Companion$createTasksBeforeEvaluate$8: loaded 2 times (x 74B)
Class com.google.wireless.android.sdk.stats.GradleBuildVariant                        : loaded 2 times (x 282B)
Class com.android.build.gradle.internal.dsl.decorator.LockableSet$LockableIterator    : loaded 2 times (x 81B)
Class com.android.builder.model.TestOptions$Execution                                 : loaded 2 times (x 79B)
Class com.android.build.api.dsl.AdbOptions                                            : loaded 2 times (x 70B)
Class com.android.build.gradle.internal.api.DefaultAndroidSourceDirectorySet          : loaded 2 times (x 119B)
Class com.android.build.gradle.internal.dependency.ShrinkerVersion$Companion          : loaded 2 times (x 71B)
Class com.android.build.gradle.internal.dsl.ExternalNativeNdkBuildOptions_Decorated   : loaded 2 times (x 153B)
Class com.google.common.base.CaseFormat$3                                             : loaded 2 times (x 83B)
Class org.objectweb.asm.commons.GeneratorAdapter                                      : loaded 2 times (x 187B)
Class com.android.build.gradle.tasks.PackageApplication                               : loaded 2 times (x 367B)
Class com.android.build.api.dsl.LibraryKeepRules                                      : loaded 2 times (x 70B)
Class org.jetbrains.kotlin.gradle.targets.android.internal.InternalKotlinTargetPreset : loaded 2 times (x 70B)
Class org.jetbrains.kotlin.gradle.dsl.KotlinSingleTargetExtension                     : loaded 2 times (x 124B)
Class org.jetbrains.kotlin.gradle.internal.properties.NativePropertiesLoader$kotlinNativeVersion$1: loaded 2 times (x 75B)
Class org.jetbrains.kotlin.gradle.plugin.mpp.AbstractKotlinTarget                     : loaded 2 times (x 150B)
Class com.android.build.gradle.internal.AvdComponentsBuildService$Parameters          : loaded 2 times (x 70B)
Class com.android.build.gradle.internal.scope.InternalArtifactType$MERGED_ART_PROFILE : loaded 2 times (x 74B)
Class com.android.build.gradle.internal.profile.AnalyticsResourceManager              : loaded 2 times (x 72B)
Class com.google.wireless.android.sdk.stats.GradleBuildProjectOrBuilder               : loaded 2 times (x 70B)
Class com.android.tools.analytics.AnalyticsSettingsData                               : loaded 2 times (x 72B)
Class com.android.build.gradle.internal.errors.DeprecationReporterImpl$Companion      : loaded 2 times (x 71B)
Class com.android.ide.common.blame.MessageReceiver                                    : loaded 2 times (x 70B)
Class [Lcom.android.build.gradle.options.Option;                                      : loaded 2 times (x 69B)
Class com.google.common.annotations.VisibleForTesting                                 : loaded 2 times (x 70B)
Class com.android.build.api.dsl.Lint                                                  : loaded 2 times (x 70B)
Class com.android.build.gradle.internal.variant.LegacyVariantInputManager             : loaded 2 times (x 97B)
Class com.google.common.hash.Hasher                                                   : loaded 2 times (x 70B)
Class org.jetbrains.kotlin.descriptors.DescriptorVisibilities$5                       : loaded 2 times (x 79B)
Class org.jetbrains.kotlin.metadata.jvm.JvmProtoBuf$JvmPropertySignatureOrBuilder     : loaded 2 times (x 70B)
Class org.jetbrains.kotlin.incremental.classpathDiff.MultifileClassKotlinClassSnapshot: loaded 2 times (x 76B)
Class org.jetbrains.kotlin.incremental.storage.ExternalizersKt                        : loaded 2 times (x 71B)
Class org.jetbrains.kotlin.protobuf.GeneratedMessageLite$ExtendableMessage            : loaded 2 times (x 113B)
Class com.android.build.gradle.internal.scope.InternalArtifactType$R8_METADATA        : loaded 2 times (x 74B)
Class [Lcom.android.ide.common.xml.XmlAttributeSortOrder;                             : loaded 2 times (x 69B)
Class com.android.manifmerger.ManifestMerger2$ManifestInfo                            : loaded 2 times (x 75B)
Class org.jetbrains.kotlin.cli.common.repl.ReplCodeLine                               : loaded 2 times (x 72B)
Class org.jetbrains.kotlin.compilerRunner.GradleCompilerRunnerWithWorkers$GradleKotlinCompilerWorkParameters: loaded 2 times (x 70B)
Class com.android.build.gradle.internal.scope.InternalArtifactType$EXTRACTED_APKS     : loaded 2 times (x 74B)
Class org.jetbrains.kotlin.com.google.common.cache.LocalCache$Strength$1              : loaded 2 times (x 81B)
Class com.android.aaptcompiler.ResourceFile                                           : loaded 2 times (x 72B)
Class com.google.protobuf.Utf8$UnpairedSurrogateException                             : loaded 2 times (x 82B)
Class [Lcom.android.resources.ResourceType;                                           : loaded 2 times (x 69B)
Class com.google.wireless.android.sdk.stats.GradleTransformExecution                  : loaded 2 times (x 201B)
Class com.android.build.gradle.tasks.ProcessApplicationManifest$CreationAction$configure$1: loaded 2 times (x 79B)
Class com.android.build.gradle.internal.tasks.ProcessNavigationXmlTask$CreationAction$configure$2$resourceMap$1: loaded 2 times (x 78B)
Class org.jetbrains.kotlin.gradle.plugin.mpp.KotlinCompilationsKt$addSourcesToKotlinCompileTask$configureAction$2: loaded 2 times (x 79B)
Class com.android.build.gradle.internal.scope.InternalArtifactType$GENERATED_RES      : loaded 2 times (x 74B)
Class com.sun.xml.bind.v2.runtime.unmarshaller.DefaultIDResolver                      : loaded 2 times (x 76B)
Class com.android.repository.impl.generated.v2.PatchType                              : loaded 2 times (x 88B)
Class javax.xml.bind.annotation.XmlID                                                 : loaded 2 times (x 70B)
Class com.android.repository.impl.meta.TypeDetails                                    : loaded 2 times (x 75B)
Class com.sun.xml.bind.v2.model.impl.RuntimeArrayInfoImpl                             : loaded 2 times (x 107B)
Class com.android.sdklib.repository.generated.common.v1.IdDisplayType                 : loaded 2 times (x 83B)
Class com.android.build.gradle.api.ApkVariantOutput                                   : loaded 2 times (x 70B)
Class com.android.build.gradle.internal.tasks.factory.BootClasspathConfigImpl$filteredBootClasspath$2$4: loaded 2 times (x 127B)
Class com.android.build.gradle.internal.dependency.ExtractNavigationXmlTransform      : loaded 2 times (x 78B)
Class com.android.build.gradle.internal.dependency.IdentityTransform$Parameters       : loaded 2 times (x 70B)
Class com.android.build.gradle.internal.attribution.CheckJetifierBuildService$RegistrationAction: loaded 2 times (x 74B)
Class com.android.build.gradle.internal.lint.AndroidLintTask$UpdateBaselineCreationAction: loaded 2 times (x 95B)
Class com.android.ide.common.workers.ExecutorServiceAdapter                           : loaded 2 times (x 87B)
Class com.android.build.gradle.internal.tasks.MergeArtProfileTask                     : loaded 2 times (x 331B)
Class com.android.build.gradle.tasks.PackageApplication$Companion                     : loaded 2 times (x 71B)
Class com.android.build.api.variant.impl.SigningConfigImpl$enableV2Signing$1          : loaded 2 times (x 75B)
Class com.android.build.gradle.internal.tasks.DexArchiveBuilderTask$CreationAction$handleProvider$2: loaded 2 times (x 78B)
Class org.jetbrains.kotlin.compose.compiler.gradle.internal.ComposeWithAgpConfig$AgpVersionProvider: loaded 2 times (x 70B)
Class org.jetbrains.kotlin.gradle.plugin.mpp.compilationImpl.KotlinCompilationTaskNamesContainer: loaded 2 times (x 72B)
Class org.jetbrains.kotlin.gradle.plugin.LanguageSettingsBuilder                      : loaded 2 times (x 70B)
Class org.jetbrains.kotlin.gradle.plugin.mpp.compilationImpl.factory.KotlinCompilationImplFactory$KotlinCompilerOptionsFactory: loaded 2 times (x 70B)
Class com.android.build.gradle.internal.dependency.VariantDependencies$Companion$getComponentFilter$3: loaded 2 times (x 74B)
Class com.android.build.gradle.internal.tasks.AndroidVariantTask                      : loaded 2 times (x 324B)
Class com.android.build.gradle.tasks.ExtractDeepLinksTask$CreationAction              : loaded 2 times (x 93B)
Class com.android.build.gradle.internal.component.features.ShadersCreationConfig      : loaded 2 times (x 70B)
Class com.android.build.gradle.internal.core.dsl.features.DexingDslInfo               : loaded 2 times (x 70B)
Class com.android.build.gradle.internal.core.dsl.impl.ApplicationVariantDslInfoImpl$localeFilters$2: loaded 2 times (x 79B)
Class com.android.build.gradle.internal.TaskManager$Companion$createTasksBeforeEvaluate$9: loaded 2 times (x 74B)
Class com.android.build.api.extension.impl.VariantSelectorImpl                        : loaded 2 times (x 92B)
Class com.android.build.api.dsl.TestFixtures                                          : loaded 2 times (x 70B)
Class com.android.build.gradle.internal.VariantDimensionData                          : loaded 2 times (x 72B)
Class com.google.common.base.CaseFormat$4                                             : loaded 2 times (x 83B)
Class com.android.build.api.dsl.Shaders                                               : loaded 2 times (x 70B)
Class com.android.build.api.variant.impl.DynamicFeatureVariantImpl                    : loaded 2 times (x 599B)
Class org.jetbrains.kotlin.gradle.plugin.BuildEventsListenerRegistryHolder$Companion  : loaded 2 times (x 71B)
Class org.jetbrains.kotlin.gradle.plugin.statistics.BuildFusService$Companion$registerIfAbsentImpl$generalConfigurationMetricsProvider$1: loaded 2 times (x 75B)
Class [Lorg.jetbrains.kotlin.statistics.metrics.StringMetrics;                        : loaded 2 times (x 69B)
Class com.android.build.gradle.internal.dependency.ExtractAarTransform$Inject_1       : loaded 2 times (x 109B)
Class com.google.protobuf.ExtensionRegistry                                           : loaded 2 times (x 87B)
Class com.android.build.gradle.internal.profile.AnalyticsConfiguratorService          : loaded 2 times (x 82B)
Class com.android.build.gradle.internal.services.RunOnceBuildServiceImpl              : loaded 2 times (x 82B)
Class com.google.common.collect.Collections2$FilteredCollection                       : loaded 2 times (x 119B)
Class org.jetbrains.kotlin.descriptors.DescriptorVisibilities$6                       : loaded 2 times (x 79B)
Class org.jetbrains.kotlin.protobuf.CodedOutputStream$OutOfSpaceException             : loaded 2 times (x 82B)
Class org.jetbrains.kotlin.metadata.ProtoBuf$Annotation$Argument$Value                : loaded 2 times (x 127B)
Class kotlin.collections.ArraysKt___ArraysJvmKt                                       : loaded 2 times (x 71B)
Class kotlin.collections.CollectionsKt__CollectionsKt                                 : loaded 2 times (x 71B)
Class kotlin.text.StringsKt__RegexExtensionsJVMKt                                     : loaded 2 times (x 71B)
Class com.android.manifmerger.NodeOperationType                                       : loaded 2 times (x 83B)
Class org.jetbrains.kotlin.compilerRunner.GradleCompilerServicesFacadeImpl            : loaded 2 times (x 78B)
Class [Lorg.jetbrains.kotlin.daemon.common.DaemonReportCategory;                      : loaded 2 times (x 69B)
Class org.jetbrains.kotlin.com.google.common.base.Equivalence$Equals                  : loaded 2 times (x 82B)
Class org.jetbrains.kotlin.com.google.common.cache.LocalCache$Strength$2              : loaded 2 times (x 81B)
Class com.android.zipflinger.ZipReader                                                : loaded 2 times (x 82B)
Class com.android.ide.common.symbols.Symbol$AttributeSymbolImpl                       : loaded 2 times (x 81B)
Class com.android.build.gradle.internal.utils.DesugarLibUtils$getDesugarLibConfigFromTransform$1: loaded 2 times (x 74B)
Class com.android.build.gradle.internal.VariantTaskManager$addBindingDependenciesIfNecessary$dataBindingEnabled$1: loaded 2 times (x 80B)
Class com.android.build.gradle.internal.scope.InternalArtifactType$LIBRARY_AND_LOCAL_JARS_JNI: loaded 2 times (x 74B)
Class com.android.build.gradle.internal.dependency.GenericTransformParameters$Inject_ : loaded 2 times (x 106B)
Class com.android.ide.common.resources.CompileResourceRequest                         : loaded 2 times (x 72B)
Class com.android.build.gradle.internal.scope.ArtifactPublishingUtil$publishArtifactToConfiguration$1$1: loaded 2 times (x 75B)
Class com.android.build.gradle.internal.SdkComponentsBuildService$VersionedSdkLoader$buildToolsRevisionProvider$1: loaded 2 times (x 75B)
Class [Lcom.android.ide.common.resources.FileValidity$FileStatus;                     : loaded 2 times (x 69B)
Class org.jetbrains.kotlin.gradle.tasks.KotlinJavaToolchain$JdkSetter                 : loaded 2 times (x 70B)
Class javax.xml.bind.annotation.XmlAnyElement                                         : loaded 2 times (x 70B)
Class com.android.repository.impl.generated.v2.RevisionType                           : loaded 2 times (x 82B)
Class com.android.repository.impl.generated.v2.ObjectFactory                          : loaded 2 times (x 108B)
Class com.android.sdklib.repository.meta.DetailsTypes$AddonDetailsType$Libraries      : loaded 2 times (x 72B)
Class com.android.build.gradle.internal.SdkComponentsBuildService$VersionedSdkLoader$coreLambdaStubsProvider$1: loaded 2 times (x 75B)
Class org.jetbrains.kotlin.statistics.fileloggers.MetricsContainer$MetricDescriptor   : loaded 2 times (x 75B)
Class com.android.build.gradle.internal.tasks.factory.BootClasspathConfigImpl$filteredBootClasspath$2$5: loaded 2 times (x 127B)
Class com.android.build.gradle.internal.dependency.AarToClassTransform$Params_Decorated: loaded 2 times (x 133B)
Class com.android.build.api.variant.impl.LayeredSourceDirectoriesImpl$static$1        : loaded 2 times (x 74B)
Class com.android.build.gradle.internal.dependency.SubtractingArtifactCollection$SubtractingArtifactResult: loaded 2 times (x 72B)
Class com.android.build.gradle.internal.scope.InternalArtifactType$VARIANT_TEST_RESULTS: loaded 2 times (x 74B)
Class com.android.build.gradle.internal.tasks.AppMetadataTask$CreationAction          : loaded 2 times (x 90B)
Class com.android.build.gradle.internal.tasks.DexArchiveBuilderTask$CreationAction$handleProvider$3: loaded 2 times (x 78B)
Class com.android.build.gradle.internal.tasks.MergeJavaResourceTask$CreationAction    : loaded 2 times (x 90B)
Class org.jetbrains.kotlin.gradle.plugin.KotlinBaseApiPlugin$registerKotlinJvmCompileTask$3: loaded 2 times (x 75B)
Class com.android.build.gradle.tasks.ProcessManifestForBundleTask$CreationAction$handleProvider$1: loaded 2 times (x 127B)
Class com.android.build.gradle.internal.dependency.VariantDependencies$Companion$getComponentFilter$4: loaded 2 times (x 74B)
Class com.android.build.api.variant.impl.VariantImpl$minSdk$2                         : loaded 2 times (x 79B)
Class com.android.build.gradle.internal.component.features.ManifestPlaceholdersCreationConfig: loaded 2 times (x 70B)
Class com.android.build.gradle.internal.tasks.factory.TaskConfigurationActions        : loaded 2 times (x 75B)
Class com.android.build.gradle.internal.VariantManager$Companion                      : loaded 2 times (x 71B)
Class com.android.build.gradle.internal.tasks.factory.BootClasspathConfigImpl$mockableJarArtifact$2: loaded 2 times (x 79B)
Class com.android.build.gradle.internal.packaging.PackagingOptionsUtilsKt             : loaded 2 times (x 71B)
Class com.google.common.base.CaseFormat$5                                             : loaded 2 times (x 83B)
Class com.android.builder.model.ClassField                                            : loaded 2 times (x 70B)
Class com.android.build.api.dsl.DataBinding                                           : loaded 2 times (x 70B)
Class org.jetbrains.kotlin.gradle.plugin.mpp.KotlinUsages$KotlinCinteropDisambiguation: loaded 2 times (x 76B)
Class org.jetbrains.kotlin.gradle.plugin.KotlinPluginInMultipleProjectsHolder         : loaded 2 times (x 72B)
Class org.jetbrains.kotlin.gradle.report.BuildReportType$Companion                    : loaded 2 times (x 71B)
Class com.android.build.gradle.internal.plugins.BasePlugin$sdkComponentsBuildService$2$1: loaded 2 times (x 79B)
Class com.google.protobuf.InvalidProtocolBufferException$InvalidWireTypeException     : loaded 2 times (x 88B)
Class com.google.gson.internal.bind.TypeAdapters$31                                   : loaded 2 times (x 76B)
Class com.google.protobuf.Internal$BooleanList                                        : loaded 2 times (x 70B)
Class com.google.protobuf.Internal$FloatList                                          : loaded 2 times (x 70B)
Class com.google.protobuf.MessageLiteOrBuilder                                        : loaded 2 times (x 70B)
Class com.google.gson.internal.bind.JsonAdapterAnnotationTypeAdapterFactory$DummyTypeAdapterFactory: loaded 2 times (x 75B)
Class org.gradle.accessors.dm.LibrariesForLibs$AndroidxComposeLibraryAccessors        : loaded 2 times (x 79B)
Class [Lcom.google.common.collect.Maps$EntryFunction;                                 : loaded 2 times (x 69B)
Class org.jetbrains.kotlin.descriptors.DescriptorVisibilities$7                       : loaded 2 times (x 79B)
Class kotlin._Assertions                                                              : loaded 2 times (x 71B)
Class com.android.build.gradle.tasks.ProcessMultiApkApplicationManifest$doTaskAction$1: loaded 2 times (x 78B)
Class com.android.build.gradle.internal.scope.InternalArtifactType$FIXED_STACK_FRAMES_ASM_INSTRUMENTED_PROJECT_JARS: loaded 2 times (x 74B)
Class com.android.build.gradle.internal.scope.InternalArtifactType$AGGREGATED_LINT_SARIF_REPORT: loaded 2 times (x 74B)
Class com.android.build.gradle.internal.scope.InternalArtifactType$AGGREGATED_LINT_HTML_REPORT: loaded 2 times (x 74B)
Class com.android.build.api.variant.impl.BuiltArtifactsLoaderImpl$Companion           : loaded 2 times (x 71B)
Class org.jetbrains.kotlin.daemon.common.CompilationResults                           : loaded 2 times (x 70B)
Class org.jetbrains.kotlin.com.google.common.cache.LocalCache$Strength$3              : loaded 2 times (x 81B)
Class com.android.build.gradle.internal.dependency.IdentityTransform$Parameters$Inject_: loaded 2 times (x 110B)
Class com.android.aapt.Resources$XmlAttribute$1                                       : loaded 2 times (x 151B)
Class com.google.protobuf.CodedOutputStream$HeapNioEncoder                            : loaded 2 times (x 111B)
Class com.android.builder.symbols.BytecodeRClassWriterKt$exportToCompiledJava$1$1     : loaded 2 times (x 79B)
Class com.android.zipflinger.FreeStore                                                : loaded 2 times (x 77B)
Class com.android.build.gradle.internal.dependency.JdkImageTransform$Parameters       : loaded 2 times (x 70B)
Class com.android.utils.Pair                                                          : loaded 2 times (x 72B)
Class com.android.build.gradle.internal.profile.TaskProfilingRecord$Companion         : loaded 2 times (x 71B)
Class com.android.build.gradle.tasks.ProcessApplicationManifest$CreationAction$configure$3: loaded 2 times (x 78B)
Class com.android.build.gradle.internal.tasks.ValidateResourcesTask$CreateAction$configure$1: loaded 2 times (x 79B)
Class com.android.build.gradle.internal.tasks.ProcessNavigationXmlTask_Decorated      : loaded 2 times (x 383B)
Class org.jetbrains.kotlin.gradle.tasks.KotlinCompilerPluginData$InputsOutputsState   : loaded 2 times (x 72B)
Class com.android.build.gradle.internal.tasks.MergeJavaResourceTask$Companion         : loaded 2 times (x 71B)
Class com.android.build.api.variant.impl.VariantApiExtensionsKt                       : loaded 2 times (x 71B)
Class com.google.gson.LongSerializationPolicy                                         : loaded 2 times (x 80B)
Class com.sun.xml.bind.v2.runtime.reflect.PrimitiveArrayListerInteger                 : loaded 2 times (x 76B)
Class com.android.sdklib.repository.generated.repository.v2.SourceDetailsType         : loaded 2 times (x 114B)
Class com.sun.xml.bind.v2.runtime.IllegalAnnotationsException$Builder                 : loaded 2 times (x 77B)
Class com.sun.xml.bind.v2.model.annotation.RuntimeAnnotationReader                    : loaded 2 times (x 70B)
Class javax.xml.bind.annotation.XmlNs                                                 : loaded 2 times (x 70B)
Class com.android.build.gradle.internal.SdkLocator$SdkLocationSource$INJECTED_SDK_HOME: loaded 2 times (x 80B)
Class com.android.build.gradle.internal.tasks.SdkDependencyDataGeneratorTask          : loaded 2 times (x 328B)
Class com.android.build.gradle.internal.tasks.BundleReportDependenciesTask$CreationAction$handleProvider$1: loaded 2 times (x 127B)
Class com.android.build.gradle.internal.tasks.GlobalSyntheticsMergeTask$CreationAction: loaded 2 times (x 90B)
Class com.android.build.gradle.internal.tasks.BundleIdeModelProducerTask$CreationAction: loaded 2 times (x 90B)
Class com.android.build.gradle.internal.TaskManager$createPackagingTask$configureResourcesAndAssetsDependencies$1: loaded 2 times (x 75B)
Class com.android.build.gradle.internal.tasks.DexArchiveBuilderTask$CreationAction$handleProvider$4: loaded 2 times (x 78B)
Class com.android.build.gradle.internal.tasks.factory.TaskFactoryUtils$dependsOn$7    : loaded 2 times (x 75B)
Class org.jetbrains.kotlin.gradle.plugin.sources.FragmentConsistencyChecks$optInAnnotationsCheck$1: loaded 2 times (x 79B)
Class org.jetbrains.kotlin.gradle.plugin.mpp.compilationImpl.DefaultKotlinCompilationFriendPathsResolver$CompositeFriendArtifactResolver: loaded 2 times (x 75B)
Class com.android.build.api.artifact.impl.TaskBasedOperationImpl                      : loaded 2 times (x 84B)
Class com.android.build.api.component.impl.MutableMapBackedUpWithMapProperty          : loaded 2 times (x 124B)
Class com.android.build.gradle.internal.component.VariantCreationConfig$Companion     : loaded 2 times (x 71B)
Class com.android.build.api.variant.impl.DependenciesInfoBuilderImpl                  : loaded 2 times (x 90B)
Class com.android.build.gradle.internal.variant.VariantPathHelper$dirName$2           : loaded 2 times (x 79B)
Class com.android.build.gradle.internal.core.dsl.impl.TestedVariantDslInfoImpl        : loaded 2 times (x 151B)
Class com.android.build.gradle.internal.manifest.ManifestDataProvider                 : loaded 2 times (x 70B)
Class com.android.build.api.dsl.TestCoverage                                          : loaded 2 times (x 70B)
Class com.android.build.gradle.internal.dsl.ComposeOptionsImpl                        : loaded 2 times (x 82B)
Class [Lorg.jetbrains.kotlin.compose.compiler.gradle.ComposeFeatureFlag;              : loaded 2 times (x 69B)
Class com.android.build.gradle.internal.dsl.AaptOptions                               : loaded 2 times (x 115B)
Class com.android.build.api.dsl.BaselineProfile                                       : loaded 2 times (x 70B)
Class org.bouncycastle.jcajce.provider.config.ConfigurableProvider                    : loaded 2 times (x 70B)
Class com.android.build.api.dsl.DynamicFeatureBaseFlavor                              : loaded 2 times (x 70B)
Class com.android.builder.core.ComponentTypeImpl                                      : loaded 2 times (x 105B)
Class [Lorg.jetbrains.kotlin.gradle.dsl.JvmTarget;                                    : loaded 2 times (x 69B)
Class org.jetbrains.kotlin.gradle.plugin.mpp.KotlinUsages$KotlinMetadataCompatibility : loaded 2 times (x 76B)
Class org.jetbrains.kotlin.gradle.utils.ConfigurationsKt$maybeCreateResolvable$1      : loaded 2 times (x 78B)
Class org.jetbrains.kotlin.gradle.plugin.StatisticsBuildFlowManager$Companion         : loaded 2 times (x 71B)
Class org.jetbrains.kotlin.statistics.metrics.StringMetrics$Companion                 : loaded 2 times (x 71B)
Class org.jetbrains.kotlin.gradle.internal.properties.PropertiesBuildService$property$1$1: loaded 2 times (x 75B)
Class org.jetbrains.kotlin.tooling.core.Extras$Type                                   : loaded 2 times (x 72B)
Class org.jetbrains.kotlin.gradle.plugin.mpp.AbstractKotlinCompilationToRunnableFiles : loaded 2 times (x 196B)
Class com.android.build.gradle.internal.plugins.BasePlugin$versionedSdkLoaderService$2$1$1: loaded 2 times (x 79B)
Class com.android.build.gradle.internal.services.Aapt2DaemonBuildService$Parameters_Decorated: loaded 2 times (x 127B)
Class com.google.common.cache.CacheBuilderSpec$ConcurrencyLevelParser                 : loaded 2 times (x 76B)
Class com.android.build.gradle.internal.res.Aapt2FromMaven$Companion$Aapt2Extractor   : loaded 2 times (x 78B)
Class com.android.build.gradle.internal.plugins.AndroidPluginBaseServices$syncIssueReporter$2$1: loaded 2 times (x 79B)
Class com.android.build.gradle.internal.plugins.BasePlugin$extensionData$2            : loaded 2 times (x 79B)
Class com.android.build.api.variant.HasAndroidTestBuilder                             : loaded 2 times (x 70B)
Class jdk.internal.jimage.ImageReader$LinkNode                                        : loaded 2 times (x 84B)
Class org.gradle.internal.classpath.TransformedClassPath                              : loaded 2 times (x 96B)
Class org.gradle.internal.classloader.InstrumentingClassLoader                        : loaded 2 times (x 70B)
Class kotlin.jvm.internal.FunctionReference                                           : loaded 2 times (x 122B)
Class kotlin.jvm.internal.FunctionBase                                                : loaded 2 times (x 70B)
Class org.jetbrains.kotlin.incremental.storage.DoubleExternalizer                     : loaded 2 times (x 75B)
Class org.jetbrains.kotlin.descriptors.DescriptorVisibilities$8                       : loaded 2 times (x 79B)
Class org.jetbrains.kotlin.metadata.ProtoBuf$MemberKind$1                             : loaded 2 times (x 74B)
Class org.jetbrains.kotlin.metadata.jvm.JvmProtoBuf$StringTableTypes$RecordOrBuilder  : loaded 2 times (x 70B)
Class [Lorg.jetbrains.org.objectweb.asm.SymbolTable$Entry;                            : loaded 2 times (x 69B)
Class org.jetbrains.kotlin.resolve.jvm.JvmClassName                                   : loaded 2 times (x 76B)
Class kotlin.enums.EnumEntriesList                                                    : loaded 2 times (x 223B)
Class com.android.zipflinger.ZipInfo                                                  : loaded 2 times (x 72B)
Class com.android.manifmerger.XmlElementMergeMapperKt                                 : loaded 2 times (x 71B)
Class com.android.manifmerger.ManifestMerger2$MapBasedKeyBasedValueResolver           : loaded 2 times (x 76B)
Class [Lorg.jetbrains.kotlin.daemon.common.CompileService$TargetPlatform;             : loaded 2 times (x 69B)
Class org.jetbrains.kotlin.daemon.client.KotlinCompilerClient$DaemonSearchResult$Found: loaded 2 times (x 72B)
Class org.jetbrains.kotlin.daemon.common.RestPropMapper                               : loaded 2 times (x 74B)
Class org.jetbrains.kotlin.gradle.report.BuildScanSettings                            : loaded 2 times (x 72B)
Class org.jetbrains.kotlin.compilerRunner.ProjectFilesForCompilation$Companion        : loaded 2 times (x 71B)
Class org.jetbrains.kotlin.compilerRunner.ProjectFilesForCompilation                  : loaded 2 times (x 72B)
Class org.jetbrains.kotlin.gradle.logging.GradleErrorMessageCollector                 : loaded 2 times (x 77B)
Class org.jetbrains.kotlin.gradle.tasks.OOMErrorException                             : loaded 2 times (x 82B)
Class com.android.aaptcompiler.android.ResValue$DataType$Companion                    : loaded 2 times (x 71B)
Class com.android.aapt.ConfigurationOuterClass$Configuration$Keyboard$1               : loaded 2 times (x 76B)
Class org.jetbrains.kotlin.gradle.plugin.FilesSubpluginOption                         : loaded 2 times (x 72B)
Class com.android.aapt.ConfigurationOuterClass$Configuration$Keyboard                 : loaded 2 times (x 87B)
Class com.android.aaptcompiler.BlameLogger                                            : loaded 2 times (x 72B)
Class com.google.common.collect.Tables$AbstractCell                                   : loaded 2 times (x 81B)
Class com.android.utils.PositionXmlParser                                             : loaded 2 times (x 71B)
Class com.android.build.gradle.internal.scope.BootClasspathBuilder$computeClasspath$1$1: loaded 2 times (x 79B)
Class com.sun.xml.bind.v2.runtime.unmarshaller.ProxyLoader                            : loaded 2 times (x 78B)
Class com.sun.xml.bind.v2.model.core.ArrayInfo                                        : loaded 2 times (x 70B)
Class com.android.repository.impl.generated.generic.v1.package-info                   : loaded 2 times (x 70B)
Class com.android.repository.impl.generated.v2.ChannelType                            : loaded 2 times (x 83B)
Class com.android.sdklib.repository.generated.common.v2.package-info                  : loaded 2 times (x 70B)
Class com.android.build.gradle.internal.SdkLocator$SdkLocationSource$LOCAL_SDK_DIR    : loaded 2 times (x 80B)
Class com.android.build.gradle.internal.utils.ConsoleProgressIndicatorFactory         : loaded 2 times (x 72B)
Class com.android.build.gradle.internal.publishing.VariantSpecBuilderImpl             : loaded 2 times (x 90B)
Class com.android.build.gradle.internal.utils.D8BackportedMethodsGenerator$Inject_1   : loaded 2 times (x 109B)
Class com.android.build.gradle.internal.dependency.RecalculateStackFramesTransform$Companion: loaded 2 times (x 71B)
Class com.android.build.gradle.internal.dependency.CollectResourceSymbolsTransform    : loaded 2 times (x 78B)
Class com.android.build.gradle.internal.tasks.SdkDependencyDataGeneratorTask$CreationAction$handleProvider$1: loaded 2 times (x 127B)
Class com.android.build.gradle.internal.tasks.UninstallTask$CreationAction            : loaded 2 times (x 91B)
Class com.android.build.gradle.internal.tasks.InstallVariantTask$CreationAction       : loaded 2 times (x 91B)
Class com.android.build.gradle.internal.scope.InternalArtifactType$NATIVE_DEBUG_METADATA: loaded 2 times (x 74B)
Class com.android.build.gradle.internal.tasks.DexArchiveBuilderTask$CreationAction$handleProvider$5: loaded 2 times (x 78B)
Class org.jetbrains.kotlin.gradle.plugin.sources.FragmentConsistencyChecks$optInAnnotationsCheck$2: loaded 2 times (x 78B)
Class com.android.build.api.artifact.MultipleArtifact$PRE_COMPILATION_CLASSES         : loaded 2 times (x 74B)
Class com.android.build.gradle.tasks.ManifestProcessor                                : loaded 2 times (x 70B)
Class com.android.build.api.artifact.Artifact$Transformable                           : loaded 2 times (x 70B)
Class com.android.build.gradle.internal.TaskManager$createCompileAnchorTask$1         : loaded 2 times (x 74B)
Class com.android.build.gradle.internal.scope.InternalArtifactType$CODE_COVERAGE_HTML_REPORT: loaded 2 times (x 74B)
Class com.android.build.gradle.internal.TaskManager$AbstractPreBuildCreationAction    : loaded 2 times (x 91B)
Class com.android.build.gradle.internal.component.DeviceTestCreationConfig            : loaded 2 times (x 70B)
Class com.android.build.gradle.internal.testsuites.impl.TestSuiteBuilderImpl$Companion: loaded 2 times (x 71B)
Class com.android.build.gradle.internal.dsl.CompileSdkSpecImpl$AgpDecorated           : loaded 2 times (x 90B)
Class com.android.buildanalyzer.common.TaskCategory                                   : loaded 2 times (x 80B)
Class com.android.build.gradle.internal.tasks.UsesAnalytics                           : loaded 2 times (x 70B)
Class com.android.build.gradle.internal.tasks.SigningConfigUtils                      : loaded 2 times (x 71B)
Class com.android.build.gradle.internal.dsl.BundleOptionsDeviceTier$AgpDecorated      : loaded 2 times (x 85B)
Class com.android.build.gradle.internal.dsl.EmulatorControl$AgpDecorated_Decorated    : loaded 2 times (x 134B)
Class com.android.build.gradle.internal.dsl.CommonExtensionImpl$compileSdkDelegate$1  : loaded 2 times (x 79B)
Class com.android.build.gradle.internal.dsl.BaselineProfileImpl$AgpDecorated          : loaded 2 times (x 84B)
Class com.android.build.gradle.internal.dsl.decorator.DslDecorator$CollectingInfoVisitor: loaded 2 times (x 75B)
Class com.android.build.gradle.internal.dsl.decorator.DslDecorator$Companion          : loaded 2 times (x 71B)
Class com.android.build.api.dsl.AnnotationProcessorOptions                            : loaded 2 times (x 70B)
Class com.android.builder.model.BuildType                                             : loaded 2 times (x 70B)
Class org.jetbrains.kotlin.gradle.plugin.statistics.BuildFusServiceKt                 : loaded 2 times (x 71B)
Class org.jetbrains.kotlin.gradle.plugin.BuildFinishedListenerService$Companion       : loaded 2 times (x 71B)
Class org.jetbrains.kotlin.gradle.plugin.BuildFinishedListenerService                 : loaded 2 times (x 80B)
Class org.jetbrains.kotlin.gradle.plugin.KotlinBaseApiPlugin$kotlinExtension$2        : loaded 2 times (x 79B)
Class com.android.build.gradle.internal.plugins.BasePlugin$versionedSdkLoaderService$2$1$2: loaded 2 times (x 79B)
Class com.android.build.gradle.internal.AvdComponentsBuildService$Parameters_Decorated: loaded 2 times (x 157B)
Class com.android.build.gradle.internal.plugins.BasePlugin$configureProject$1         : loaded 2 times (x 75B)
Class com.android.build.gradle.internal.services.StringCachingBuildService$RegistrationAction: loaded 2 times (x 74B)
Class org.jetbrains.kotlin.gradle.internal.ParentClassLoaderProvider                  : loaded 2 times (x 70B)
Class com.google.protobuf.AbstractParser                                              : loaded 2 times (x 150B)
Class org.jetbrains.kotlin.com.google.common.base.Ticker                              : loaded 2 times (x 72B)
Class com.android.build.gradle.options.IntegerOption                                  : loaded 2 times (x 85B)
Class org.jetbrains.kotlin.com.google.common.util.concurrent.ExecutionError           : loaded 2 times (x 82B)
Class com.android.build.gradle.internal.core.dsl.ComponentDslInfo                     : loaded 2 times (x 70B)
Class com.android.build.api.variant.AndroidComponents                                 : loaded 2 times (x 70B)
Class com.android.build.gradle.internal.plugins.BasePlugin                            : loaded 2 times (x 93B)
Class org.gradle.accessors.dm.LibrariesForLibs$AndroidxLifecycleRuntimeLibraryAccessors: loaded 2 times (x 77B)
Class com.google.common.collect.Maps$IteratorBasedAbstractMap$1                       : loaded 2 times (x 138B)
Class com.google.common.collect.ImmutableRangeSet$AsSet                               : loaded 2 times (x 300B)
Class jdk.internal.jrtfs.SystemImage$1                                                : loaded 2 times (x 78B)
Class org.jetbrains.kotlin.protobuf.GeneratedMessageLite$ExtendableBuilder            : loaded 2 times (x 138B)
Class org.jetbrains.kotlin.descriptors.DescriptorVisibilities$9                       : loaded 2 times (x 79B)
Class org.jetbrains.kotlin.metadata.jvm.JvmProtoBuf$StringTableTypes                  : loaded 2 times (x 110B)
Class kotlin.comparisons.ComparisonsKt___ComparisonsJvmKt                             : loaded 2 times (x 71B)
Class kotlin.collections.CollectionsKt__IteratorsJVMKt                                : loaded 2 times (x 71B)
Class com.android.build.gradle.internal.scope.InternalArtifactType$MANAGED_DEVICE_ANDROID_TEST_MERGED_RESULTS_REPORT: loaded 2 times (x 74B)
Class org.jetbrains.kotlin.daemon.common.OptionsGroup                                 : loaded 2 times (x 70B)
Class com.android.manifmerger.ManifestModel$NodeTypes$1                               : loaded 2 times (x 81B)
Class org.jetbrains.kotlin.daemon.common.IncrementalCompilerServicesFacade            : loaded 2 times (x 70B)
Class org.jetbrains.kotlin.gradle.internal.name.ClassId$Companion                     : loaded 2 times (x 71B)
Class org.jetbrains.kotlin.incremental.IncrementalCompilationFeatures$Companion       : loaded 2 times (x 71B)
Class org.jetbrains.kotlin.com.google.common.util.concurrent.AbstractFuture$Trusted   : loaded 2 times (x 70B)
Class com.google.protobuf.UnsafeUtil$MemoryAccessor                                   : loaded 2 times (x 91B)
Class com.android.aaptcompiler.UnicodeUtilKt                                          : loaded 2 times (x 71B)
Class org.jetbrains.kotlin.daemon.common.IncrementalCompilationOptions                : loaded 2 times (x 73B)
Class com.google.gson.GsonBuilder                                                     : loaded 2 times (x 72B)
Class com.android.builder.files.SerializableChange                                    : loaded 2 times (x 72B)
Class org.jetbrains.kotlin.gradle.plugin.statistics.BuildFusService$onFinish$2        : loaded 2 times (x 79B)
Class com.android.build.gradle.internal.BuildToolsExecutableInput                     : loaded 2 times (x 79B)
Class org.jetbrains.kotlin.gradle.tasks.AbstractKotlinCompileTool$sources$1           : loaded 2 times (x 79B)
Class com.android.build.gradle.tasks.JdkImageInput$generatedModuleFile$1              : loaded 2 times (x 74B)
Class com.google.gson.internal.bind.DefaultDateTypeAdapter                            : loaded 2 times (x 74B)
Class com.sun.xml.bind.v2.runtime.reflect.PrimitiveArrayListerShort                   : loaded 2 times (x 76B)
Class com.sun.xml.bind.v2.runtime.reflect.NullSafeAccessor                            : loaded 2 times (x 85B)
Class com.sun.xml.bind.v2.runtime.property.AttributeProperty                          : loaded 2 times (x 105B)
Class com.sun.xml.bind.v2.model.annotation.LocatableAnnotation                        : loaded 2 times (x 85B)
Class com.android.repository.api.License                                              : loaded 2 times (x 85B)
Class com.android.sdklib.repository.generated.addon.v2.package-info                   : loaded 2 times (x 70B)
Class [Lcom.android.tools.utp.gradle.api.UtpDependency;                               : loaded 2 times (x 69B)
Class com.android.build.gradle.internal.tasks.SdkDependencyDataGeneratorTask$CreationAction$handleProvider$2: loaded 2 times (x 127B)
Class com.android.build.gradle.internal.tasks.BaseTask$CreationAction                 : loaded 2 times (x 90B)
Class com.android.build.gradle.internal.tasks.DexArchiveBuilderTask$CreationAction$handleProvider$6: loaded 2 times (x 127B)
Class org.jetbrains.kotlin.gradle.plugin.mpp.compilationImpl.factory.DefaultKotlinCompilationOutputFactory: loaded 2 times (x 74B)
Class org.jetbrains.kotlin.gradle.tasks.configuration.TaskConfigAction                : loaded 2 times (x 72B)
Class com.android.build.api.artifact.impl.MultipleArtifactContainer                   : loaded 2 times (x 75B)
Class com.android.build.api.variant.impl.JniLibsPackagingImpl$keepDebugSymbols$1      : loaded 2 times (x 75B)
Class com.android.build.gradle.internal.dependency.ProvidedClasspathSubtractor$getFileCollection$1: loaded 2 times (x 75B)
Class com.android.build.api.component.impl.DeviceTestImpl$instrumentationRunnerArguments$2: loaded 2 times (x 79B)
Class com.android.build.gradle.internal.core.dsl.impl.ApplicationVariantDslInfoImpl$computeVersionNameSuffix$2: loaded 2 times (x 78B)
Class com.android.build.api.component.impl.ComponentImpl$androidResourcesCreationConfig$2: loaded 2 times (x 79B)
Class com.android.build.gradle.internal.variant.VariantPathHelper$Companion           : loaded 2 times (x 71B)
Class com.android.build.gradle.internal.attributes.VariantAttr$Companion              : loaded 2 times (x 71B)
Class com.android.manifmerger.ManifestModel                                           : loaded 2 times (x 81B)
Class com.android.build.gradle.internal.services.VariantServices                      : loaded 2 times (x 70B)
Class com.android.build.gradle.internal.CompileOptions$Companion                      : loaded 2 times (x 71B)
Class com.android.build.gradle.internal.dsl.decorator.ApplicationInstallationImpl$AgpDecorated: loaded 2 times (x 99B)
Class com.android.build.gradle.internal.dsl.CommonExtensionImpl$compileSdkDelegate$2  : loaded 2 times (x 79B)
Class com.android.builder.core.DefaultVectorDrawablesOptions                          : loaded 2 times (x 80B)
Class com.android.build.gradle.internal.dsl.BaselineProfileImpl                       : loaded 2 times (x 79B)
Class com.android.build.gradle.internal.dsl.ExternalNativeBuild                       : loaded 2 times (x 91B)
Class com.android.build.gradle.internal.dsl.decorator.LockableMap                     : loaded 2 times (x 128B)
Class com.android.build.gradle.internal.dsl.BuildType                                 : loaded 2 times (x 365B)
Class org.jetbrains.kotlin.gradle.plugin.KotlinSourceSetTree                          : loaded 2 times (x 72B)
Class org.jetbrains.kotlin.gradle.plugin.sources.KotlinSourceSetFactory               : loaded 2 times (x 80B)
Class org.jetbrains.kotlin.gradle.targets.native.toolchain.KotlinNativeBundleBuildService$Parameters_Decorated: loaded 2 times (x 139B)
Class org.jetbrains.kotlin.gradle.internal.ClassLoadersCachingBuildService$Companion  : loaded 2 times (x 71B)
Class org.jetbrains.kotlin.gradle.internal.IdeaKt$isInIdeaSync$1                      : loaded 2 times (x 74B)
Class com.android.build.gradle.internal.plugins.BasePlugin$configureProject$2         : loaded 2 times (x 75B)
Class com.google.wireless.android.sdk.stats.JavaProcessStats$1                        : loaded 2 times (x 151B)
Class com.android.manifmerger.Actions$AttributeRecord                                 : loaded 2 times (x 78B)
Class com.google.protobuf.GeneratedMessage$GeneratedExtension                         : loaded 2 times (x 87B)
Class com.android.build.gradle.internal.profile.AnalyticsConfiguratorService$Params_Decorated: loaded 2 times (x 130B)
Class com.android.build.gradle.internal.errors.MessageReceiverImpl                    : loaded 2 times (x 75B)
Class com.android.build.gradle.internal.variant.VariantInputModel                     : loaded 2 times (x 70B)
Class org.gradle.accessors.dm.LibrariesForLibs$OkhttpLibraryAccessors                 : loaded 2 times (x 83B)
Class jdk.internal.jrtfs.SystemImage$2                                                : loaded 2 times (x 76B)
Class org.jetbrains.kotlin.utils.CollectionsKt                                        : loaded 2 times (x 71B)
Class org.jetbrains.kotlin.metadata.jvm.JvmProtoBuf$StringTableTypes$1                : loaded 2 times (x 144B)
Class [Lorg.jetbrains.kotlin.com.intellij.openapi.diagnostic.LogLevel;                : loaded 2 times (x 69B)
Class org.jetbrains.kotlin.metadata.ProtoBuf$PropertyOrBuilder                        : loaded 2 times (x 70B)
Class org.jetbrains.org.objectweb.asm.tree.LabelNode                                  : loaded 2 times (x 80B)
Class org.jetbrains.kotlin.metadata.ProtoBuf$Constructor$1                            : loaded 2 times (x 144B)
Class com.android.builder.internal.aapt.v2.Aapt2DaemonManager                         : loaded 2 times (x 72B)
Class com.android.build.gradle.internal.services.Aapt2DaemonBuildService$getManager$1$1: loaded 2 times (x 79B)
Class com.android.manifmerger.ManifestModel$TwoAttributesBasedKeyResolver             : loaded 2 times (x 76B)
Class org.jetbrains.kotlin.daemon.common.CompilerMode                                 : loaded 2 times (x 79B)
Class org.jetbrains.kotlin.daemon.common.DaemonParamsKt$daemonJVMOptionsMemoryProps$1 : loaded 2 times (x 137B)
Class org.jetbrains.kotlin.gradle.internal.config.JvmDefaultMode$Companion            : loaded 2 times (x 71B)
Class org.jetbrains.kotlin.cli.common.arguments.PreprocessCommandLineArgumentsKt      : loaded 2 times (x 71B)
Class org.jetbrains.kotlin.compilerRunner.OutputItemsCollectorImpl                    : loaded 2 times (x 77B)
Class org.jetbrains.kotlin.compilerRunner.CompilerSystemPropertiesService$Inject_     : loaded 2 times (x 100B)
Class com.android.ide.common.symbols.SymbolListWithPackageNameWriter                  : loaded 2 times (x 84B)
Class com.android.zipflinger.NoCopyByteArrayOutputStream                              : loaded 2 times (x 97B)
Class com.android.builder.files.SerializableInputChanges                              : loaded 2 times (x 72B)
Class com.android.build.gradle.internal.services.Aapt2DaemonBuildService$Inject_      : loaded 2 times (x 100B)
Class org.jetbrains.kotlin.buildtools.internal.CompilationServiceProxy                : loaded 2 times (x 82B)
Class com.android.build.gradle.tasks.JavaPreCompileTask_Decorated                     : loaded 2 times (x 375B)
Class org.jetbrains.kotlin.gradle.utils.ProviderApiUtilsKt$mapOrNull$1$1              : loaded 2 times (x 75B)
Class [Lorg.jetbrains.kotlin.build.report.metrics.BuildAttribute;                     : loaded 2 times (x 69B)
Class com.google.gson.internal.Primitives                                             : loaded 2 times (x 71B)
Class com.sun.xml.bind.v2.runtime.property.ArrayElementLeafProperty                   : loaded 2 times (x 105B)
Class javax.xml.bind.annotation.adapters.XmlJavaTypeAdapter$DEFAULT                   : loaded 2 times (x 71B)
Class com.sun.xml.bind.v2.model.impl.ElementPropertyInfoImpl$1                        : loaded 2 times (x 200B)
Class com.sun.xml.bind.v2.model.impl.ERPropertyInfoImpl                               : loaded 2 times (x 108B)
Class com.android.sdklib.repository.generated.common.v1.ApiDetailsType                : loaded 2 times (x 107B)
Class com.sun.xml.bind.v2.model.impl.RuntimeBuiltinLeafInfoImpl$1                     : loaded 2 times (x 76B)
Class com.android.build.gradle.internal.utils.ConsoleProgressIndicatorFactory$isTerminalSmart$2$1: loaded 2 times (x 74B)
Class com.android.build.gradle.internal.publishing.VariantPublishingSpecImpl          : loaded 2 times (x 77B)
Class com.android.build.gradle.internal.dependency.ExtractProGuardRulesTransform$Inject_1: loaded 2 times (x 109B)
Class com.android.build.api.variant.SourceDirectories$Flat                            : loaded 2 times (x 70B)
Class com.android.build.gradle.tasks.TestResultsCollectionTask$BaseTestResultsCollectionCreationAction: loaded 2 times (x 91B)
Class com.android.build.gradle.internal.tasks.BundleToStandaloneApkTask$CreationAction$handleProvider$1: loaded 2 times (x 127B)
Class com.android.build.gradle.internal.tasks.MergeArtProfileTask$CreationAction$handleProvider$1: loaded 2 times (x 127B)
Class com.android.build.gradle.tasks.PackageAndroidArtifact$Companion                 : loaded 2 times (x 71B)
Class com.android.build.api.variant.impl.SigningConfigImpl$enableV1Signing$1          : loaded 2 times (x 75B)
Class com.android.build.gradle.internal.tasks.DexArchiveBuilderTask$CreationAction$handleProvider$7: loaded 2 times (x 127B)
Class com.android.build.api.artifact.impl.InternalScopedArtifact$FINAL_TRANSFORMED_CLASSES: loaded 2 times (x 74B)
Class org.jetbrains.kotlin.gradle.plugin.mpp.InternalKotlinCompilationKt              : loaded 2 times (x 71B)
Class org.jetbrains.kotlin.gradle.plugin.mpp.compilationImpl.KotlinCompilationImpl$attributes$2: loaded 2 times (x 79B)
Class org.jetbrains.kotlin.gradle.tasks.configuration.AbstractKotlinCompileConfig     : loaded 2 times (x 72B)
Class com.android.build.gradle.internal.scope.InternalArtifactType$RUNTIME_APP_CLASSES_JAR: loaded 2 times (x 74B)
Class com.android.build.api.variant.impl.ResourcesPackagingImpl$pickFirsts$1          : loaded 2 times (x 75B)
Class com.android.build.gradle.internal.TaskManager$createProcessJavaResTask$taskConfig$1: loaded 2 times (x 92B)
Class com.android.build.gradle.tasks.ProcessAndroidResources                          : loaded 2 times (x 330B)
Class com.android.build.gradle.tasks.MergeSourceSetFolders$CreationAction             : loaded 2 times (x 91B)
Class com.android.build.gradle.tasks.ProcessManifestForMetadataFeatureTask            : loaded 2 times (x 329B)
Class com.android.build.gradle.internal.scope.InternalArtifactType$COMPATIBLE_SCREEN_MANIFEST: loaded 2 times (x 74B)
Class com.android.build.gradle.internal.variant.BaseVariantData$DiscoverableFilterType$ABI: loaded 2 times (x 80B)
Class com.android.build.gradle.internal.core.PostProcessingOptions                    : loaded 2 times (x 70B)
Class com.android.build.gradle.internal.core.MergedJavaCompileOptions                 : loaded 2 times (x 83B)
Class com.android.build.gradle.internal.core.dsl.impl.ApplicationVariantDslInfoImpl   : loaded 2 times (x 198B)
Class org.jetbrains.kotlin.metadata.ProtoBuf$Effect$EffectType                        : loaded 2 times (x 82B)
Class com.android.build.gradle.internal.dsl.MinSdkProperties                          : loaded 2 times (x 70B)
Class com.android.build.gradle.internal.dsl.decorator.DslDecorator$Companion$lookupDefineClassMethod$2: loaded 2 times (x 78B)
Class jdk.internal.jimage.decompressor.StringSharingDecompressorFactory               : loaded 2 times (x 74B)
Class org.jetbrains.kotlin.gradle.plugin.StatisticsBuildFlowManager$subscribeForBuildResultAndConfigurationTimeMetrics$1$1: loaded 2 times (x 74B)
Class org.jetbrains.kotlin.gradle.utils.IsolatedKotlinClasspathClassCastException     : loaded 2 times (x 82B)
Class com.android.build.gradle.internal.plugins.BasePlugin$configureProject$3         : loaded 2 times (x 77B)
Class com.android.build.gradle.internal.ide.dependencies.MavenCoordinatesCacheBuildService: loaded 2 times (x 80B)
Class com.android.builder.profile.AnalyticsProfileWriter                              : loaded 2 times (x 72B)
Class com.google.gson.stream.JsonWriter                                               : loaded 2 times (x 98B)
Class com.android.build.gradle.internal.utils.AnalyticsEnabledValueSource             : loaded 2 times (x 78B)
Class com.google.common.cache.LocalCache$Values                                       : loaded 2 times (x 118B)
Class com.android.build.gradle.internal.plugins.BasePlugin$buildOutputs$2             : loaded 2 times (x 79B)
Class com.android.build.gradle.internal.plugins.AndroidPluginBaseServices$androidProblemReporterProviderService$2: loaded 2 times (x 79B)
Class com.android.build.gradle.internal.component.ApkCreationConfig                   : loaded 2 times (x 70B)
Class com.android.build.gradle.internal.services.RunOnceBuildServiceImpl$RegistrationAction: loaded 2 times (x 73B)
Class org.gradle.internal.service.ServiceLocator                                      : loaded 2 times (x 70B)
Class org.jetbrains.kotlin.incremental.storage.FloatExternalizer                      : loaded 2 times (x 75B)
Class kotlin.Pair                                                                     : loaded 2 times (x 72B)
Class org.jetbrains.kotlin.incremental.impl.UtilsKt                                   : loaded 2 times (x 71B)
Class [Lkotlin.Function;                                                              : loaded 2 times (x 69B)
Class org.jetbrains.kotlin.load.kotlin.header.ReadKotlinClassHeaderAnnotationVisitor$CollectStringArrayAnnotationVisitor: loaded 2 times (x 85B)
Class org.jetbrains.kotlin.incremental.classpathDiff.impl.KotlinClassHeaderClassVisitor: loaded 2 times (x 88B)
Class com.android.build.gradle.internal.scope.InternalArtifactType$ANNOTATIONS_ZIP    : loaded 2 times (x 74B)
Class com.android.manifmerger.NavGraphExpander                                        : loaded 2 times (x 71B)
Class org.jetbrains.kotlin.daemon.common.DaemonParamsKt$daemonJVMOptionsMemoryProps$2 : loaded 2 times (x 137B)
Class com.android.aaptcompiler.XmlUtilKt                                              : loaded 2 times (x 71B)
Class com.android.build.api.variant.impl.FileBasedDirectoryEntryImpl$asFileTree$1$1   : loaded 2 times (x 75B)
Class org.jetbrains.kotlin.gradle.tasks.DefaultKotlinJavaToolchain$DefaultJavaToolchainSetter$useAsConvention$1: loaded 2 times (x 75B)
Class org.jetbrains.kotlin.gradle.plugin.KotlinCompilerArgumentsProducer$CreateCompilerArgumentsContext: loaded 2 times (x 70B)
Class com.android.build.gradle.internal.SdkDirectLoadingStrategy$DirectLoadComponents : loaded 2 times (x 72B)
Class com.google.gson.internal.bind.TypeAdapterRuntimeTypeWrapper                     : loaded 2 times (x 74B)
Class com.sun.xml.bind.v2.runtime.CompositeStructureBeanInfo                          : loaded 2 times (x 98B)
Class com.sun.xml.bind.v2.runtime.property.ArrayERProperty                            : loaded 2 times (x 104B)
Class com.android.sdklib.repository.generated.sysimg.v1.SysImgDetailsType             : loaded 2 times (x 139B)
Class javax.xml.bind.annotation.XmlElementDecl$GLOBAL                                 : loaded 2 times (x 71B)
Class com.sun.xml.bind.v2.model.impl.RuntimeBuiltinLeafInfoImpl$2                     : loaded 2 times (x 136B)
Class com.sun.xml.bind.v2.util.QNameMap$Entry                                         : loaded 2 times (x 72B)
Class com.android.build.gradle.internal.SdkComponentsBuildService$VersionedSdkLoader$buildToolInfoProvider$1: loaded 2 times (x 75B)
Class com.android.build.gradle.internal.scope.InternalArtifactType$RENDERSCRIPT_HEADERS: loaded 2 times (x 74B)
Class org.gradle.accessors.dm.LibrariesForLibs$KotlinxLibraryAccessors                : loaded 2 times (x 78B)
Class com.android.build.gradle.internal.dsl.VariantOutputFactory                      : loaded 2 times (x 73B)
Class com.android.build.gradle.tasks.RenderscriptCompile                              : loaded 2 times (x 343B)
Class com.android.build.gradle.internal.test.AbstractTestDataImpl$testDirectories$1$1 : loaded 2 times (x 79B)
Class com.android.build.api.variant.impl.SourcesImpl$aidl$2                           : loaded 2 times (x 79B)
Class com.android.build.api.variant.impl.FileBasedFileEntry$asFile$1                  : loaded 2 times (x 75B)
Class com.android.build.gradle.internal.tasks.MergeNativeDebugMetadataTask$CreationAction$handleProvider$1: loaded 2 times (x 127B)
Class com.android.build.gradle.internal.tasks.BundleToStandaloneApkTask$CreationAction$handleProvider$2: loaded 2 times (x 75B)
Class com.android.build.gradle.internal.tasks.ParseIntegrityConfigTask                : loaded 2 times (x 327B)
Class com.android.build.gradle.internal.tasks.StripDebugSymbolsTask                   : loaded 2 times (x 334B)
Class com.android.build.gradle.internal.tasks.DexArchiveBuilderTask$CreationAction$handleProvider$8: loaded 2 times (x 127B)
Class org.jetbrains.kotlin.compose.compiler.gradle.ComposeCompilerGradleSubplugin$applyToCompilation$allPluginProperties$1$10: loaded 2 times (x 76B)
Class com.android.build.gradle.tasks.JavaPreCompileTask$CreationAction$handleProvider$1: loaded 2 times (x 78B)
Class com.android.build.gradle.internal.scope.InternalArtifactType$DATA_BINDING_LAYOUT_INFO_TYPE_MERGE: loaded 2 times (x 74B)
Class com.android.build.api.component.impl.features.InstrumentationCreationConfigImpl$instrumentation$2: loaded 2 times (x 79B)
Class com.android.build.gradle.internal.variant.BaseVariantData$Companion             : loaded 2 times (x 71B)
Class com.android.build.gradle.internal.dependency.ResolutionResultProvider           : loaded 2 times (x 70B)
Class com.android.build.api.component.impl.features.CommonOptimizationDslInfoImpl     : loaded 2 times (x 98B)
Class com.android.build.api.artifact.impl.ArtifactNamingContext                       : loaded 2 times (x 72B)
Class com.android.build.gradle.internal.tasks.factory.TaskManagerConfig               : loaded 2 times (x 70B)
Class com.android.build.api.dsl.ExternalNativeBuild                                   : loaded 2 times (x 70B)
Class com.android.build.gradle.internal.dsl.BundleOptionsDensity                      : loaded 2 times (x 77B)
Class com.android.build.api.dsl.Bundle                                                : loaded 2 times (x 70B)
Class com.android.build.gradle.internal.dsl.decorator.SupportedPropertyType$Collection$List: loaded 2 times (x 74B)
Class com.android.build.api.dsl.LibraryProductFlavor                                  : loaded 2 times (x 70B)
Class org.jetbrains.kotlin.gradle.plugin.statistics.KotlinBuildStatsLoggerService$Companion: loaded 2 times (x 71B)
Class com.android.build.gradle.internal.plugins.BasePlugin$configureProject$4         : loaded 2 times (x 74B)
Class com.android.repository.Revision                                                 : loaded 2 times (x 87B)
Class com.android.build.gradle.options.Option                                         : loaded 2 times (x 70B)
Class com.android.build.gradle.internal.res.Aapt2FromMaven$Companion$create$aapt2Directory$1: loaded 2 times (x 74B)
Class com.android.build.gradle.options.SyncOptions                                    : loaded 2 times (x 71B)
Class com.android.utils.ILogger                                                       : loaded 2 times (x 70B)
Class com.android.build.gradle.internal.core.dsl.ConsumableComponentDslInfo           : loaded 2 times (x 70B)
Class com.android.build.gradle.internal.variant.AbstractVariantInputManager           : loaded 2 times (x 97B)
Class com.android.build.gradle.internal.tasks.factory.GlobalTaskCreationConfigImpl    : loaded 2 times (x 135B)
Class com.android.build.gradle.AbstractAppExtension                                   : loaded 2 times (x 215B)
Class com.android.build.gradle.BasePlugin                                             : loaded 2 times (x 76B)
Class com.google.common.collect.HashBiMap$BiEntry                                     : loaded 2 times (x 83B)
Class jdk.internal.jrtfs.JrtFileSystemProvider                                        : loaded 2 times (x 101B)
Class [Lorg.jetbrains.org.objectweb.asm.tree.AbstractInsnNode;                        : loaded 2 times (x 69B)
Class org.jetbrains.kotlin.incremental.classpathDiff.ExtraInfoExternalizer            : loaded 2 times (x 75B)
Class kotlin.io.CloseableKt                                                           : loaded 2 times (x 71B)
Class org.jetbrains.kotlin.incremental.classpathDiff.ClasspathEntrySnapshot           : loaded 2 times (x 72B)
Class kotlin.collections.CollectionsKt__MutableCollectionsKt                          : loaded 2 times (x 71B)
Class org.jetbrains.kotlin.daemon.common.DaemonParamsKt$daemonJVMOptionsMemoryProps$3 : loaded 2 times (x 137B)
Class com.android.build.api.variant.impl.BuiltArtifactsImpl$initializedElementType$2  : loaded 2 times (x 79B)
Class org.jetbrains.kotlin.compilerRunner.CompilerSystemPropertiesService$Parameters$Inject_: loaded 2 times (x 106B)
Class com.google.gson.internal.bind.JsonTreeReader                                    : loaded 2 times (x 98B)
Class org.jetbrains.kotlin.com.google.common.util.concurrent.AbstractFuture$SynchronizedHelper: loaded 2 times (x 78B)
Class org.jetbrains.kotlin.com.google.common.cache.CacheLoader$UnsupportedLoadingOperationException: loaded 2 times (x 82B)
Class com.android.build.gradle.internal.dependency.AarToClassTransform$Params$Inject_ : loaded 2 times (x 108B)
Class com.android.aapt.Resources$XmlNode                                              : loaded 2 times (x 204B)
Class [Lcom.android.aapt.ConfigurationOuterClass$Configuration$GrammaticalGender;     : loaded 2 times (x 69B)
Class com.google.protobuf.UnsafeUtil$1                                                : loaded 2 times (x 76B)
Class com.google.protobuf.CodedOutputStream$AbstractBufferedEncoder                   : loaded 2 times (x 110B)
Class com.google.common.collect.AbstractSetMultimap                                   : loaded 2 times (x 174B)
Class com.android.utils.NullLogger                                                    : loaded 2 times (x 85B)
Class com.android.ide.common.resources.CompileResourceRequest$sourcePath$2            : loaded 2 times (x 79B)
Class com.android.build.gradle.internal.DependencyResourcesComputer$initFromVariantScope$2: loaded 2 times (x 79B)
Class com.sun.xml.bind.v2.runtime.Name                                                : loaded 2 times (x 75B)
Class com.sun.xml.bind.v2.model.impl.RuntimeBuiltinLeafInfoImpl$3                     : loaded 2 times (x 136B)
Class com.sun.xml.bind.v2.model.core.BuiltinLeafInfo                                  : loaded 2 times (x 70B)
Class com.android.repository.impl.generated.v2.DependenciesType                       : loaded 2 times (x 75B)
Class com.android.sdklib.repository.AndroidSdkHandler$InstanceProvider                : loaded 2 times (x 70B)
Class com.android.sdklib.OptionalLibrary                                              : loaded 2 times (x 70B)
Class com.android.build.api.variant.impl.ArtifactMetadataProcessor$Companion          : loaded 2 times (x 71B)
Class com.android.build.api.artifact.SingleArtifact$OBFUSCATION_MAPPING_PARTITION_FILE: loaded 2 times (x 74B)
Class com.android.build.gradle.internal.dependency.DexingOutputSplitTransform$Inject_1: loaded 2 times (x 109B)
Class com.android.build.gradle.internal.dependency.DexingNoClasspathTransform         : loaded 2 times (x 81B)
Class com.android.build.gradle.internal.dependency.MockableJarTransform$Parameters_Decorated: loaded 2 times (x 135B)
Class org.jetbrains.kotlin.gradle.dsl.KotlinProjectExtension                          : loaded 2 times (x 122B)
Class com.android.build.gradle.internal.test.AbstractTestDataImpl$testDirectories$1$2 : loaded 2 times (x 79B)
Class com.android.build.api.component.impl.DefaultSourcesProviderImpl$defaultAssetsSources$1: loaded 2 times (x 78B)
Class com.android.build.gradle.internal.tasks.DexArchiveBuilderTask$CreationAction$handleProvider$9: loaded 2 times (x 78B)
Class com.android.build.api.variant.impl.SigningConfigImpl$keyAlias$1                 : loaded 2 times (x 75B)
Class org.jetbrains.kotlin.compose.compiler.gradle.ComposeCompilerGradleSubplugin$applyToCompilation$allPluginProperties$1$11: loaded 2 times (x 74B)
Class com.android.build.gradle.internal.res.GenerateLibraryRFileTask$CreationAction   : loaded 2 times (x 90B)
Class com.android.build.gradle.internal.scope.InternalArtifactType$MERGED_RES         : loaded 2 times (x 74B)
Class com.android.build.api.artifact.SingleArtifact$MERGED_MANIFEST                   : loaded 2 times (x 74B)
Class com.android.build.api.component.impl.OldVariantApiLegacySupportImpl$JavaCompileOptionsForOldVariantAPI$_annotationProcessorOptions$1: loaded 2 times (x 77B)
Class com.android.build.gradle.tasks.ExtractDeepLinksTask                             : loaded 2 times (x 331B)
Class com.android.build.gradle.internal.tasks.NonIncrementalTask                      : loaded 2 times (x 325B)
Class com.android.build.gradle.internal.scope.InternalMultipleArtifactType$ALL_PROJECT_TEST_RESULTS: loaded 2 times (x 74B)
Class com.android.build.gradle.internal.core.dsl.impl.AndroidTestComponentDslInfoImpl$namespace$2: loaded 2 times (x 79B)
Class com.android.build.gradle.internal.core.MergedExternalNativeCmakeOptions         : loaded 2 times (x 86B)
Class com.android.build.api.component.impl.features.NativeBuildCreationConfigImpl     : loaded 2 times (x 81B)
Class com.android.build.api.variant.JavaCompilation                                   : loaded 2 times (x 70B)
Class com.android.build.api.variant.impl.VariantImpl                                  : loaded 2 times (x 365B)
Class com.android.build.api.variant.impl.InternalVariantBuilder                       : loaded 2 times (x 70B)
Class org.jetbrains.kotlin.gradle.internal.properties.PropertiesBuildService$BooleanGradleProperty: loaded 2 times (x 76B)
Class org.jetbrains.kotlin.compose.compiler.gradle.model.builder.ComposeCompilerModelBuilder: loaded 2 times (x 75B)
Class [Lcom.android.build.gradle.ProguardFiles$ProguardFile;                          : loaded 2 times (x 69B)
Class com.android.build.gradle.internal.ide.v2.NativeModelBuilder$scopes$2            : loaded 2 times (x 79B)
Class com.android.build.api.dsl.SingleVariant                                         : loaded 2 times (x 70B)
Class com.android.build.gradle.internal.dsl.BundleOptionsLanguage$AgpDecorated        : loaded 2 times (x 81B)
Class org.jetbrains.kotlin.gradle.plugin.VariantImplementationFactories$Companion$getProvider$1: loaded 2 times (x 75B)
Class org.jetbrains.kotlin.gradle.plugin.KotlinTargetPreset                           : loaded 2 times (x 70B)
Class org.jetbrains.kotlin.gradle.utils.FileUtilsKt$localProperties$1                 : loaded 2 times (x 75B)
Class org.jetbrains.kotlin.gradle.dsl.HasConfigurableKotlinCompilerOptions            : loaded 2 times (x 70B)
Class com.android.build.gradle.internal.plugins.BasePlugin$configureProject$5         : loaded 2 times (x 74B)
Class com.android.build.gradle.internal.lint.LintFixBuildService                      : loaded 2 times (x 75B)
Class org.jetbrains.kotlin.gradle.plugin.statistics.KotlinBuildStatsBeanService$Companion$initStatsService$1: loaded 2 times (x 79B)
Class com.google.wireless.android.sdk.stats.GradleBuildProject                        : loaded 2 times (x 260B)
Class com.google.wireless.android.sdk.stats.GradleBuildProfileSpan$ExecutionType      : loaded 2 times (x 87B)
Class com.android.build.gradle.internal.errors.SyncIssueReporterImpl$GlobalSyncIssueService: loaded 2 times (x 82B)
Class com.android.build.gradle.internal.errors.DeprecationReporterImpl                : loaded 2 times (x 83B)
Class com.android.build.gradle.internal.errors.AndroidProblemReporterProvider$RegistrationAction: loaded 2 times (x 74B)
Class com.android.build.gradle.options.ProjectOptions                                 : loaded 2 times (x 72B)
Class com.android.build.gradle.internal.services.RunOnceBuildServiceImpl$ActionName   : loaded 2 times (x 72B)
Class com.google.common.io.ByteSource$ByteArrayByteSource                             : loaded 2 times (x 85B)
Class kotlin.reflect.KCallable                                                        : loaded 2 times (x 70B)
Class org.jetbrains.kotlin.metadata.deserialization.ProtoBufUtilKt                    : loaded 2 times (x 71B)
Class kotlin.io.TerminateException                                                    : loaded 2 times (x 82B)
Class kotlin.io.FilesKt__FilePathComponentsKt                                         : loaded 2 times (x 71B)
Class com.android.build.gradle.internal.services.Aapt2DaemonBuildService$Parameters$Inject_: loaded 2 times (x 103B)
Class com.android.manifmerger.AttributeModel$IntegerValueValidator                    : loaded 2 times (x 75B)
Class org.jetbrains.kotlin.daemon.client.KotlinCompilerClient$tryFindSuitableDaemonOrNewOpts$$inlined$compareBy$1: loaded 2 times (x 90B)
Class org.jetbrains.kotlin.gradle.internal.name.ClassId                               : loaded 2 times (x 72B)
Class [Lcom.android.aapt.ConfigurationOuterClass$Configuration$ScreenLayoutLong;      : loaded 2 times (x 69B)
Class com.google.protobuf.CodedOutputStream                                           : loaded 2 times (x 109B)
Class com.google.common.collect.Tables$1                                              : loaded 2 times (x 84B)
Class [Lcom.android.resources.ResourceType$Kind;                                      : loaded 2 times (x 69B)
Class org.jetbrains.kotlin.gradle.tasks.DefaultKotlinJavaToolchain_Decorated          : loaded 2 times (x 122B)
Class com.android.build.gradle.tasks.JdkImageInput                                    : loaded 2 times (x 75B)
Class com.android.build.gradle.internal.scope.InternalArtifactType$BUILT_IN_KAPT_CLASSES_DIR: loaded 2 times (x 74B)
Class com.google.gson.internal.bind.MapTypeAdapterFactory$Adapter                     : loaded 2 times (x 74B)
Class com.google.gson.internal.sql.SqlTimeTypeAdapter$1                               : loaded 2 times (x 75B)
Class com.sun.xml.bind.v2.model.runtime.RuntimeAttributePropertyInfo                  : loaded 2 times (x 70B)
Class com.sun.xml.bind.v2.model.impl.RuntimeBuiltinLeafInfoImpl$4                     : loaded 2 times (x 136B)
Class com.sun.xml.bind.v2.model.core.ErrorHandler                                     : loaded 2 times (x 70B)
Class javax.xml.bind.Marshaller                                                       : loaded 2 times (x 70B)
Class com.sun.xml.bind.v2.model.runtime.RuntimeNonElement                             : loaded 2 times (x 70B)
Class com.sun.xml.bind.v2.runtime.ClassBeanInfoImpl                                   : loaded 2 times (x 92B)
Class com.android.repository.impl.generated.v1.CompleteType                           : loaded 2 times (x 83B)
Class [Ljavax.xml.bind.annotation.XmlNsForm;                                          : loaded 2 times (x 69B)
Class com.android.build.gradle.internal.scope.InternalArtifactType$LINT_INTERMEDIATE_TEXT_REPORT: loaded 2 times (x 74B)
Class com.android.build.gradle.internal.AndroidTestTaskManager$createConnectedTestForVariant$1: loaded 2 times (x 75B)
Class com.android.build.gradle.internal.tasks.creationconfig.BaseProcessTestManifestCreationConfig: loaded 2 times (x 138B)
Class com.android.build.gradle.internal.tasks.CompileArtProfileTask$CreationAction$handleProvider$1: loaded 2 times (x 127B)
Class com.android.build.gradle.internal.tasks.SigningConfigVersionsWriterTask$CreationAction$handleProvider$1: loaded 2 times (x 127B)
Class org.jetbrains.kotlin.gradle.plugin.mpp.DefaultKotlinCompilationOutput$allOutputs$1$1: loaded 2 times (x 75B)
Class org.jetbrains.kotlin.gradle.plugin.mpp.HasBinaries                              : loaded 2 times (x 70B)
Class com.android.build.gradle.internal.services.BuiltInKaptSupportMode$Supported     : loaded 2 times (x 71B)
Class com.android.build.gradle.internal.res.LinkApplicationAndroidResourcesTask$BaseCreationAction$handleProvider$1: loaded 2 times (x 127B)
Class com.android.build.gradle.internal.dependency.VariantDependencies$computeLocalFileDependencies$1: loaded 2 times (x 80B)
Class com.android.builder.dexing.DexingType                                           : loaded 2 times (x 79B)
Class com.android.build.gradle.internal.tasks.factory.VariantTaskCreationAction       : loaded 2 times (x 90B)
Class com.android.build.api.component.impl.DeviceTestImpl$resValues$2                 : loaded 2 times (x 79B)
Class com.android.build.api.variant.impl.TestedApkPackagingImpl                       : loaded 2 times (x 95B)
Class com.android.build.gradle.internal.tasks.factory.TaskProviderCallback            : loaded 2 times (x 70B)
Class com.android.build.gradle.internal.services.FakeDependencyJarBuildService$FakeDependencyJarCreator$Params_Decorated: loaded 2 times (x 132B)
Class com.android.build.gradle.internal.services.FakeDependencyJarBuildService$FakeDependencyJarCreator: loaded 2 times (x 80B)
Class com.android.build.gradle.internal.tasks.factory.BootClasspathConfigImpl$filteredBootClasspath$2: loaded 2 times (x 79B)
Class com.android.build.gradle.internal.dsl.BundleOptionsAiModelVersion$AgpDecorated  : loaded 2 times (x 85B)
Class com.android.build.gradle.internal.dsl.decorator.ApplicationInstallationImpl$AgpDecorated_Decorated: loaded 2 times (x 144B)
Class [Lcom.android.resources.Density;                                                : loaded 2 times (x 69B)
Class com.android.build.gradle.internal.dsl.ExternalNativeBuildOptions_Decorated      : loaded 2 times (x 139B)
Class com.google.common.util.concurrent.AbstractFuture$UnsafeAtomicHelper$1           : loaded 2 times (x 76B)
Class com.android.build.gradle.internal.variant.BaseVariantFactory$Companion          : loaded 2 times (x 71B)
Class org.jetbrains.kotlin.gradle.targets.native.toolchain.UsesKotlinNativeBundleBuildService: loaded 2 times (x 70B)
Class org.jetbrains.kotlin.gradle.plugin.KotlinCompilerArgumentsProducer              : loaded 2 times (x 70B)
Class org.jetbrains.kotlin.build.report.metrics.ValueType                             : loaded 2 times (x 79B)
Class org.jetbrains.kotlin.gradle.dsl.KotlinCommonOptions                             : loaded 2 times (x 70B)
Class com.android.build.gradle.internal.ide.dependencies.LibraryDependencyCacheBuildService$RegistrationAction: loaded 2 times (x 74B)
Class com.android.utils.DateProvider$1                                                : loaded 2 times (x 75B)
Class org.jetbrains.kotlin.statistics.metrics.StringOverridePolicy$OVERRIDE_VERSION_IF_NOT_SET: loaded 2 times (x 85B)
Class com.android.build.gradle.internal.variant.BaseVariantFactory                    : loaded 2 times (x 106B)
Class com.google.common.collect.ImmutableRangeSet$1                                   : loaded 2 times (x 210B)
Class com.google.common.hash.AbstractHashFunction                                     : loaded 2 times (x 95B)
Class org.jetbrains.kotlin.protobuf.AbstractMessageLite$Builder                       : loaded 2 times (x 122B)
Class org.jetbrains.kotlin.protobuf.Internal$EnumLiteMap                              : loaded 2 times (x 70B)
Class org.jetbrains.org.objectweb.asm.tree.InsnList                                   : loaded 2 times (x 103B)
Class org.jetbrains.kotlin.protobuf.GeneratedMessageLite                              : loaded 2 times (x 101B)
Class org.jetbrains.org.objectweb.asm.tree.ModuleNode                                 : loaded 2 times (x 83B)
Class org.jetbrains.kotlin.metadata.deserialization.MetadataVersion                   : loaded 2 times (x 74B)
Class com.android.build.gradle.internal.scope.InternalArtifactType$MERGED_SHADERS     : loaded 2 times (x 74B)
Class org.jetbrains.kotlin.gradle.plugin.KotlinTargetComponent                        : loaded 2 times (x 70B)
Class com.android.manifmerger.PostValidator$1                                         : loaded 2 times (x 71B)
Class org.jetbrains.kotlin.daemon.common.ReportCategory                               : loaded 2 times (x 79B)
Class com.android.build.gradle.internal.dsl.InternalBuildType                         : loaded 2 times (x 70B)
Class org.jetbrains.kotlin.gradle.tasks.AbstractKotlinCompile$getChangedFiles$1       : loaded 2 times (x 78B)
Class org.jetbrains.kotlin.compilerRunner.IncrementalCompilationEnvironment$Companion : loaded 2 times (x 71B)
Class [Lorg.jetbrains.kotlin.com.google.common.cache.CacheBuilder$NullListener;       : loaded 2 times (x 69B)
Class com.android.aaptcompiler.Container                                              : loaded 2 times (x 72B)
Class com.android.aaptcompiler.Item                                                   : loaded 2 times (x 74B)
Class com.google.common.collect.ImmutableTable$Builder                                : loaded 2 times (x 72B)
Class com.android.build.gradle.internal.profile.NoOpAnalyticsService$Inject_          : loaded 2 times (x 130B)
Class com.android.build.gradle.tasks.ProcessPackagedManifestTask_Decorated            : loaded 2 times (x 378B)
Class com.android.ide.common.resources.SingleFileProcessor                            : loaded 2 times (x 70B)
Class org.jetbrains.kotlin.build.report.metrics.BuildTimes$Companion                  : loaded 2 times (x 71B)
Class com.android.build.gradle.tasks.PackageAndroidArtifact$CreationAction$configure$1: loaded 2 times (x 75B)
Class com.sun.xml.bind.v2.runtime.unmarshaller.UnmarshallingContext$State             : loaded 2 times (x 72B)
Class com.sun.xml.bind.v2.runtime.unmarshaller.UnmarshallingContext$ExpectedTypeRootLoader: loaded 2 times (x 80B)
Class com.sun.xml.bind.v2.runtime.ElementBeanInfoImpl$1                               : loaded 2 times (x 106B)
Class com.sun.xml.bind.v2.runtime.property.ArrayERProperty$ItemsLoader                : loaded 2 times (x 78B)
Class com.sun.xml.bind.v2.model.impl.GetterSetterPropertySeed                         : loaded 2 times (x 90B)
Class com.sun.xml.bind.v2.model.impl.RuntimeBuiltinLeafInfoImpl$5                     : loaded 2 times (x 136B)
Class com.android.sdklib.repository.generated.common.v2.IdDisplayType                 : loaded 2 times (x 83B)
Class com.android.sdklib.repository.generated.sysimg.v3.package-info                  : loaded 2 times (x 70B)
Class [Lcom.android.build.api.artifact.Artifact;                                      : loaded 2 times (x 69B)
Class com.android.build.gradle.internal.scope.ArtifactPublishingUtil$publishArtifactToConfiguration$1$1$1: loaded 2 times (x 75B)
Class com.android.build.gradle.internal.scope.InternalArtifactType$DATA_BINDING_BASE_CLASS_LOG_ARTIFACT: loaded 2 times (x 74B)
Class com.android.tools.utp.gradle.api.UtpDependency$1                                : loaded 2 times (x 127B)
Class com.android.build.gradle.internal.dependency.SubtractingArtifactCollection$SubtractingArtifactResult$removedFiles$1: loaded 2 times (x 79B)
Class com.android.build.gradle.internal.tasks.PerModuleBundleTask                     : loaded 2 times (x 344B)
Class com.android.build.gradle.internal.tasks.CompileArtProfileTask$CreationAction$handleProvider$2: loaded 2 times (x 127B)
Class com.android.build.gradle.internal.services.R8D8ThreadPoolBuildService$RegistrationAction: loaded 2 times (x 74B)
Class org.jetbrains.kotlin.compose.compiler.gradle.internal.ComposeWithAgpConfig      : loaded 2 times (x 72B)
Class org.jetbrains.kotlin.gradle.plugin.sources.FragmentConsistencyChecker           : loaded 2 times (x 72B)
Class org.jetbrains.kotlin.gradle.tasks.configuration.BaseKotlinCompileConfig$1$classpathConfiguration$1: loaded 2 times (x 75B)
Class com.android.build.gradle.internal.tasks.creationconfig.BaseJavaCompileCreationConfig: loaded 2 times (x 124B)
Class com.android.build.gradle.internal.tasks.PrepareLintJarForPublish$CreationAction$handleProvider$1: loaded 2 times (x 127B)
Class com.android.build.gradle.internal.tasks.featuresplit.PackagedDependenciesWriterTask$CreationAction: loaded 2 times (x 90B)
Class com.android.build.gradle.internal.core.dsl.impl.features.NativeBuildDslInfoImpl$mergeOptions$1: loaded 2 times (x 78B)
Class com.android.build.api.attributes.BuildTypeAttr$Impl                             : loaded 2 times (x 88B)
Class [Lcom.android.build.gradle.internal.dsl.ModulePropertyKey$BooleanWithDefault;   : loaded 2 times (x 69B)
Class com.android.build.gradle.internal.profile.ProfilingMode$Companion               : loaded 2 times (x 71B)
Class com.android.build.gradle.internal.services.VariantBuilderServices               : loaded 2 times (x 70B)
Class com.android.build.api.extension.impl.OperationsRegistrar                        : loaded 2 times (x 72B)
Class com.android.tools.lint.model.LintModelSeverity                                  : loaded 2 times (x 79B)
Class com.android.build.gradle.internal.dsl.BundleOptionsAbi$AgpDecorated             : loaded 2 times (x 81B)
Class com.android.build.gradle.internal.dsl.ApplicationAndroidResourcesImpl$AgpDecorated: loaded 2 times (x 130B)
Class com.android.builder.core.AbstractProductFlavor$DimensionRequest                 : loaded 2 times (x 72B)
Class com.android.build.gradle.internal.dsl.SigningConfig                             : loaded 2 times (x 147B)
Class com.android.build.gradle.internal.dsl.LintImpl                                  : loaded 2 times (x 212B)
Class com.android.build.api.dsl.SigningConfig                                         : loaded 2 times (x 70B)
Class org.jetbrains.kotlin.gradle.dsl.DefaultToolchainSupport_Decorated               : loaded 2 times (x 120B)
Class org.jetbrains.kotlin.gradle.internal.properties.NativePropertiesLoader$jvmArgs$1: loaded 2 times (x 75B)
Class org.jetbrains.kotlin.gradle.report.BuildMetricsService$Companion                : loaded 2 times (x 71B)
Class org.jetbrains.kotlin.gradle.tasks.KotlinCompileTool                             : loaded 2 times (x 70B)
Class org.jetbrains.kotlin.gradle.plugin.VariantImplementationFactories$Parameters_Decorated: loaded 2 times (x 130B)
Class org.jetbrains.kotlin.gradle.plugin.PropertiesProvider$PropertyNames             : loaded 2 times (x 71B)
Class org.jetbrains.kotlin.gradle.utils.SingleAction$PerformedActions                 : loaded 2 times (x 72B)
Class org.jetbrains.kotlin.gradle.utils.GradleUtilsKt                                 : loaded 2 times (x 71B)
Class org.jetbrains.kotlin.gradle.plugin.HasProject                                   : loaded 2 times (x 70B)
Class com.android.io.CancellableFileIo                                                : loaded 2 times (x 71B)
Class com.google.protobuf.Descriptors$FieldDescriptor                                 : loaded 2 times (x 88B)
Class com.android.build.gradle.internal.errors.SyncIssueReporterImpl$GlobalSyncIssueService$Parameters: loaded 2 times (x 70B)
Class com.android.ide.common.signing.KeytoolException                                 : loaded 2 times (x 84B)
Class com.android.build.api.variant.ComponentIdentity                                 : loaded 2 times (x 70B)
Class com.android.build.gradle.internal.testing.ManagedDeviceRegistry                 : loaded 2 times (x 75B)
Class com.android.build.gradle.internal.tasks.ApplicationTaskManager                  : loaded 2 times (x 86B)
Class com.android.build.gradle.internal.dsl.BaseAppModuleExtension                    : loaded 2 times (x 459B)
Class com.android.build.gradle.AndroidConfig                                          : loaded 2 times (x 70B)
Class com.google.common.collect.Range                                                 : loaded 2 times (x 87B)
Class org.jetbrains.kotlin.descriptors.Visibilities$Unknown                           : loaded 2 times (x 79B)
Class org.jetbrains.kotlin.descriptors.Visibilities$Inherited                         : loaded 2 times (x 79B)
Class org.jetbrains.org.objectweb.asm.tree.MethodInsnNode                             : loaded 2 times (x 79B)
Class org.jetbrains.kotlin.protobuf.Parser                                            : loaded 2 times (x 70B)
Class org.jetbrains.org.objectweb.asm.tree.MethodNode                                 : loaded 2 times (x 110B)
Class org.jetbrains.kotlin.load.kotlin.KotlinJvmBinaryClass                           : loaded 2 times (x 70B)
Class com.android.build.api.dsl.TestDefaultConfig                                     : loaded 2 times (x 70B)
Class org.jetbrains.kotlin.config.KotlinCompilerVersion                               : loaded 2 times (x 71B)
Class com.android.build.api.variant.impl.BuiltArtifactsImpl$Companion$initFileType$1  : loaded 2 times (x 78B)
Class org.jetbrains.kotlin.config.Services                                            : loaded 2 times (x 72B)
Class org.jetbrains.kotlin.gradle.tasks.AbstractKotlinCompile$execute$1$1             : loaded 2 times (x 79B)
Class com.google.protobuf.CodedOutputStream$OutOfSpaceException                       : loaded 2 times (x 82B)
Class com.android.zipflinger.Location                                                 : loaded 2 times (x 78B)
Class com.google.common.cache.CacheBuilderSpec$MaximumSizeParser                      : loaded 2 times (x 76B)
Class com.android.build.gradle.internal.dsl.decorator.SupportedPropertyType$Var$NullableInt: loaded 2 times (x 74B)
Class com.android.build.gradle.tasks.PackageAndroidArtifact$CreationAction$configure$2: loaded 2 times (x 74B)
Class com.android.build.gradle.internal.core.dsl.impl.features.ManifestPlaceholdersDslInfoImpl: loaded 2 times (x 75B)
Class com.google.gson.internal.bind.DefaultDateTypeAdapter$DateType                   : loaded 2 times (x 73B)
Class com.sun.xml.bind.v2.runtime.property.SingleElementNodeProperty                  : loaded 2 times (x 102B)
Class com.android.repository.impl.generated.v2.TypeDetails                            : loaded 2 times (x 75B)
Class com.sun.xml.bind.api.impl.NameConverter$1                                       : loaded 2 times (x 93B)
Class com.sun.xml.bind.v2.model.impl.RuntimeBuiltinLeafInfoImpl$6                     : loaded 2 times (x 136B)
Class com.android.repository.impl.generated.v1.ChannelType                            : loaded 2 times (x 83B)
Class com.android.sdklib.repository.generated.repository.v2.package-info              : loaded 2 times (x 70B)
Class com.android.build.gradle.internal.scope.InternalArtifactType$LINT_HTML_REPORT   : loaded 2 times (x 74B)
Class com.android.tools.utp.gradle.api.UtpDependency$2                                : loaded 2 times (x 127B)
Class [Lcom.android.builder.compiling.BuildConfigType;                                : loaded 2 times (x 69B)
Class com.android.build.gradle.internal.tasks.CompileArtProfileTask$CreationAction$handleProvider$3: loaded 2 times (x 127B)
Class com.android.build.gradle.internal.tasks.OptimizeResourcesTask$CreateAction$handleProvider$operationRequest$1: loaded 2 times (x 127B)
Class com.android.build.gradle.internal.tasks.BundleIdeModelProducerTask$CreationAction$handleProvider$1: loaded 2 times (x 127B)
Class com.android.tools.r8.Version                                                    : loaded 2 times (x 71B)
Class org.jetbrains.kotlin.gradle.plugin.mpp.compilationImpl.factory.KotlinCompilationImplFactory$KotlinCompilationTaskNamesContainerFactory: loaded 2 times (x 70B)
Class org.jetbrains.kotlin.gradle.plugin.diagnostics.ToolingDiagnosticRenderingOptionsKt$isAttachedToTerminal$1: loaded 2 times (x 74B)
Class org.jetbrains.kotlin.gradle.tasks.configuration.BaseKotlinCompileConfig         : loaded 2 times (x 72B)
Class com.android.build.gradle.internal.services.TaskCreationServicesImpl$sam$java_util_concurrent_Callable$0: loaded 2 times (x 75B)
Class com.android.build.gradle.internal.scope.InternalArtifactType$AP_GENERATED_SOURCES: loaded 2 times (x 74B)
Class com.android.build.api.variant.impl.ResourcesPackagingImpl                       : loaded 2 times (x 80B)
Class com.android.build.gradle.internal.scope.InternalArtifactType$UPDATED_NAVIGATION_XML: loaded 2 times (x 74B)
Class com.android.build.api.artifact.impl.InAndOutDirectoryOperationRequestImpl$Companion: loaded 2 times (x 71B)
Class com.android.build.gradle.tasks.ProcessPackagedManifestTask$CreationAction       : loaded 2 times (x 90B)
Class com.android.build.gradle.tasks.ProcessManifestForMetadataFeatureTask$CreationAction$handleProvider$1: loaded 2 times (x 127B)
Class com.android.build.gradle.internal.core.dsl.impl.InstrumentedTestDslInfoImpl$functionalTest$fromFlavor$1: loaded 2 times (x 78B)
Class com.android.build.gradle.internal.core.dsl.impl.AndroidTestComponentDslInfoImpl : loaded 2 times (x 153B)
Class com.android.build.gradle.internal.core.dsl.impl.ApplicationVariantDslInfoImpl$versionCode$2$2: loaded 2 times (x 75B)
Class com.android.build.gradle.internal.core.dsl.impl.features.NativeBuildDslInfoImpl$mergeOptions$2: loaded 2 times (x 78B)
Class com.android.build.api.variant.AndroidResources                                  : loaded 2 times (x 70B)
Class com.android.build.api.variant.HostTest                                          : loaded 2 times (x 70B)
Class [Lcom.android.build.gradle.internal.publishing.AndroidArtifacts$PublishedConfigType;: loaded 2 times (x 69B)
Class com.android.build.gradle.internal.attributes.VariantAttr$Impl                   : loaded 2 times (x 88B)
Class com.android.build.gradle.internal.core.dsl.impl.features.DexingDslInfoImpl      : loaded 2 times (x 77B)
Class org.jetbrains.kotlin.compose.compiler.gradle.ComposeCompilerGradlePluginExtension_Decorated: loaded 2 times (x 131B)
Class com.android.build.gradle.internal.lint.AndroidLintGlobalTask$GlobalCreationAction$Companion: loaded 2 times (x 71B)
Class com.android.build.gradle.internal.tasks.LintCompile$CreationAction              : loaded 2 times (x 91B)
Class com.android.build.gradle.internal.dsl.AndroidTestImpl$AgpDecorated              : loaded 2 times (x 80B)
Class com.android.build.gradle.internal.tasks.factory.GlobalTaskCreationConfigImpl$testOptionExecutionEnum$2: loaded 2 times (x 79B)
Class com.android.build.gradle.internal.tasks.factory.BootClasspathConfigImpl$androidJar$2: loaded 2 times (x 79B)
Class com.android.build.gradle.internal.dsl.BundleOptionsCodeTransparency$AgpDecorated_Decorated: loaded 2 times (x 125B)
Class com.android.build.gradle.internal.dsl.ApplicationExtensionImpl$lintOptions$2    : loaded 2 times (x 79B)
Class com.android.build.gradle.internal.dsl.ManagedDevices$localDevices$1$1           : loaded 2 times (x 75B)
Class com.android.build.gradle.internal.dsl.AarMetadataImpl$AgpDecorated              : loaded 2 times (x 91B)
Class com.android.build.gradle.internal.dsl.AnnotationProcessorOptions$AgpDecorated_Decorated: loaded 2 times (x 149B)
Class com.android.resources.Density                                                   : loaded 2 times (x 92B)
Class com.android.build.gradle.internal.dsl.BaselineProfileImpl$AgpDecorated_Decorated: loaded 2 times (x 128B)
Class com.android.build.gradle.internal.dsl.decorator.SupportedPropertyType           : loaded 2 times (x 73B)
Class com.android.build.gradle.internal.dsl.InternalSigningConfig                     : loaded 2 times (x 70B)
Class org.jetbrains.kotlin.gradle.plugin.mpp.KotlinAndroidTarget_Decorated            : loaded 2 times (x 213B)
Class org.jetbrains.kotlin.gradle.ExperimentalKotlinGradlePluginApi                   : loaded 2 times (x 70B)
Class org.jetbrains.kotlin.gradle.dsl.KotlinAndroidProjectExtension                   : loaded 2 times (x 139B)
Class org.jetbrains.kotlin.gradle.internal.properties.NativePropertiesLoader          : loaded 2 times (x 86B)
Class org.jetbrains.kotlin.gradle.plugin.KotlinGradleBuildServices$Parameters$Inject_ : loaded 2 times (x 106B)
Class org.jetbrains.kotlin.statistics.metrics.NumberAnonymizationPolicy$SAFE          : loaded 2 times (x 85B)
Class org.jetbrains.kotlin.gradle.plugin.statistics.BuildFusService                   : loaded 2 times (x 84B)
Class com.android.build.gradle.internal.dependency.JacocoInstrumentationService       : loaded 2 times (x 81B)
Class com.android.build.gradle.internal.ide.v2.GlobalSyncService$Parameters_Decorated : loaded 2 times (x 130B)
Class com.android.tools.analytics.StubbableLazy                                       : loaded 2 times (x 76B)
Class com.android.build.gradle.internal.core.dsl.features.DeviceTestOptionsDslInfo    : loaded 2 times (x 70B)
Class com.android.build.gradle.internal.profile.TaskMetadata                          : loaded 2 times (x 72B)
Class com.android.build.gradle.internal.scope.ProjectInfo$Companion                   : loaded 2 times (x 71B)
Class com.google.protobuf.Internal$EnumLite                                           : loaded 2 times (x 70B)
Class com.android.build.gradle.internal.AbstractAppTaskManager                        : loaded 2 times (x 86B)
Class com.android.build.gradle.internal.plugins.VersionCheckPlugin                    : loaded 2 times (x 74B)
Class com.android.utils.FileUtils                                                     : loaded 2 times (x 71B)
Class jdk.internal.jimage.ImageLocation                                               : loaded 2 times (x 90B)
Class jdk.internal.jrtfs.JrtDirectoryStream$1                                         : loaded 2 times (x 83B)
Class [Lorg.jetbrains.kotlin.metadata.ProtoBuf$VersionRequirement$Level;              : loaded 2 times (x 69B)
Class org.jetbrains.kotlin.incremental.classpathDiff.KotlinClassSnapshot              : loaded 2 times (x 74B)
Class org.jetbrains.kotlin.protobuf.WireFormat$JavaType                               : loaded 2 times (x 79B)
Class org.jetbrains.org.objectweb.asm.ClassTooLargeException                          : loaded 2 times (x 83B)
Class org.jetbrains.kotlin.metadata.jvm.deserialization.JvmMemberSignature$Method     : loaded 2 times (x 75B)
Class com.android.build.gradle.internal.scope.InternalArtifactType$DATA_BINDING_TRIGGER: loaded 2 times (x 74B)
Class com.android.build.api.variant.impl.BuiltArtifactsImpl$Companion$initFileType$2  : loaded 2 times (x 78B)
Class org.jetbrains.kotlin.com.google.common.cache.LocalCache$Segment                 : loaded 2 times (x 154B)
Class org.jetbrains.kotlin.com.google.common.cache.LocalCache$Strength                : loaded 2 times (x 81B)
Class com.android.aapt.ConfigurationOuterClass$Configuration$NavHidden                : loaded 2 times (x 87B)
Class com.google.protobuf.ByteOutput                                                  : loaded 2 times (x 76B)
Class com.android.aaptcompiler.ConfigDescriptionKt                                    : loaded 2 times (x 71B)
Class com.android.ide.common.resources.ResourcePathEncoding$AbsoluteNotRelocatable    : loaded 2 times (x 72B)
Class com.google.common.cache.CacheBuilderSpec$RecordStatsParser                      : loaded 2 times (x 75B)
Class com.google.common.collect.DenseImmutableTable                                   : loaded 2 times (x 139B)
Class com.android.build.gradle.internal.tasks.Blocks                                  : loaded 2 times (x 71B)
Class org.jetbrains.kotlin.gradle.tasks.KotlinCompile$scriptSources$1                 : loaded 2 times (x 75B)
Class org.jetbrains.kotlin.build.report.metrics.BuildAttribute$Companion              : loaded 2 times (x 71B)
Class com.android.build.api.component.impl.features.AndroidResourcesCreationConfigImpl$WhenMappings: loaded 2 times (x 71B)
Class com.android.sdklib.repository.targets.PlatformTarget$Library                    : loaded 2 times (x 72B)
Class com.google.gson.internal.bind.ReflectiveTypeAdapterFactory$1                    : loaded 2 times (x 74B)
Class com.sun.xml.bind.v2.runtime.reflect.PrimitiveArrayListerDouble                  : loaded 2 times (x 76B)
Class com.sun.xml.bind.v2.runtime.unmarshaller.Loader                                 : loaded 2 times (x 77B)
Class com.sun.xml.bind.api.impl.NameConverter$2                                       : loaded 2 times (x 93B)
Class com.sun.xml.bind.v2.model.impl.RuntimeBuiltinLeafInfoImpl$7                     : loaded 2 times (x 136B)
Class com.sun.xml.bind.v2.model.runtime.RuntimeClassInfo                              : loaded 2 times (x 70B)
Class com.android.sdklib.repository.generated.repository.v3.LayoutlibType             : loaded 2 times (x 74B)
Class com.android.build.gradle.internal.publishing.PublishingSpecs$Companion          : loaded 2 times (x 71B)
Class com.android.build.gradle.internal.lint.AndroidLintTask$LintVitalCreationAction  : loaded 2 times (x 95B)
Class com.android.tools.utp.gradle.api.UtpDependency$3                                : loaded 2 times (x 127B)
Class com.android.build.api.variant.impl.SourcesImpl$renderscript$2                   : loaded 2 times (x 79B)
Class com.android.build.gradle.internal.tasks.OptimizeResourcesTask$CreateAction$handleProvider$operationRequest$2: loaded 2 times (x 127B)
Class com.android.build.gradle.internal.scope.InternalArtifactType$APK_FROM_BUNDLE_IDE_REDIRECT_FILE: loaded 2 times (x 74B)
Class com.android.build.gradle.internal.tasks.CompileArtProfileTask$CreationAction$handleProvider$4: loaded 2 times (x 127B)
Class org.jetbrains.kotlin.gradle.plugin.mpp.compilationImpl.factory.DefaultKotlinCompilationDependencyConfigurationsFactory$WithRuntime: loaded 2 times (x 75B)
Class org.jetbrains.kotlin.gradle.plugin.diagnostics.IsAttachedToTerminalValueSource$Inject_: loaded 2 times (x 100B)
Class org.jetbrains.kotlin.gradle.plugin.diagnostics.ToolingDiagnosticRenderingOptionsKt$isAttachedToTerminal$2: loaded 2 times (x 74B)
Class com.android.build.gradle.internal.res.LinkApplicationAndroidResourcesTask$BaseCreationAction$handleProvider$4: loaded 2 times (x 127B)
Class com.android.build.gradle.internal.core.dsl.impl.features.NativeBuildDslInfoImpl$mergeOptions$3: loaded 2 times (x 78B)
Class com.android.build.gradle.internal.variant.BaseVariantData$WhenMappings          : loaded 2 times (x 71B)
Class com.android.build.api.component.impl.JavaCompilationImpl                        : loaded 2 times (x 76B)
Class com.android.build.gradle.internal.component.TestSuiteCreationConfig             : loaded 2 times (x 70B)
Class com.android.build.api.variant.impl.HostTestBuilderImpl$Companion                : loaded 2 times (x 71B)
Class com.android.build.gradle.internal.dsl.VcsInfoImpl$AgpDecorated_Decorated        : loaded 2 times (x 125B)
Class com.android.build.gradle.internal.dsl.BuildType$AgpDecorated                    : loaded 2 times (x 369B)
Class com.android.build.gradle.internal.dsl.ManagedDevices$localDevices$1$2           : loaded 2 times (x 75B)
Class com.android.build.gradle.internal.dsl.decorator.DslDecorator$ClassInfoVisitor   : loaded 2 times (x 70B)
Class com.android.build.api.dsl.DependencySelection                                   : loaded 2 times (x 70B)
Class com.android.build.gradle.api.JavaCompileOptions                                 : loaded 2 times (x 70B)
Class org.bouncycastle.jce.provider.BouncyCastleProvider                              : loaded 2 times (x 169B)
Class com.android.build.api.dsl.DynamicFeatureBuildType                               : loaded 2 times (x 70B)
Class org.jetbrains.kotlin.gradle.utils.FutureImpl                                    : loaded 2 times (x 80B)
Class org.jetbrains.kotlin.gradle.internal.properties.NativePropertiesLoader$isToolchainEnabled$1: loaded 2 times (x 75B)
Class [Lorg.jetbrains.kotlin.statistics.metrics.NumericalMetrics;                     : loaded 2 times (x 69B)
Class org.jetbrains.kotlin.gradle.plugin.mpp.KotlinJvmAndroidCompilation              : loaded 2 times (x 198B)
Class com.google.wireless.android.sdk.stats.GradleBuildMemorySampleOrBuilder          : loaded 2 times (x 70B)
Class org.jetbrains.kotlinx.serialization.gradle.SerializationGradleSubplugin         : loaded 2 times (x 82B)
Class org.gradle.accessors.dm.LibrariesForLibsInPluginsBlock$AndroidxLifecycleLibraryAccessors: loaded 2 times (x 78B)
Class org.gradle.accessors.dm.LibrariesForLibs_Decorated                              : loaded 2 times (x 129B)
Class org.gradle.accessors.dm.LibrariesForLibs$CoilLibraryAccessors                   : loaded 2 times (x 77B)
Class org.jetbrains.kotlin.metadata.ProtoBuf$Property$Builder                         : loaded 2 times (x 197B)
Class org.jetbrains.kotlin.descriptors.Visibilities$PrivateToThis                     : loaded 2 times (x 79B)
Class org.jetbrains.org.objectweb.asm.tree.IntInsnNode                                : loaded 2 times (x 78B)
Class org.jetbrains.kotlin.protobuf.SmallSortedMap$1                                  : loaded 2 times (x 130B)
Class kotlin.collections.EmptyList                                                    : loaded 2 times (x 174B)
Class kotlin.collections.MapsKt__MapsJVMKt                                            : loaded 2 times (x 71B)
Class com.android.build.gradle.internal.dependency.AarResourcesCompilerTransform$transform$resourceFolders$1: loaded 2 times (x 74B)
Class com.android.ide.common.build.ListingFileRedirect                                : loaded 2 times (x 71B)
Class com.android.manifmerger.XmlLoader                                               : loaded 2 times (x 71B)
Class [Lcom.android.manifmerger.ManifestMerger2$AutoAddingProperty;                   : loaded 2 times (x 69B)
Class [Lcom.android.manifmerger.XmlDocument$Type;                                     : loaded 2 times (x 69B)
Class com.android.manifmerger.ManifestMerger2$MergeFailureException                   : loaded 2 times (x 82B)
Class com.android.build.gradle.internal.tasks.manifest.ManifestProviderImpl           : loaded 2 times (x 76B)
Class org.jetbrains.kotlin.gradle.plugin.KotlinCompilerArgumentsProducer$DefaultImpls : loaded 2 times (x 71B)
Class org.jetbrains.kotlin.com.google.common.util.concurrent.ListenableFuture         : loaded 2 times (x 70B)
Class org.jetbrains.kotlin.com.google.common.cache.CacheLoader$SupplierToCacheLoader  : loaded 2 times (x 75B)
Class [Lcom.android.aapt.ConfigurationOuterClass$Configuration$ScreenRound;           : loaded 2 times (x 69B)
Class com.android.aapt.ConfigurationOuterClass$Configuration$LayoutDirection$1        : loaded 2 times (x 76B)
Class com.android.aaptcompiler.ResourceFile$Type                                      : loaded 2 times (x 79B)
Class com.google.protobuf.UnsafeUtil$Android32MemoryAccessor                          : loaded 2 times (x 91B)
Class com.google.common.collect.HashMultimapGwtSerializationDependencies              : loaded 2 times (x 174B)
Class com.android.build.gradle.internal.scope.BootClasspathBuilder$computeAdditionalAndRequestedOptionalLibraries$4$1: loaded 2 times (x 79B)
Class com.google.gson.internal.bind.ReflectiveTypeAdapterFactory$2                    : loaded 2 times (x 79B)
Class com.sun.xml.bind.v2.model.impl.RuntimeBuiltinLeafInfoImpl$8                     : loaded 2 times (x 136B)
Class com.sun.xml.bind.api.ErrorListener                                              : loaded 2 times (x 70B)
Class com.sun.istack.FinalArrayList                                                   : loaded 2 times (x 209B)
Class com.android.sdklib.repository.generated.repository.v2.ObjectFactory             : loaded 2 times (x 79B)
Class com.android.build.gradle.internal.SdkComponentsBuildService$VersionedSdkLoader$targetBootClasspathProvider$1: loaded 2 times (x 75B)
Class com.android.build.gradle.internal.dependency.AndroidAttributes$toAttributeMapString$$inlined$sortedBy$1: loaded 2 times (x 89B)
Class com.android.build.gradle.internal.cxx.configure.Ninja                           : loaded 2 times (x 72B)
Class com.android.build.gradle.internal.manifest.LazyManifestParser$manifestData$2    : loaded 2 times (x 75B)
Class com.android.tools.utp.gradle.api.UtpDependency$4                                : loaded 2 times (x 127B)
Class com.android.build.gradle.internal.AndroidTestTaskManager$createConnectedTestForVariant$connectedCheckSerials$1: loaded 2 times (x 74B)
Class com.android.build.api.variant.impl.ManifestFilesImpl$all$1                      : loaded 2 times (x 74B)
Class com.android.build.api.variant.impl.SigningConfigImpl$keyPassword$1              : loaded 2 times (x 75B)
Class com.android.build.api.artifact.ScopedArtifact$JAVA_RES                          : loaded 2 times (x 74B)
Class com.android.build.gradle.internal.TaskManager$sam$org_gradle_api_Action$0       : loaded 2 times (x 75B)
Class org.jetbrains.kotlin.gradle.plugin.mpp.KotlinJvmAgpCompilation_Decorated        : loaded 2 times (x 247B)
Class [Lorg.jetbrains.kotlin.gradle.plugin.HasKotlinDependencies;                     : loaded 2 times (x 69B)
Class org.jetbrains.kotlin.gradle.plugin.mpp.compilationImpl.factory.KotlinCompilationImplFactory$PostConfigure$Companion: loaded 2 times (x 71B)
Class org.jetbrains.kotlin.gradle.tasks.CompileUsingKotlinDaemonWithNormalization     : loaded 2 times (x 70B)
Class com.android.build.gradle.tasks.GenerateManifestJarTask                          : loaded 2 times (x 328B)
Class com.android.build.gradle.internal.scope.InternalMultipleArtifactType$PROJECT_LEVEL_TEST_RESULTS: loaded 2 times (x 74B)
Class com.android.build.api.component.impl.DeviceTestImpl$instrumentationRunner$2     : loaded 2 times (x 79B)
Class com.android.build.api.component.impl.DeviceTestImpl_Decorated                   : loaded 2 times (x 746B)
Class com.android.build.api.component.impl.DeviceTestImpl                             : loaded 2 times (x 690B)
Class com.android.build.gradle.internal.core.dsl.impl.features.NativeBuildDslInfoImpl$mergeOptions$4: loaded 2 times (x 78B)
Class com.android.build.api.variant.BundleConfig                                      : loaded 2 times (x 70B)
Class [Lcom.android.build.gradle.internal.dsl.ModulePropertyKey;                      : loaded 2 times (x 69B)
Class com.android.build.api.dsl.LibraryBuildFeatures                                  : loaded 2 times (x 70B)
Class com.android.build.gradle.internal.dsl.Splits$AgpDecorated                       : loaded 2 times (x 85B)
Class com.android.build.gradle.internal.dsl.decorator.DslDecorator$findAbstractProperties$1$2: loaded 2 times (x 78B)
Class com.android.build.api.variant.HostTestBuilder                                   : loaded 2 times (x 70B)
Class com.android.build.api.dsl.BundleDensity                                         : loaded 2 times (x 70B)
Class com.android.builder.internal.BaseConfigImpl                                     : loaded 2 times (x 115B)
Class com.android.build.api.dsl.AndroidSourceSet                                      : loaded 2 times (x 70B)
Class com.android.ide.common.gradle.Separator                                         : loaded 2 times (x 79B)
Class org.jetbrains.kotlin.gradle.tasks.DefaultKotlinJavaToolchain$Companion$wireJvmTargetToToolchain$1: loaded 2 times (x 75B)
Class org.jetbrains.kotlin.gradle.plugin.KotlinPlatformType                           : loaded 2 times (x 82B)
Class org.jetbrains.kotlin.gradle.internal.properties.PropertiesBuildServiceKt        : loaded 2 times (x 71B)
Class org.jetbrains.kotlin.gradle.plugin.KotlinGradleBuildServices$Companion          : loaded 2 times (x 71B)
Class com.android.build.gradle.internal.SdkComponentsBuildService                     : loaded 2 times (x 80B)
Class [Lcom.android.prefs.VariableValue;                                              : loaded 2 times (x 69B)
Class com.android.build.gradle.internal.utils.EnvironmentProviderImpl                 : loaded 2 times (x 78B)
Class com.android.build.gradle.internal.services.Aapt2ThreadPoolBuildService          : loaded 2 times (x 80B)
Class com.google.wireless.android.sdk.stats.GradleBuildProfileSpan$ExecutionType$1    : loaded 2 times (x 76B)
Class com.android.build.gradle.internal.variant.VariantPathHelper$coverageReportDir$2 : loaded 2 times (x 79B)
Class com.google.protobuf.Extension$ExtensionType                                     : loaded 2 times (x 79B)
Class com.google.protobuf.AbstractMessageLite$Builder$LimitedInputStream              : loaded 2 times (x 92B)
Class com.android.build.gradle.internal.component.features.OptimizationCreationConfig : loaded 2 times (x 70B)
Class com.android.build.gradle.options.StringOption                                   : loaded 2 times (x 85B)
Class com.google.common.util.concurrent.ListeningExecutorService                      : loaded 2 times (x 70B)
Class org.gradle.accessors.dm.LibrariesForLibsInPluginsBlock$RetrofitConverterKotlinxLibraryAccessors: loaded 2 times (x 77B)
Class [Lcom.google.common.hash.ImmutableSupplier;                                     : loaded 2 times (x 69B)
Class jdk.internal.jimage.ImageBufferCache$1                                          : loaded 2 times (x 83B)
Class org.gradle.internal.classloader.ClasspathUtil$1                                 : loaded 2 times (x 76B)
Class org.jetbrains.kotlin.metadata.ProtoBuf$Effect$EffectType$1                      : loaded 2 times (x 74B)
Class org.jetbrains.kotlin.metadata.ProtoBuf$EffectOrBuilder                          : loaded 2 times (x 70B)
Class org.jetbrains.kotlin.incremental.storage.DelegateDataExternalizer               : loaded 2 times (x 76B)
Class org.jetbrains.kotlin.protobuf.BoundedByteString                                 : loaded 2 times (x 112B)
Class org.jetbrains.kotlin.incremental.KotlinClassInfo$Companion                      : loaded 2 times (x 71B)
Class com.android.manifmerger.ManifestMerger2$LoadedManifestInfo                      : loaded 2 times (x 77B)
Class [Lcom.android.manifmerger.ManifestMerger2$MergeType;                            : loaded 2 times (x 69B)
Class org.jetbrains.kotlin.daemon.client.KotlinCompilerClient$GcAutoConfiguration     : loaded 2 times (x 72B)
Class org.jetbrains.kotlin.com.google.common.base.FunctionalEquivalence               : loaded 2 times (x 83B)
Class com.android.aapt.ConfigurationOuterClass$Configuration$UiModeType               : loaded 2 times (x 87B)
Class com.android.aapt.ConfigurationOuterClass$Configuration$Builder                  : loaded 2 times (x 338B)
Class com.android.aaptcompiler.android.ResTableConfig$Companion                       : loaded 2 times (x 71B)
Class com.android.build.gradle.tasks.MergeResources$Flag                              : loaded 2 times (x 79B)
Class com.google.gson.ToNumberStrategy                                                : loaded 2 times (x 70B)
Class javax.xml.bind.annotation.XmlSchemaType$DEFAULT                                 : loaded 2 times (x 71B)
Class com.sun.xml.bind.v2.model.annotation.XmlSchemaTypeQuick                         : loaded 2 times (x 93B)
Class com.sun.xml.bind.v2.model.impl.RuntimeBuiltinLeafInfoImpl$10                    : loaded 2 times (x 136B)
Class com.sun.xml.bind.v2.model.impl.RuntimeBuiltinLeafInfoImpl$9                     : loaded 2 times (x 136B)
Class com.sun.xml.bind.v2.runtime.BridgeImpl                                          : loaded 2 times (x 87B)
Class com.android.repository.api.ProgressIndicator                                    : loaded 2 times (x 70B)
Class com.android.build.gradle.internal.dependency.AndroidAttributes$toAttributeMapString$$inlined$sortedBy$2: loaded 2 times (x 89B)
Class com.android.build.gradle.internal.dependency.EnumerateClassesTransform$Inject_1 : loaded 2 times (x 109B)
Class com.android.build.gradle.internal.dependency.IdentityTransform$Inject_1         : loaded 2 times (x 109B)
Class com.android.build.gradle.internal.scope.InternalArtifactType$LINT_VITAL_RETURN_VALUE: loaded 2 times (x 74B)
Class com.android.build.gradle.internal.variant.DefaultFlavorComparator               : loaded 2 times (x 89B)
Class com.android.tools.utp.gradle.api.UtpDependency$5                                : loaded 2 times (x 127B)
Class com.android.build.gradle.internal.tasks.PerModuleReportDependenciesTask$CreationAction$handleProvider$1: loaded 2 times (x 127B)
Class com.android.build.gradle.tasks.PackageApplication$CreationAction$handleProvider$1: loaded 2 times (x 125B)
Class com.android.build.gradle.internal.scope.InternalArtifactType$MODULE_BUNDLE      : loaded 2 times (x 74B)
Class com.android.build.gradle.internal.tasks.featuresplit.FeatureSetMetadataWriterTask$CreationAction: loaded 2 times (x 90B)
Class org.jetbrains.kotlin.gradle.plugin.mpp.DefaultKotlinCompilationOutput           : loaded 2 times (x 82B)
Class org.jetbrains.kotlin.gradle.plugin.diagnostics.ToolingDiagnosticRenderingOptions$Companion: loaded 2 times (x 71B)
Class org.jetbrains.kotlin.gradle.dsl.KotlinJvmCompilerOptionsHelper                  : loaded 2 times (x 71B)
Class com.android.build.api.artifact.MultipleArtifact                                 : loaded 2 times (x 74B)
Class com.android.build.gradle.internal.tasks.ProcessJavaResTask                      : loaded 2 times (x 566B)
Class com.android.build.gradle.internal.tasks.R8ResourceShrinkingParametersKt         : loaded 2 times (x 71B)
Class com.android.build.gradle.tasks.GenerateManifestJarTask$CreationAction$handleProvider$1: loaded 2 times (x 127B)
Class com.android.build.api.component.impl.features.InstrumentationCreationConfigImpl$projectClassesPostInstrumentation$2: loaded 2 times (x 79B)
Class com.android.build.gradle.internal.AndroidTestTaskManager$createMockableJarTask$1: loaded 2 times (x 75B)
Class com.android.build.gradle.internal.variant.BaseVariantData$DiscoverableFilterType: loaded 2 times (x 80B)
Class com.android.build.api.variant.impl.BundleConfigImpl$metadataFiles$1             : loaded 2 times (x 78B)
Class com.android.build.api.variant.DeviceTestBuilder                                 : loaded 2 times (x 70B)
Class com.android.build.gradle.internal.core.dsl.impl.VariantDslInfoImpl              : loaded 2 times (x 145B)
Class com.google.wireless.android.sdk.stats.GradlePluginDataOrBuilder                 : loaded 2 times (x 70B)
Class com.android.build.gradle.internal.dsl.decorator.DslDecorator$findAbstractProperties$1$3: loaded 2 times (x 78B)
Class com.android.build.gradle.internal.dependency.AdditionalArtifactType             : loaded 2 times (x 79B)
Class com.android.build.gradle.internal.dsl.DependencySelectionImpl                   : loaded 2 times (x 78B)
Class com.android.build.api.dsl.BundleDeviceGroup                                     : loaded 2 times (x 70B)
Class com.android.build.gradle.api.AnnotationProcessorOptions                         : loaded 2 times (x 70B)
Class com.android.build.api.dsl.ApplicationBaseFlavor                                 : loaded 2 times (x 70B)
Class com.android.build.gradle.internal.dsl.CoreBuildType                             : loaded 2 times (x 70B)
Class org.jetbrains.kotlin.gradle.tasks.DefaultKotlinJavaToolchain$Companion$wireJvmTargetToToolchain$2: loaded 2 times (x 75B)
Class org.jetbrains.kotlin.gradle.plugin.ProjectLocalConfigurations$ProjectLocalDisambiguation: loaded 2 times (x 76B)
Class org.jetbrains.kotlin.gradle.internal.properties.PropertiesBuildService$NullableStringGradleProperty: loaded 2 times (x 76B)
Class org.jetbrains.kotlin.gradle.targets.native.KonanPropertiesBuildService          : loaded 2 times (x 76B)
Class org.jetbrains.kotlin.gradle.plugin.KotlinGradleBuildServices$detectKotlinPluginLoadedInMultipleProjects$onRegister$1$1: loaded 2 times (x 75B)
Class org.jetbrains.kotlin.gradle.internal.properties.PropertiesBuildService$Inject_  : loaded 2 times (x 96B)
Class org.jetbrains.kotlin.gradle.plugin.internal.ConfigurationCacheStartParameterAccessor$Factory: loaded 2 times (x 70B)
Class com.android.build.gradle.internal.services.FakeDependencyJarBuildService$Params_Decorated: loaded 2 times (x 130B)
Class com.google.gson.TypeAdapter                                                     : loaded 2 times (x 73B)
Class org.jetbrains.kotlin.gradle.dsl.KotlinCommonCompilerToolOptionsHelper           : loaded 2 times (x 71B)
Class org.jetbrains.kotlin.gradle.internal.transforms.BuildToolsApiClasspathEntrySnapshotTransform: loaded 2 times (x 82B)
Class org.jetbrains.kotlin.gradle.plugin.mpp.compilationImpl.factory.KotlinCompilationImplFactory$PreConfigure: loaded 2 times (x 70B)
Class com.android.build.gradle.api.KotlinMultiplatformAndroidPlugin                   : loaded 2 times (x 76B)
Class com.android.build.api.variant.HasDeviceTests                                    : loaded 2 times (x 70B)
Class org.gradle.accessors.dm.LibrariesForLibsInPluginsBlock$AndroidxLifecycleViewmodelLibraryAccessors: loaded 2 times (x 77B)
Class com.google.common.collect.FluentIterable$1                                      : loaded 2 times (x 81B)
Class jdk.internal.jimage.ImageBufferCache$2                                          : loaded 2 times (x 91B)
Class org.gradle.api.internal.classpath.DefaultModuleRegistry$DefaultModule           : loaded 2 times (x 86B)
Class org.jetbrains.org.objectweb.asm.tree.TryCatchBlockNode                          : loaded 2 times (x 74B)
Class org.jetbrains.kotlin.descriptors.Visibilities$InvisibleFake                     : loaded 2 times (x 79B)
Class org.jetbrains.kotlin.protobuf.UninitializedMessageException                     : loaded 2 times (x 84B)
Class org.jetbrains.kotlin.metadata.jvm.deserialization.JvmNameResolverKt             : loaded 2 times (x 71B)
Class org.jetbrains.kotlin.metadata.ProtoBuf$TypeParameter$Variance                   : loaded 2 times (x 82B)
Class org.jetbrains.kotlin.metadata.ProtoBuf$Annotation$Argument$Value$1              : loaded 2 times (x 144B)
Class org.jetbrains.kotlin.incremental.classpathDiff.JavaClassMemberLevelSnapshot     : loaded 2 times (x 72B)
Class org.jetbrains.kotlin.incremental.impl.SelectiveClassVisitor                     : loaded 2 times (x 88B)
Class org.jetbrains.kotlin.name.ClassId                                               : loaded 2 times (x 72B)
Class com.android.build.gradle.internal.api.artifact.ArtifactTypeUtils                : loaded 2 times (x 71B)
Class org.jetbrains.kotlin.buildtools.api.KotlinLogger                                : loaded 2 times (x 70B)
Class com.android.build.gradle.internal.AndroidJarInput$getAndroidJar$1               : loaded 2 times (x 74B)
Class com.android.repository.impl.meta.SchemaModuleUtil$NamespaceFallbackFilter       : loaded 2 times (x 153B)
Class [Lcom.sun.xml.bind.v2.runtime.unmarshaller.Scope;                               : loaded 2 times (x 69B)
Class com.android.repository.impl.generated.generic.v2.GenericDetailsType             : loaded 2 times (x 76B)
Class com.sun.xml.bind.v2.model.impl.RuntimeBuiltinLeafInfoImpl$11                    : loaded 2 times (x 136B)
Class com.sun.xml.bind.v2.model.core.ElementInfo                                      : loaded 2 times (x 70B)
Class com.sun.xml.bind.v2.model.runtime.RuntimeEnumLeafInfo                           : loaded 2 times (x 70B)
Class javax.xml.bind.GetPropertyAction                                                : loaded 2 times (x 75B)
Class com.android.repository.api.Checksum                                             : loaded 2 times (x 80B)
Class com.android.build.gradle.internal.PlatformComponents$Companion                  : loaded 2 times (x 71B)
Class org.jetbrains.kotlin.gradle.plugin.statistics.BuildFinishMetrics$reportGlobalMetrics$1: loaded 2 times (x 79B)
Class com.android.build.gradle.internal.scope.InternalArtifactType$SUPPORTED_LOCALE_LIST: loaded 2 times (x 74B)
Class com.android.build.gradle.internal.scope.ArtifactPublishingUtil                  : loaded 2 times (x 71B)
Class com.android.build.gradle.internal.dependency.BaseDexingTransform                : loaded 2 times (x 80B)
Class com.android.build.gradle.internal.cxx.logging.ThreadLoggingEnvironment$Companion$loggerStack$1: loaded 2 times (x 74B)
Class com.android.build.gradle.internal.PropertiesValueSource                         : loaded 2 times (x 78B)
Class com.android.tools.utp.gradle.api.UtpDependency$6                                : loaded 2 times (x 127B)
Class com.android.tools.utp.gradle.api.UtpDependencies                                : loaded 2 times (x 84B)
Class com.android.build.gradle.internal.coverage.tasks.CodeCoverageCollectionTask$CoverageCollectionCreationAction$handleProvider$1: loaded 2 times (x 127B)
Class com.android.build.gradle.internal.tasks.MergeStartupProfileTask                 : loaded 2 times (x 328B)
Class com.android.build.gradle.internal.tasks.ExtractNativeDebugMetadataTask$FullCreationAction$handleProvider$1: loaded 2 times (x 127B)
Class org.jetbrains.kotlin.gradle.plugin.mpp.compilationImpl.KotlinCompilationSourceSetInclusion$DefaultAddSourcesToCompileTask$addSources$1: loaded 2 times (x 79B)
Class com.android.build.api.component.impl.DeviceTestImpl$pseudoLocalesEnabled$2      : loaded 2 times (x 79B)
Class com.android.build.gradle.internal.core.dsl.impl.DslInfoCommonKt                 : loaded 2 times (x 71B)
Class com.android.build.api.variant.impl.ApplicationVariantImpl$signingConfig$2       : loaded 2 times (x 79B)
Class com.android.build.api.variant.impl.VariantOutputList                            : loaded 2 times (x 173B)
Class com.android.build.gradle.internal.services.VariantBuilderServices$Value         : loaded 2 times (x 70B)
Class com.android.build.gradle.internal.variant.VariantPathHelper$renderscriptObjOutputDir$2: loaded 2 times (x 79B)
Class com.android.build.gradle.internal.core.Abi                                      : loaded 2 times (x 79B)
Class com.android.build.gradle.internal.dsl.DataBindingOptions$AgpDecorated_Decorated : loaded 2 times (x 163B)
Class com.android.build.gradle.internal.api.artifact.SourceArtifactType$ML_MODELS     : loaded 2 times (x 74B)
Class com.android.builder.model.v2.CustomSourceDirectory                              : loaded 2 times (x 70B)
Class org.jetbrains.kotlin.gradle.targets.js.dsl.KotlinJsTargetDsl                    : loaded 2 times (x 70B)
Class com.android.build.gradle.internal.dsl.AgpTestSuiteImpl                          : loaded 2 times (x 102B)
Class com.android.build.gradle.internal.dsl.BundleOptionsAbi                          : loaded 2 times (x 77B)
Class org.jetbrains.kotlin.tooling.core.ExtrasUtilsKt                                 : loaded 2 times (x 71B)
Class org.jetbrains.kotlin.buildtools.api.ExperimentalBuildToolsApi                   : loaded 2 times (x 70B)
Class org.jetbrains.kotlin.gradle.targets.native.KonanPropertiesBuildService$Companion$registerIfAbsent$2$1$1: loaded 2 times (x 75B)
Class org.jetbrains.kotlin.gradle.utils.ResourceUtilsKt                               : loaded 2 times (x 71B)
Class org.jetbrains.kotlin.gradle.plugin.KotlinPluginWrapperKt$kotlinPluginVersionFromResources$1: loaded 2 times (x 78B)
Class com.android.build.gradle.internal.services.VersionedSdkLoaderService$versionedSdkLoader$2: loaded 2 times (x 79B)
Class com.android.build.gradle.internal.services.ClassesHierarchyBuildService$RegistrationAction: loaded 2 times (x 74B)
Class com.android.build.gradle.internal.services.AndroidLocationsBuildService$AndroidLocations: loaded 2 times (x 82B)
Class com.google.protobuf.CodedInputStream$IterableDirectByteBufferDecoder            : loaded 2 times (x 120B)
Class com.google.protobuf.Internal$DoubleList                                         : loaded 2 times (x 70B)
Class com.android.build.gradle.internal.tasks.AppMetadataTaskKt$configureTaskOutputs$1: loaded 2 times (x 127B)
Class com.android.ide.common.repository.AgpVersion                                    : loaded 2 times (x 75B)
Class com.android.build.gradle.LibraryPlugin                                          : loaded 2 times (x 76B)
Class com.android.build.gradle.internal.plugins.BasePlugin$globalConfig$2             : loaded 2 times (x 79B)
Class com.android.build.gradle.internal.plugins.BasePlugin$variantApiOperations$2     : loaded 2 times (x 79B)
Class com.android.build.gradle.internal.plugins.AndroidPluginBaseServices$configuratorService$2: loaded 2 times (x 79B)
Class com.android.build.api.variant.GeneratesApk                                      : loaded 2 times (x 70B)
Class com.android.build.gradle.internal.dsl.TestedExtensionImpl                       : loaded 2 times (x 222B)
Class com.android.build.gradle.internal.services.BuildServicesKt                      : loaded 2 times (x 71B)
Class org.gradle.accessors.dm.LibrariesForLibsInPluginsBlock$AndroidxCoreLibraryAccessors: loaded 2 times (x 77B)
Class com.google.common.base.Absent                                                   : loaded 2 times (x 80B)
Class com.google.common.collect.FluentIterable$2                                      : loaded 2 times (x 81B)
Class [Lorg.jetbrains.kotlin.metadata.ProtoBuf$Effect$InvocationKind;                 : loaded 2 times (x 69B)
Class org.jetbrains.kotlin.descriptors.Named                                          : loaded 2 times (x 70B)
Class org.jetbrains.kotlin.serialization.deserialization.ProtoEnumFlagsUtilsKt        : loaded 2 times (x 71B)
Class org.jetbrains.kotlin.metadata.ProtoBuf$Visibility$1                             : loaded 2 times (x 74B)
Class org.jetbrains.kotlin.metadata.ProtoBuf$VersionRequirement$VersionKind           : loaded 2 times (x 82B)
Class org.jetbrains.kotlin.metadata.jvm.JvmProtoBuf$StringTableTypes$Record$Operation$1: loaded 2 times (x 74B)
Class kotlin.collections.IndexingIterable                                             : loaded 2 times (x 79B)
Class org.jetbrains.kotlin.metadata.deserialization.NameResolver                      : loaded 2 times (x 70B)
Class org.jetbrains.kotlin.protobuf.GeneratedMessageLite$ExtensionDescriptor          : loaded 2 times (x 84B)
Class org.jetbrains.org.objectweb.asm.tree.JumpInsnNode                               : loaded 2 times (x 78B)
Class org.jetbrains.kotlin.protobuf.InvalidProtocolBufferException                    : loaded 2 times (x 84B)
Class org.jetbrains.org.objectweb.asm.FieldVisitor                                    : loaded 2 times (x 77B)
Class kotlin.collections.ArraysKt__ArraysKt                                           : loaded 2 times (x 71B)
Class [Lcom.android.manifmerger.MergingReport$Record$Severity;                        : loaded 2 times (x 69B)
Class org.jetbrains.kotlin.compilerRunner.CompilerExecutionSettings$Companion         : loaded 2 times (x 71B)
Class [Lcom.android.build.api.variant.impl.DirectoryEntry$Kind;                       : loaded 2 times (x 69B)
Class com.android.aapt.ConfigurationOuterClass$Configuration$Orientation$1            : loaded 2 times (x 76B)
Class com.google.common.cache.CacheBuilderSpec$AccessDurationParser                   : loaded 2 times (x 76B)
Class com.android.utils.SdkUtils                                                      : loaded 2 times (x 71B)
Class org.jetbrains.kotlin.gradle.tasks.UsesKotlinJavaToolchain$DefaultImpls          : loaded 2 times (x 71B)
Class org.jetbrains.kotlin.build.report.metrics.BuildAttributeKind$Companion          : loaded 2 times (x 71B)
Class com.android.build.api.variant.BuiltArtifacts                                    : loaded 2 times (x 70B)
Class com.sun.xml.bind.v2.runtime.property.ArrayElementProperty                       : loaded 2 times (x 105B)
Class com.sun.xml.bind.api.impl.NameUtil                                              : loaded 2 times (x 80B)
Class com.sun.xml.bind.v2.util.ByteArrayOutputStreamEx                                : loaded 2 times (x 94B)
Class com.sun.xml.bind.v2.model.impl.RuntimeBuiltinLeafInfoImpl$12                    : loaded 2 times (x 136B)
Class com.sun.xml.bind.v2.model.impl.RuntimeBuiltinLeafInfoImpl$PcdataImpl            : loaded 2 times (x 134B)
Class com.sun.xml.bind.v2.model.impl.ElementInfoImpl                                  : loaded 2 times (x 109B)
Class com.sun.xml.bind.v2.model.annotation.AbstractInlineAnnotationReaderImpl         : loaded 2 times (x 104B)
Class com.android.sdklib.repository.meta.RepoFactory                                  : loaded 2 times (x 74B)
Class com.android.build.gradle.internal.errors.SyncIssueReporterImpl$GlobalSyncIssueService$Parameters$Inject_: loaded 2 times (x 112B)
Class com.android.build.gradle.internal.tasks.factory.BootClasspathConfigImpl$androidJar$2$1: loaded 2 times (x 75B)
Class com.android.build.gradle.internal.dependency.AsmClassesTransform$Companion      : loaded 2 times (x 71B)
Class com.android.build.gradle.internal.dependency.AarTransform$Inject_1              : loaded 2 times (x 109B)
Class [Lcom.android.build.gradle.internal.cxx.gradle.generator.NativeProjectPath;     : loaded 2 times (x 69B)
Class com.android.tools.utp.gradle.api.UtpDependency$7                                : loaded 2 times (x 127B)
Class com.android.build.api.variant.impl.FlatSourceDirectoriesForJavaImpl$all$2       : loaded 2 times (x 79B)
Class com.android.build.gradle.internal.core.dsl.impl.DslInfoUtilsKt$getInstrumentationRunner$fromFlavor$1: loaded 2 times (x 78B)
Class com.android.build.gradle.internal.coverage.tasks.CodeCoverageCollectionTask$CoverageCollectionCreationAction$handleProvider$2: loaded 2 times (x 127B)
Class com.android.build.gradle.tasks.PackageApplication$CreationAction$handleProvider$3: loaded 2 times (x 125B)
Class org.jetbrains.kotlin.gradle.plugin.mpp.compilationImpl.KotlinCompilationSourceSetInclusion$DefaultAddSourcesToCompileTask$addSources$2: loaded 2 times (x 79B)
Class org.jetbrains.kotlin.gradle.plugin.KotlinCompilationOutput                      : loaded 2 times (x 70B)
Class org.jetbrains.kotlin.gradle.tasks.AbstractKotlinCompile                         : loaded 2 times (x 455B)
Class com.android.build.api.artifact.impl.MultiplePropertyAdapter                     : loaded 2 times (x 78B)
Class com.android.build.gradle.internal.variant.ComponentInfo                         : loaded 2 times (x 72B)
Class com.android.build.gradle.internal.core.ProductFlavor                            : loaded 2 times (x 72B)
Class com.android.build.gradle.internal.variant.VariantPathHelper$directorySegments$2 : loaded 2 times (x 79B)
Class com.android.build.api.attributes.AgpVersionAttr$ImplFactory                     : loaded 2 times (x 75B)
Class com.android.build.gradle.internal.variant.DefaultBuildTypeComparator            : loaded 2 times (x 90B)
Class com.android.build.gradle.internal.manifest.ManifestValueSource                  : loaded 2 times (x 79B)
Class com.android.build.gradle.internal.tasks.factory.TaskCreationAction              : loaded 2 times (x 89B)
Class com.android.build.gradle.internal.core.ExecutionProfileOptions                  : loaded 2 times (x 72B)
Class com.android.build.gradle.internal.api.ApkVariantOutputImpl                      : loaded 2 times (x 130B)
Class com.android.build.gradle.internal.dsl.BundleOptionsDeviceTier$AgpDecorated_Decorated: loaded 2 times (x 130B)
Class com.android.build.gradle.internal.dsl.decorator.ApplicationInstallationImpl     : loaded 2 times (x 94B)
Class com.android.build.gradle.internal.publishing.PublishingSpecs                    : loaded 2 times (x 71B)
Class com.android.build.gradle.internal.scope.InternalArtifactType$RES_STATIC_LIBRARY : loaded 2 times (x 74B)
Class com.android.build.gradle.internal.dsl.decorator.DslDecorator                    : loaded 2 times (x 72B)
Class com.android.build.api.dsl.AndroidTest                                           : loaded 2 times (x 70B)
Class com.android.builder.model.DimensionAware                                        : loaded 2 times (x 70B)
Class org.jetbrains.kotlin.gradle.targets.native.KonanPropertiesBuildService$Parameters_Decorated: loaded 2 times (x 130B)
Class org.jetbrains.kotlin.gradle.plugin.KotlinPluginWrapperKt$kotlinPluginVersionFromResources$1$1: loaded 2 times (x 71B)
Class com.android.build.gradle.internal.res.Aapt2FromMaven$Companion$Aapt2Extractor$Inject_1: loaded 2 times (x 109B)
Class com.android.build.gradle.internal.scope.InternalArtifactType$RUNTIME_LIBRARY_CLASSES_JAR: loaded 2 times (x 74B)
Class com.google.common.collect.FluentIterable$3                                      : loaded 2 times (x 81B)
Class org.jetbrains.kotlin.protobuf.ByteString$ByteIterator                           : loaded 2 times (x 70B)
Class org.jetbrains.kotlin.incremental.classpathDiff.impl.ClassFileWithContents       : loaded 2 times (x 72B)
Class kotlin.collections.SetsKt__SetsJVMKt                                            : loaded 2 times (x 71B)
Class kotlin.Function                                                                 : loaded 2 times (x 70B)
Class com.android.build.gradle.internal.scope.InternalArtifactType$AAR_MAIN_JAR       : loaded 2 times (x 74B)
Class com.android.ide.common.xml.XmlAttributeSortOrder                                : loaded 2 times (x 79B)
Class com.android.manifmerger.MergeType                                               : loaded 2 times (x 79B)
Class [Lcom.android.manifmerger.ManifestSystemProperty$Document;                      : loaded 2 times (x 69B)
Class org.jetbrains.kotlin.daemon.common.Profiler                                     : loaded 2 times (x 70B)
Class org.jetbrains.kotlin.com.google.common.base.Equivalence                         : loaded 2 times (x 82B)
Class com.android.aapt.ConfigurationOuterClass$Configuration$UiModeNight$1            : loaded 2 times (x 76B)
Class [Lcom.android.aapt.ConfigurationOuterClass$Configuration$WideColorGamut;        : loaded 2 times (x 69B)
Class com.google.common.collect.RegularImmutableTable$CellSet                         : loaded 2 times (x 152B)
Class com.android.ide.common.symbols.Symbol$StyleableSymbol                           : loaded 2 times (x 80B)
Class com.android.build.gradle.internal.core.dsl.impl.ComponentDslInfoImpl$computeApplicationIdSuffix$2: loaded 2 times (x 78B)
Class com.android.ide.common.blame.SourceFile                                         : loaded 2 times (x 72B)
Class com.android.utils.PositionXmlParser$AbstractParserPool                          : loaded 2 times (x 70B)
Class com.android.build.gradle.tasks.ExtractDeepLinksTask$BaseCreationAction$configure$1: loaded 2 times (x 79B)
Class com.google.gson.internal.ObjectConstructor                                      : loaded 2 times (x 70B)
Class com.sun.xml.bind.v2.runtime.unmarshaller.LeafPropertyXsiLoader                  : loaded 2 times (x 78B)
Class com.sun.xml.bind.v2.runtime.property.ArrayReferenceNodeProperty                 : loaded 2 times (x 104B)
Class [Lcom.sun.xml.bind.v2.runtime.property.AttributeProperty;                       : loaded 2 times (x 69B)
Class javax.xml.bind.annotation.XmlElements                                           : loaded 2 times (x 70B)
Class com.sun.xml.bind.v2.model.impl.ClassInfoImpl$ConflictException                  : loaded 2 times (x 82B)
Class com.sun.xml.bind.v2.model.annotation.XmlElementQuick                            : loaded 2 times (x 96B)
Class com.sun.xml.bind.v2.model.impl.RuntimeBuiltinLeafInfoImpl$13                    : loaded 2 times (x 137B)
Class com.sun.xml.bind.v2.model.impl.ModelBuilderI                                    : loaded 2 times (x 70B)
Class com.sun.xml.bind.v2.runtime.LeafBeanInfoImpl                                    : loaded 2 times (x 89B)
Class com.android.build.gradle.internal.SdkLibDataFactory$getSettingsController$1     : loaded 2 times (x 78B)
Class com.android.tools.utp.gradle.api.UtpDependency$8                                : loaded 2 times (x 127B)
Class com.android.build.api.variant.impl.LayeredSourceDirectoriesImpl                 : loaded 2 times (x 92B)
Class com.android.build.api.component.impl.DefaultSourcesProviderImpl                 : loaded 2 times (x 90B)
Class com.android.build.gradle.internal.scope.InternalArtifactType$APP_INTEGRITY_CONFIG: loaded 2 times (x 74B)
Class com.android.build.gradle.internal.tasks.InstallVariantTask                      : loaded 2 times (x 334B)
Class org.jetbrains.kotlin.tooling.core.Extras$Entry                                  : loaded 2 times (x 72B)
Class org.jetbrains.kotlin.gradle.plugin.sources.InternalKotlinSourceSetKt            : loaded 2 times (x 71B)
Class com.android.build.gradle.internal.component.LibraryCreationConfig               : loaded 2 times (x 70B)
Class com.android.build.api.variant.VariantOutput                                     : loaded 2 times (x 70B)
Class com.android.build.gradle.internal.variant.VariantPathHelper                     : loaded 2 times (x 72B)
Class com.android.build.gradle.internal.dependency.VariantDependencies$Companion      : loaded 2 times (x 71B)
Class com.android.build.gradle.internal.core.MergedOptions                            : loaded 2 times (x 70B)
Class com.android.build.api.dsl.ApplicationAndroidResources                           : loaded 2 times (x 70B)
Class com.android.build.gradle.internal.api.artifact.SourceArtifactType$BASELINE_PROFILES: loaded 2 times (x 74B)
Class com.android.build.api.dsl.AaptOptions                                           : loaded 2 times (x 70B)
Class com.android.build.api.dsl.LibraryBaseFlavor                                     : loaded 2 times (x 70B)
Class org.jetbrains.kotlin.gradle.dsl.KotlinJvmCompilerOptionsDefault_Decorated       : loaded 2 times (x 167B)
Class org.jetbrains.kotlin.gradle.internal.ClassLoadersCachingBuildService$Parameters_Decorated: loaded 2 times (x 130B)
Class org.jetbrains.kotlin.gradle.targets.native.toolchain.KotlinNativeBundleBuildService$Companion: loaded 2 times (x 71B)
Class org.jetbrains.kotlin.gradle.plugin.BuildEventsListenerRegistryHolder_Decorated  : loaded 2 times (x 115B)
Class org.jetbrains.kotlin.gradle.plugin.StatisticsBuildFlowManager$subscribeForBuildResultAndConfigurationTimeMetrics$1: loaded 2 times (x 75B)
Class org.jetbrains.kotlin.gradle.plugin.statistics.MetricContainer                   : loaded 2 times (x 72B)
Class org.jetbrains.kotlin.gradle.plugin.statistics.old.Pre232IdeaKotlinBuildStatsMXBean: loaded 2 times (x 70B)
Class org.jetbrains.kotlin.gradle.plugin.statistics.KotlinBuildStatsServicesRegistry  : loaded 2 times (x 78B)
Class org.jetbrains.kotlin.gradle.plugin.VariantImplementationFactoriesConfigurator   : loaded 2 times (x 76B)
Class org.jetbrains.kotlin.gradle.plugin.HasKotlinDependencies                        : loaded 2 times (x 70B)
Class org.jetbrains.kotlin.gradle.internal.Kapt3GradleSubplugin$Kapt3SubpluginContext : loaded 2 times (x 72B)
Class com.android.build.gradle.internal.services.Aapt2ThreadPoolBuildService$Params   : loaded 2 times (x 70B)
Class com.google.protobuf.Internal$ProtobufList                                       : loaded 2 times (x 70B)
Class com.android.build.gradle.internal.DependencyResolutionChecksKt                  : loaded 2 times (x 71B)
Class com.android.build.gradle.internal.lint.LintFromMaven$Companion                  : loaded 2 times (x 71B)
Class org.jetbrains.kotlin.statistics.AnonymizerUtilsKt$salt$2                        : loaded 2 times (x 78B)
Class com.android.build.gradle.internal.plugins.BasePlugin$newExtension$2             : loaded 2 times (x 79B)
Class com.android.build.gradle.internal.services.VersionedSdkLoaderService            : loaded 2 times (x 72B)
Class org.gradle.accessors.dm.LibrariesForLibs$PluginAccessors                        : loaded 2 times (x 75B)
Class org.gradle.api.internal.classpath.Module                                        : loaded 2 times (x 70B)
Class kotlin.internal.ProgressionUtilKt                                               : loaded 2 times (x 71B)
Class org.jetbrains.kotlin.metadata.deserialization.Flags$FlagField                   : loaded 2 times (x 73B)
Class kotlin.io.FileAlreadyExistsException                                            : loaded 2 times (x 82B)
Class com.android.build.gradle.internal.scope.InternalArtifactType$SHADER_ASSETS      : loaded 2 times (x 74B)
Class [Lcom.android.manifmerger.NodeOperationType;                                    : loaded 2 times (x 69B)
Class org.jetbrains.kotlin.gradle.logging.GradleLoggingUtilsKt$WhenMappings           : loaded 2 times (x 71B)
Class org.jetbrains.kotlin.gradle.plugin.statistics.CompileKotlinTaskMetrics          : loaded 2 times (x 71B)
Class org.jetbrains.kotlin.buildtools.internal.ClassLoaderUtilsKt                     : loaded 2 times (x 71B)
Class org.jetbrains.kotlin.gradle.tasks.DefaultKotlinJavaToolchain$getToolsJarFromJvm$1$1: loaded 2 times (x 79B)
Class com.android.zipflinger.LocalFileHeader                                          : loaded 2 times (x 75B)
Class com.android.build.gradle.internal.dependency.AttributeValue                     : loaded 2 times (x 72B)
Class com.android.utils.PositionXmlParser$ReleasableParserContainer                   : loaded 2 times (x 76B)
Class com.android.build.gradle.internal.tasks.ValidateResourcesTask$CreateAction$configure$1$resourceMap$1: loaded 2 times (x 78B)
Class org.jetbrains.kotlin.gradle.tasks.KotlinCompile$ClasspathSnapshotProperties_Decorated: loaded 2 times (x 133B)
Class com.android.build.gradle.tasks.JdkImageInput$jrtFsJar$1                         : loaded 2 times (x 74B)
Class com.android.build.gradle.internal.dependency.JdkImageTransformKt                : loaded 2 times (x 71B)
Class com.android.build.gradle.tasks.ExtractDeepLinksTask$BaseCreationAction$configure$2: loaded 2 times (x 78B)
Class com.android.build.api.component.impl.features.ManifestPlaceholdersCreationConfigImpl$placeholders$2: loaded 2 times (x 79B)
Class com.sun.xml.bind.v2.runtime.reflect.AdaptedLister                               : loaded 2 times (x 77B)
Class com.sun.xml.bind.v2.model.nav.ReflectionNavigator$10                            : loaded 2 times (x 77B)
Class com.android.repository.impl.generated.v1.TypeDetails                            : loaded 2 times (x 75B)
Class com.sun.xml.bind.v2.model.impl.RuntimeBuiltinLeafInfoImpl$UUIDImpl              : loaded 2 times (x 136B)
Class com.sun.xml.bind.v2.model.impl.RuntimeBuiltinLeafInfoImpl$14                    : loaded 2 times (x 136B)
Class com.sun.xml.bind.v2.model.core.RegistryInfo                                     : loaded 2 times (x 70B)
Class com.android.repository.impl.generated.v2.ChecksumType                           : loaded 2 times (x 82B)
Class com.android.sdklib.repository.generated.addon.v1.ObjectFactory                  : loaded 2 times (x 80B)
Class com.android.build.gradle.internal.SdkComponentsBuildService$VersionedSdkLoader$sdkLoadStrategy$2: loaded 2 times (x 79B)
Class com.android.build.gradle.internal.scope.InternalArtifactType$LIBRARY_ART_PROFILE: loaded 2 times (x 74B)
Class com.android.build.gradle.internal.dependency.DexingRegistration$ComponentAgnosticParameters: loaded 2 times (x 72B)
Class com.android.build.gradle.internal.utils.DesugarLibUtils$getDesugarLibConfigFromTransform$1$1: loaded 2 times (x 74B)
Class com.android.build.gradle.internal.services.Aapt2Input_Decorated                 : loaded 2 times (x 155B)
Class com.android.tools.utp.gradle.api.UtpDependency$10                               : loaded 2 times (x 127B)
Class com.android.tools.utp.gradle.api.UtpDependency$9                                : loaded 2 times (x 127B)
Class com.android.build.gradle.internal.scope.InternalArtifactType$APK_FROM_BUNDLE_IDE_MODEL: loaded 2 times (x 74B)
Class com.android.build.gradle.internal.tasks.ValidateSigningTask                     : loaded 2 times (x 328B)
Class com.android.build.gradle.tasks.PackageApplication$CreationAction$handleProvider$5: loaded 2 times (x 127B)
Class com.android.build.gradle.internal.tasks.ExtractNativeDebugMetadataTask$SymbolTableCreationAction$handleProvider$1: loaded 2 times (x 127B)
Class com.android.builder.dexing.R8Version                                            : loaded 2 times (x 71B)
Class org.jetbrains.kotlin.gradle.plugin.mpp.compilationImpl.KotlinCompilationSourceSetInclusion$Companion$includedSourceSets$2: loaded 2 times (x 78B)
Class com.android.build.gradle.tasks.KotlinCompileCreationAction$handleProvider$1     : loaded 2 times (x 78B)
Class org.jetbrains.kotlin.gradle.internal.transforms.BuildToolsApiClasspathEntrySnapshotTransform$Parameters_Decorated: loaded 2 times (x 153B)
Class com.android.build.gradle.internal.dependency.VariantDependencies$Companion$computeLocalFileDependencies$dependencies$1: loaded 2 times (x 75B)
Class com.android.build.gradle.internal.core.dsl.features.AndroidResourcesDslInfo     : loaded 2 times (x 70B)
Class com.android.build.api.variant.VariantOutputConfiguration$OutputType             : loaded 2 times (x 79B)
Class com.android.build.api.variant.TestComponent                                     : loaded 2 times (x 70B)
Class com.android.build.api.attributes.BuildTypeAttr$Companion                        : loaded 2 times (x 71B)
Class com.android.build.api.variant.TestSuiteBuilder                                  : loaded 2 times (x 70B)
Class com.android.build.gradle.internal.crash.CrashReporting$afterEvaluate$1          : loaded 2 times (x 75B)
Class com.android.build.gradle.internal.dsl.MinSdkSpecImpl                            : loaded 2 times (x 81B)
Class com.android.build.api.dsl.Packaging                                             : loaded 2 times (x 70B)
Class com.android.build.gradle.internal.dsl.ProductFlavor                             : loaded 2 times (x 469B)
Class org.jetbrains.kotlin.gradle.plugin.KotlinGradleFinishBuildHandler$Companion     : loaded 2 times (x 71B)
Class org.jetbrains.kotlin.gradle.internal.IsInIdeaSyncValueSource                    : loaded 2 times (x 78B)
Class com.android.build.gradle.internal.SdkComponentsBuildService$RegistrationAction  : loaded 2 times (x 74B)
Class com.android.build.gradle.internal.ide.dependencies.LibraryDependencyCacheBuildService: loaded 2 times (x 80B)
Class com.google.wireless.android.sdk.stats.GarbageCollectionStats                    : loaded 2 times (x 201B)
Class javax.xml.bind.ContextFinder$1                                                  : loaded 2 times (x 73B)
Class com.google.protobuf.ExtensionRegistry$ExtensionInfo                             : loaded 2 times (x 72B)
Class com.android.build.gradle.options.Option$Status$Removed                          : loaded 2 times (x 72B)
Class com.android.build.gradle.internal.plugins.AndroidPluginBaseServices$syncIssueReporter$2: loaded 2 times (x 79B)
Class com.android.build.api.variant.CanMinifyCode                                     : loaded 2 times (x 70B)
Class com.android.build.gradle.options.ProjectOptionService                           : loaded 2 times (x 77B)
Class org.gradle.accessors.dm.LibrariesForLibsInPluginsBlock$VersionAccessors         : loaded 2 times (x 90B)
Class org.gradle.api.internal.classpath.UnknownModuleException                        : loaded 2 times (x 82B)
Class org.jetbrains.kotlin.metadata.ProtoBuf$TypeAliasOrBuilder                       : loaded 2 times (x 70B)
Class org.jetbrains.kotlin.incremental.classpathDiff.KotlinClassInfoExternalizer      : loaded 2 times (x 75B)
Class [Lorg.jetbrains.kotlin.metadata.ProtoBuf$Class$Kind;                            : loaded 2 times (x 69B)
Class org.jetbrains.kotlin.incremental.storage.LongExternalizer                       : loaded 2 times (x 75B)
Class org.jetbrains.kotlin.incremental.classpathDiff.AccessibleClassSnapshot          : loaded 2 times (x 73B)
Class org.jetbrains.kotlin.config.Services$Companion                                  : loaded 2 times (x 71B)
Class org.jetbrains.kotlin.gradle.tasks.KotlinCompile$createCompilerArguments$1$1     : loaded 2 times (x 79B)
Class [Lorg.jetbrains.kotlin.com.google.common.cache.Weigher;                         : loaded 2 times (x 69B)
Class android.aapt.pb.internal.ResourcesInternal$CompiledFile                         : loaded 2 times (x 213B)
Class com.android.aapt.ConfigurationOuterClass$Configuration$Orientation              : loaded 2 times (x 87B)
Class com.sun.xml.bind.v2.model.impl.ClassInfoImpl$SecondaryAnnotation                : loaded 2 times (x 80B)
Class com.sun.xml.bind.v2.model.impl.RuntimeBuiltinLeafInfoImpl$15                    : loaded 2 times (x 136B)
Class com.sun.xml.bind.v2.model.core.MaybeElement                                     : loaded 2 times (x 70B)
Class com.sun.xml.bind.v2.runtime.AnyTypeBeanInfo                                     : loaded 2 times (x 92B)
Class javax.xml.bind.ContextFinder                                                    : loaded 2 times (x 71B)
Class com.android.sdklib.repository.meta.DetailsTypes                                 : loaded 2 times (x 71B)
Class [Lcom.android.build.api.component.impl.LifecycleTasksImpl$LifecycleEvent;       : loaded 2 times (x 69B)
Class com.android.build.gradle.internal.services.UsesAapt2DaemonBuildService          : loaded 2 times (x 70B)
Class com.android.build.gradle.internal.SdkComponentsBuildService$Inject_             : loaded 2 times (x 100B)
Class com.android.build.gradle.internal.lint.LintTaskManager$createLintTasks$4        : loaded 2 times (x 75B)
Class com.android.tools.utp.gradle.api.UtpDependency$11                               : loaded 2 times (x 127B)
Class com.android.build.gradle.internal.tasks.ExtractApksTask                         : loaded 2 times (x 334B)
Class com.android.build.gradle.internal.scope.InternalArtifactType$SIGNING_CONFIG_VERSIONS: loaded 2 times (x 74B)
Class com.android.build.gradle.internal.scope.InternalArtifactType$PACKAGED_DEPENDENCIES: loaded 2 times (x 74B)
Class com.android.build.gradle.internal.TaskManager$createPackagingTask$1             : loaded 2 times (x 75B)
Class com.android.build.gradle.tasks.PackageAndroidArtifact$CreationAction$Companion  : loaded 2 times (x 71B)
Class com.android.build.gradle.internal.tasks.DexFileDependenciesTask                 : loaded 2 times (x 334B)
Class com.android.build.gradle.internal.tasks.DexArchiveBuilderTask                   : loaded 2 times (x 344B)
Class org.jetbrains.kotlin.gradle.plugin.mpp.compilationImpl.KotlinCompilationRegisterInSourceSetsConfigurator$configure$1: loaded 2 times (x 79B)
Class com.android.build.gradle.internal.tasks.creationconfig.JavaCompileCreationConfig: loaded 2 times (x 70B)
Class com.android.build.api.artifact.impl.InAndOutDirectoryOperationRequestImpl       : loaded 2 times (x 81B)
Class com.android.build.gradle.internal.core.dsl.impl.features.OptimizationDslInfoImpl$postProcessingOptions$2$1: loaded 2 times (x 80B)
Class com.android.build.gradle.internal.dsl.LintImpl$SeverityOverrideSet              : loaded 2 times (x 143B)
Class com.android.builder.model.AdbOptions                                            : loaded 2 times (x 70B)
Class com.android.build.api.dsl.MinSdkVersion                                         : loaded 2 times (x 70B)
Class com.sun.xml.bind.api.Bridge                                                     : loaded 2 times (x 85B)
Class com.android.build.api.dsl.CompileSdkSpec                                        : loaded 2 times (x 70B)
Class com.android.builder.model.DataBindingOptions                                    : loaded 2 times (x 70B)
Class org.jetbrains.kotlin.gradle.plugin.mpp.KotlinUsageContext                       : loaded 2 times (x 70B)
Class org.jetbrains.kotlin.gradle.utils.ConfigurationsKt                              : loaded 2 times (x 71B)
Class org.jetbrains.kotlin.gradle.plugin.StatisticsBuildFlowManager                   : loaded 2 times (x 72B)
Class org.jetbrains.kotlin.gradle.plugin.statistics.BuildFusService$Parameters        : loaded 2 times (x 70B)
Class org.jetbrains.kotlin.gradle.plugin.diagnostics.DefaultProblemsReporter$Factory  : loaded 2 times (x 76B)
Class com.android.prefs.VariableValue                                                 : loaded 2 times (x 82B)
Class com.android.prefs.AbstractAndroidLocations$Companion                            : loaded 2 times (x 71B)
Class com.sun.xml.bind.v2.model.impl.RuntimeTypeInfoSetImpl                           : loaded 2 times (x 123B)
Class com.sun.xml.bind.v2.model.impl.Utils$1                                          : loaded 2 times (x 77B)
Class javax.xml.bind.annotation.XmlMimeType                                           : loaded 2 times (x 70B)
Class com.android.build.gradle.options.FeatureStage$Removed                           : loaded 2 times (x 72B)
Class com.android.build.gradle.options.Stage                                          : loaded 2 times (x 72B)
Class jdk.internal.jimage.ImageHeader                                                 : loaded 2 times (x 71B)
Class kotlin.collections.IndexingIterator                                             : loaded 2 times (x 79B)
Class org.jetbrains.kotlin.protobuf.LiteralByteString                                 : loaded 2 times (x 112B)
Class org.jetbrains.kotlin.protobuf.LazyFieldLite                                     : loaded 2 times (x 82B)
Class javax.xml.bind.annotation.adapters.CollapsedStringAdapter                       : loaded 2 times (x 75B)
Class javax.xml.bind.UnmarshalException                                               : loaded 2 times (x 85B)
Class com.android.manifmerger.ManifestModel$NodeTypes                                 : loaded 2 times (x 80B)
Class org.jetbrains.kotlin.gradle.tasks.KotlinCompile$createCompilerArguments$1$2     : loaded 2 times (x 79B)
Class org.jetbrains.kotlin.com.google.common.util.concurrent.AbstractFuture$SafeAtomicHelper: loaded 2 times (x 79B)
Class com.android.aapt.ConfigurationOuterClass$Configuration$1                        : loaded 2 times (x 151B)
Class com.google.protobuf.CodedOutputStream$ByteOutputEncoder                         : loaded 2 times (x 110B)
Class com.android.build.gradle.internal.services.Aapt2Input$Inject_                   : loaded 2 times (x 126B)
Class com.google.common.io.Files$2                                                    : loaded 2 times (x 76B)
Class com.sun.xml.bind.v2.runtime.unmarshaller.XmlVisitor                             : loaded 2 times (x 70B)
Class com.android.sdklib.repository.generated.addon.v1.MavenType                      : loaded 2 times (x 80B)
Class com.sun.xml.bind.v2.model.impl.ReferencePropertyInfoImpl                        : loaded 2 times (x 127B)
Class javax.xml.bind.annotation.XmlTransient                                          : loaded 2 times (x 70B)
Class com.sun.xml.bind.v2.model.impl.AnyTypeImpl                                      : loaded 2 times (x 89B)
Class com.sun.xml.bind.v2.model.impl.RuntimeBuiltinLeafInfoImpl$16                    : loaded 2 times (x 136B)
Class com.sun.xml.bind.v2.runtime.IllegalAnnotationsException                         : loaded 2 times (x 86B)
Class com.android.build.gradle.internal.SdkLocator$PropertyLocation                   : loaded 2 times (x 79B)
Class com.android.build.gradle.internal.scope.InternalArtifactType$METADATA_FEATURE_DECLARATION: loaded 2 times (x 74B)
Class com.android.build.gradle.internal.VariantTaskManager$createReportTasks$1        : loaded 2 times (x 75B)
Class com.android.build.gradle.internal.lint.LintTaskManager$createLintTasks$5        : loaded 2 times (x 75B)
Class com.android.build.gradle.internal.lint.AndroidLintTextOutputTask                : loaded 2 times (x 333B)
Class com.android.tools.utp.gradle.api.UtpDependency$12                               : loaded 2 times (x 127B)
Class com.android.build.gradle.tasks.TestResultsCollectionTask                        : loaded 2 times (x 328B)
Class com.android.build.gradle.internal.tasks.SigningConfigWriterTask$CreationAction  : loaded 2 times (x 90B)
Class com.android.build.gradle.internal.TaskManager$createPackagingTask$2             : loaded 2 times (x 75B)
Class com.android.build.gradle.internal.tasks.MergeJavaResourcesInputsOutputs         : loaded 2 times (x 70B)
Class org.jetbrains.kotlin.gradle.targets.js.dsl.KotlinTargetWithNodeJsDsl            : loaded 2 times (x 70B)
Class org.jetbrains.kotlin.gradle.plugin.sources.DefaultKotlinSourceSetKt$defaultSourceSetLanguageSettingsChecker$1: loaded 2 times (x 78B)
Class org.jetbrains.kotlin.gradle.plugin.sources.InternalKotlinSourceSet              : loaded 2 times (x 70B)
Class com.android.build.gradle.internal.scope.InternalArtifactType$AAR_METADATA_CHECK : loaded 2 times (x 74B)
Class com.android.build.gradle.tasks.CompileNavigationXmlTask                         : loaded 2 times (x 334B)
Class com.android.build.api.artifact.impl.OutOperationRequestImpl                     : loaded 2 times (x 91B)
Class com.android.build.api.artifact.impl.ArtifactOperationRequest                    : loaded 2 times (x 70B)
Class com.android.build.gradle.internal.tasks.ValidateResourcesTask$CreateAction      : loaded 2 times (x 90B)
Class com.android.build.gradle.internal.coverage.tasks.CodeCoverageReportTask$AggregatedCoverageReportCreationAction: loaded 2 times (x 92B)
Class com.android.build.gradle.internal.coverage.tasks.CodeCoverageReportTask$BaseCoverageReportCreationAction: loaded 2 times (x 92B)
Class com.android.build.gradle.internal.tasks.factory.TaskManagerConfigImpl           : loaded 2 times (x 76B)
Class com.android.build.api.component.impl.DeviceTestImpl$buildConfigCreationConfig$2 : loaded 2 times (x 79B)
Class com.android.build.gradle.internal.dependency.ConstraintHandler                  : loaded 2 times (x 71B)
Class com.android.build.api.variant.impl.GlobalVariantBuilderConfig                   : loaded 2 times (x 70B)
Class com.android.build.gradle.internal.lint.LintTaskManager                          : loaded 2 times (x 72B)
Class com.android.build.gradle.internal.tasks.ExtractProguardFiles                    : loaded 2 times (x 321B)
Class com.android.build.gradle.internal.tasks.factory.GlobalTaskCreationConfigImpl$platformAttrs$2: loaded 2 times (x 79B)
Class com.android.build.api.variant.ScopedArtifacts                                   : loaded 2 times (x 70B)
Class com.android.build.gradle.internal.services.FakeDependencyJarBuildService$Params$Inject_: loaded 2 times (x 106B)
Class com.google.common.base.Converter$ConverterComposition                           : loaded 2 times (x 90B)
Class com.google.gson.TypeAdapterFactory                                              : loaded 2 times (x 70B)
Class com.android.build.gradle.internal.dsl.decorator.SupportedPropertyType$Block     : loaded 2 times (x 74B)
Class com.android.build.api.dsl.CompileSdkVersion                                     : loaded 2 times (x 70B)
Class com.android.build.api.dsl.ApplicationDefaultConfig                              : loaded 2 times (x 70B)
Class org.jetbrains.kotlin.gradle.dsl.KotlinGradlePluginPublicDsl                     : loaded 2 times (x 70B)
Class org.jetbrains.kotlin.gradle.internal.properties.NativeProperties                : loaded 2 times (x 70B)
Class org.jetbrains.kotlin.gradle.fus.internal.SynchronizedConfigurationMetrics       : loaded 2 times (x 72B)
Class org.jetbrains.kotlin.statistics.BuildSessionLogger                              : loaded 2 times (x 77B)
Class org.jetbrains.kotlin.gradle.plugin.internal.ConfigurationCacheStartParameterAccessor: loaded 2 times (x 70B)
Class org.jetbrains.kotlin.gradle.internal.diagnostics.GradleCompatibilityCheck$DefaultCurrentGradleVersionProvider: loaded 2 times (x 74B)
Class org.jetbrains.kotlin.gradle.dsl.KotlinBaseExtension                             : loaded 2 times (x 70B)
Class com.android.build.gradle.internal.DependencyResolutionChecksKt$registerDependencyCheck$4$1: loaded 2 times (x 75B)
Class com.android.build.gradle.internal.plugins.AndroidPluginBaseServices$applyBaseServices$2: loaded 2 times (x 75B)
Class com.android.build.gradle.internal.profile.ProjectData                           : loaded 2 times (x 72B)
Class org.jetbrains.kotlin.gradle.tasks.CacheableTasksKt$cacheOnlyIfEnabledForKotlin$1: loaded 2 times (x 75B)
Class com.android.build.gradle.internal.core.dsl.MultiVariantComponentDslInfo         : loaded 2 times (x 70B)
Class org.gradle.accessors.dm.LibrariesForLibsInPluginsBlock$AndroidPluginAccessors   : loaded 2 times (x 74B)
Class [Lkotlin.reflect.KAnnotatedElement;                                             : loaded 2 times (x 69B)
Class org.jetbrains.kotlin.incremental.storage.JvmMethodSignatureExternalizer         : loaded 2 times (x 75B)
Class org.jetbrains.org.objectweb.asm.FieldWriter                                     : loaded 2 times (x 78B)
Class org.jetbrains.org.objectweb.asm.tree.VarInsnNode                                : loaded 2 times (x 78B)
Class org.jetbrains.org.objectweb.asm.MethodVisitor                                   : loaded 2 times (x 105B)
Class kotlin.io.ByteStreamsKt                                                         : loaded 2 times (x 71B)
Class com.android.ide.common.xml.XmlFormatStyle                                       : loaded 2 times (x 79B)
Class org.jetbrains.kotlin.gradle.tasks.AbstractKotlinCompile$compilerRunner$1        : loaded 2 times (x 75B)
Class com.android.manifmerger.ManifestSystemPropertyKt                                : loaded 2 times (x 71B)
Class com.android.manifmerger.ManifestMerger2$SelectorResolver                        : loaded 2 times (x 80B)
Class com.android.manifmerger.ManifestProvider                                        : loaded 2 times (x 70B)
Class org.jetbrains.kotlin.daemon.common.DaemonJVMOptions                             : loaded 2 times (x 75B)
Class org.jetbrains.kotlin.incremental.IncrementalModuleInfo                          : loaded 2 times (x 72B)
Class org.jetbrains.kotlin.gradle.tasks.KotlinCompile$createCompilerArguments$1$3     : loaded 2 times (x 79B)
Class com.android.aaptcompiler.ResourceCompilationException                           : loaded 2 times (x 82B)
Class com.google.common.collect.ImmutableMap$IteratorBasedImmutableMap$1EntrySetImpl  : loaded 2 times (x 154B)
Class com.google.common.collect.AbstractMapBasedMultimap$WrappedCollection$WrappedIterator: loaded 2 times (x 84B)
Class com.android.build.gradle.internal.scope.InternalArtifactType$GENERATED_LOCALE_CONFIG_INCREMENTAL_DIR: loaded 2 times (x 74B)
Class com.android.build.gradle.tasks.KotlinCompileCreationActionKt                    : loaded 2 times (x 71B)
Class com.android.build.gradle.tasks.CommandLineArgumentProviderAdapter               : loaded 2 times (x 75B)
Class com.android.build.gradle.tasks.PackageApplication_Decorated                     : loaded 2 times (x 455B)
Class com.android.build.gradle.internal.res.LinkApplicationAndroidResourcesTask$Companion: loaded 2 times (x 71B)
Class [Lcom.google.gson.ToNumberPolicy;                                               : loaded 2 times (x 69B)
Class com.google.gson.ToNumberPolicy                                                  : loaded 2 times (x 83B)
Class com.sun.xml.bind.v2.runtime.reflect.Lister$ArrayLister                          : loaded 2 times (x 77B)
Class com.sun.xml.bind.v2.runtime.property.PropertyImpl                               : loaded 2 times (x 102B)
Class com.sun.xml.bind.v2.model.impl.RuntimeBuiltinLeafInfoImpl$17                    : loaded 2 times (x 136B)
Class com.sun.xml.bind.v2.runtime.BridgeAdapter                                       : loaded 2 times (x 87B)
Class com.sun.xml.bind.v2.runtime.BridgeContextImpl                                   : loaded 2 times (x 77B)
Class com.sun.xml.bind.v2.runtime.ElementBeanInfoImpl                                 : loaded 2 times (x 89B)
Class com.android.repository.impl.meta.Archive$ArchiveFile                            : loaded 2 times (x 79B)
Class com.android.build.gradle.internal.PropertiesValueSource$Params$Inject_          : loaded 2 times (x 106B)
Class com.android.build.gradle.internal.lint.LintTaskManager$createLintTasks$6        : loaded 2 times (x 75B)
Class com.android.tools.utp.gradle.api.UtpDependency$13                               : loaded 2 times (x 127B)
Class com.android.build.gradle.internal.scope.InternalArtifactType$GLOBAL_SYNTHETICS_SUBPROJECT: loaded 2 times (x 74B)
Class com.android.build.gradle.internal.TaskManager$createPackagingTask$3             : loaded 2 times (x 75B)
Class org.jetbrains.kotlin.gradle.plugin.mpp.KotlinJvmAndroidCompilationKt            : loaded 2 times (x 71B)
Class org.jetbrains.kotlin.gradle.targets.js.dsl.KotlinWasmTargetDsl                  : loaded 2 times (x 70B)
Class org.jetbrains.kotlin.gradle.plugin.sources.ConsistencyCheck                     : loaded 2 times (x 72B)
Class org.jetbrains.kotlin.gradle.plugin.sources.DefaultKotlinSourceSetKt$defaultSourceSetLanguageSettingsChecker$2: loaded 2 times (x 78B)
Class org.jetbrains.kotlin.gradle.plugin.diagnostics.KotlinToolingDiagnosticsCollectorKt$kotlinToolingDiagnosticsCollectorProvider$1$execute$$inlined$variantImplementationFactoryProvider$1: loaded 2 times (x 74B)
Class org.jetbrains.kotlin.gradle.plugin.internal.BuildIdService$Companion$registerIfAbsent$1$1: loaded 2 times (x 75B)
Class com.android.build.gradle.internal.res.LinkApplicationAndroidResourcesTask$BaseCreationAction: loaded 2 times (x 96B)
Class com.android.build.api.variant.impl.VariantImpl$externalExtensions$2             : loaded 2 times (x 79B)
Class com.android.build.gradle.internal.publishing.AndroidArtifacts$ConsumedConfigType: loaded 2 times (x 80B)
Class com.android.build.api.variant.impl.ApplicationAndroidResourcesImpl              : loaded 2 times (x 88B)
Class com.android.build.gradle.internal.dsl.BaseFlavor$targetSdk$1$1                  : loaded 2 times (x 79B)
Class org.jetbrains.kotlin.gradle.plugin.SubpluginOption                              : loaded 2 times (x 72B)
Class com.android.build.gradle.internal.tasks.factory.PreConfigAction                 : loaded 2 times (x 70B)
Class com.android.build.gradle.internal.plugins.BasePlugin$createVariantModel$1       : loaded 2 times (x 79B)
Class com.android.build.gradle.api.VersionedVariant                                   : loaded 2 times (x 70B)
Class com.android.build.gradle.internal.dsl.ManagedDevices$allDevices$1$1             : loaded 2 times (x 75B)
Class com.android.build.OutputFile                                                    : loaded 2 times (x 70B)
Class com.android.build.gradle.internal.dsl.OptimizationImpl$AgpDecorated             : loaded 2 times (x 90B)
Class org.objectweb.asm.commons.Method                                                : loaded 2 times (x 76B)
Class org.bouncycastle.operator.OperatorException                                     : loaded 2 times (x 82B)
Class com.android.build.gradle.internal.plugins.AndroidPluginBaseServices$applyBaseServices$3: loaded 2 times (x 75B)
Class org.jetbrains.kotlin.gradle.tasks.DefaultKotlinJavaToolchain$Companion$wireJvmTargetToJvm$1: loaded 2 times (x 75B)
Class org.jetbrains.kotlin.gradle.plugin.statistics.FlowActionBuildFusService$Inject_ : loaded 2 times (x 104B)
Class org.jetbrains.kotlin.gradle.plugin.BuildFinishAndConfigurationTimeMetricsFlowAction: loaded 2 times (x 74B)
Class org.jetbrains.kotlin.gradle.plugin.PropertiesProvider$booleanProvider$1         : loaded 2 times (x 74B)
Class org.jetbrains.kotlin.gradle.dsl.KotlinCommonToolOptions                         : loaded 2 times (x 70B)
Class com.android.build.gradle.internal.services.BuildServicesKt$getBuildService$1    : loaded 2 times (x 75B)
Class com.google.wireless.android.sdk.stats.GarbageCollectionStats$Builder            : loaded 2 times (x 301B)
Class com.android.ide.common.resources.DataMerger                                     : loaded 2 times (x 97B)
Class com.android.build.gradle.internal.services.R8D8ThreadPoolBuildService           : loaded 2 times (x 80B)
Class [Lcom.android.build.gradle.options.Version;                                     : loaded 2 times (x 69B)
Class com.android.build.api.variant.HasTestSuitesBuilder                              : loaded 2 times (x 70B)
Class com.google.wireless.android.sdk.stats.GradleBuildProject$PluginType             : loaded 2 times (x 87B)
Class com.android.build.gradle.internal.services.BaseServices                         : loaded 2 times (x 70B)
Class com.android.build.api.dsl.TestedExtension                                       : loaded 2 times (x 70B)
Class com.android.build.gradle.internal.BadPluginException                            : loaded 2 times (x 82B)
Class com.google.common.collect.Maps$EntryFunction$1                                  : loaded 2 times (x 91B)
Class org.gradle.api.internal.DefaultClassPathRegistry                                : loaded 2 times (x 76B)
Class org.jetbrains.kotlin.metadata.ProtoBuf$Type$Argument$Projection$1               : loaded 2 times (x 74B)
Class org.jetbrains.kotlin.protobuf.SmallSortedMap$EmptySet$1                         : loaded 2 times (x 78B)
Class org.jetbrains.kotlin.protobuf.AbstractMessageLite$Builder$LimitedInputStream    : loaded 2 times (x 92B)
Class com.android.build.gradle.tasks.ProcessPackagedManifestTask$WorkItemParameters$Inject_: loaded 2 times (x 116B)
Class com.google.common.collect.TransformedListIterator                               : loaded 2 times (x 93B)
Class com.android.ide.common.xml.XmlPrettyPrinter$ExitWithErrorStatusException        : loaded 2 times (x 82B)
Class com.android.manifmerger.XmlElement$ElementOperationsAndMergeRuleMarkers         : loaded 2 times (x 76B)
Class com.android.manifmerger.NodeKeyResolver                                         : loaded 2 times (x 70B)
Class com.android.ide.common.symbols.SymbolIo                                         : loaded 2 times (x 72B)
Class org.jetbrains.kotlin.gradle.tasks.KotlinCompile$createCompilerArguments$1$4     : loaded 2 times (x 79B)
Class com.android.aaptcompiler.XmlResource                                            : loaded 2 times (x 72B)
Class com.android.aaptcompiler.Source                                                 : loaded 2 times (x 72B)
Class com.android.ide.common.resources.ResourcePathEncoding                           : loaded 2 times (x 70B)
Class com.android.build.gradle.internal.tasks.ValidateResourcesTask$Companion         : loaded 2 times (x 71B)
Class com.android.build.gradle.internal.scope.ArtifactTypeUtil                        : loaded 2 times (x 71B)
Class com.sun.xml.bind.v2.model.impl.AttributePropertyInfoImpl$1                      : loaded 2 times (x 71B)
Class com.sun.xml.bind.v2.model.core.PropertyInfo                                     : loaded 2 times (x 70B)
Class com.sun.xml.bind.v2.model.impl.RuntimeBuiltinLeafInfoImpl$18                    : loaded 2 times (x 136B)
Class javax.activation.MimeTypeParseException                                         : loaded 2 times (x 82B)
Class com.sun.xml.bind.WhiteSpaceProcessor                                            : loaded 2 times (x 71B)
Class com.sun.xml.bind.v2.model.annotation.Locatable                                  : loaded 2 times (x 70B)
Class com.sun.xml.bind.v2.runtime.AttributeAccessor                                   : loaded 2 times (x 70B)
Class com.android.sdklib.repository.generated.repository.v3.ObjectFactory             : loaded 2 times (x 79B)
Class com.android.build.gradle.internal.SdkLocator                                    : loaded 2 times (x 71B)
Class com.android.build.gradle.internal.publishing.ProcessedArtifactUtils             : loaded 2 times (x 71B)
Class com.android.build.gradle.internal.cxx.gradle.generator.CxxConfigurationModelKt  : loaded 2 times (x 71B)
Class com.android.build.gradle.internal.lint.LintTaskManager$createLintTasks$7        : loaded 2 times (x 75B)
Class com.android.build.gradle.internal.lint.AndroidLintTextOutputTask$VariantCreationAction: loaded 2 times (x 92B)
Class com.android.build.gradle.internal.coverage.tasks.CodeCoverageCollectionTask$AggregatedCoverageCollectionCreationAction$handleProvider$1: loaded 2 times (x 127B)
Class org.jetbrains.kotlin.gradle.plugin.sources.FragmentConsistencyChecks$unstableFeaturesCheck$1: loaded 2 times (x 79B)
Class org.jetbrains.kotlin.gradle.plugin.sources.DefaultKotlinSourceSet               : loaded 2 times (x 141B)
Class org.jetbrains.kotlin.gradle.plugin.diagnostics.KotlinToolingDiagnosticsCollector$Parameter_Decorated: loaded 2 times (x 130B)
Class com.android.build.gradle.internal.publishing.AndroidArtifactsUtilKt             : loaded 2 times (x 71B)
Class com.android.build.gradle.internal.core.dsl.impl.InstrumentedTestDslInfoImpl$testLabel$1: loaded 2 times (x 74B)
Class com.android.build.gradle.internal.core.dsl.TestComponentDslInfo                 : loaded 2 times (x 70B)
Class com.android.build.gradle.internal.core.dsl.impl.ApplicationVariantDslInfoImpl$versionName$2$versionNameFromFlavors$1: loaded 2 times (x 78B)
Class com.android.build.api.variant.CodeTransparency                                  : loaded 2 times (x 70B)
Class com.android.build.gradle.internal.variant.VariantPathHelper$buildConfigSourceOutputDir$2: loaded 2 times (x 79B)
Class com.android.build.api.variant.impl.VariantBuilderImpl$registeredExtensionDelegate$1: loaded 2 times (x 78B)
Class com.android.build.gradle.internal.plugins.AndroidPluginBaseServices$applyBaseServices$4: loaded 2 times (x 75B)
Class com.android.build.gradle.internal.plugins.BasePlugin$createVariantModel$2       : loaded 2 times (x 79B)
Class com.android.build.gradle.internal.dsl.DexPackagingImpl$AgpDecorated_Decorated   : loaded 2 times (x 127B)
Class com.android.build.gradle.internal.dsl.ManagedDevices$allDevices$1$2             : loaded 2 times (x 75B)
Class com.android.build.gradle.internal.dsl.ApplicationAndroidResourcesImpl$AgpDecorated_Decorated: loaded 2 times (x 180B)
Class com.android.build.gradle.internal.dependency.SourceSetManager$createConfigurationsForSourceSet$2: loaded 2 times (x 75B)
Class com.google.common.collect.Tables$ImmutableCell                                  : loaded 2 times (x 82B)
Class [Lcom.android.aaptcompiler.Container$EntryType;                                 : loaded 2 times (x 69B)
Class com.android.build.gradle.internal.dsl.LibraryKeepRulesImpl                      : loaded 2 times (x 88B)
Class com.android.build.gradle.internal.dsl.BundleOptionsCodeTransparency             : loaded 2 times (x 77B)
Class org.jetbrains.kotlin.gradle.utils.ConfigurationsKt$sam$org_gradle_api_Action$0  : loaded 2 times (x 75B)
Class org.jetbrains.kotlin.gradle.plugin.diagnostics.ProblemsReporter                 : loaded 2 times (x 70B)
Class org.jetbrains.kotlin.gradle.plugin.VariantImplementationFactories$Parameters    : loaded 2 times (x 70B)
Class org.jetbrains.kotlin.gradle.plugin.internal.JavaExecTaskParametersCompatibility$Factory: loaded 2 times (x 70B)
Class com.android.prefs.PathLocator$singlePathOf$values$1                             : loaded 2 times (x 79B)
Class com.android.tools.analytics.AnalyticsSettings$optedIn$1                         : loaded 2 times (x 78B)
Class com.android.sdklib.AndroidApiLevel                                              : loaded 2 times (x 74B)
Class com.android.build.gradle.options.Option$Status$EXPERIMENTAL                     : loaded 2 times (x 71B)
Class com.android.build.gradle.internal.services.ServiceRegistrationAction            : loaded 2 times (x 74B)
Class com.android.build.gradle.internal.component.TargetSdkAwareConfig                : loaded 2 times (x 70B)
Class com.google.common.collect.Maps$EntryFunction$2                                  : loaded 2 times (x 91B)
Class org.gradle.api.internal.ClassPathRegistry                                       : loaded 2 times (x 70B)
Class org.gradle.internal.classpath.DefaultClassPath$ImmutableUniqueList              : loaded 2 times (x 199B)
Class org.jetbrains.kotlin.descriptors.Visibilities$Protected                         : loaded 2 times (x 79B)
Class org.jetbrains.kotlin.metadata.ProtoBuf$PackageOrBuilder                         : loaded 2 times (x 70B)
Class org.jetbrains.kotlin.metadata.jvm.JvmProtoBuf$JvmPropertySignature              : loaded 2 times (x 114B)
Class org.jetbrains.kotlin.metadata.ProtoBuf$ValueParameterOrBuilder                  : loaded 2 times (x 70B)
Class org.jetbrains.org.objectweb.asm.ByteVector                                      : loaded 2 times (x 78B)
Class org.jetbrains.kotlin.protobuf.SmallSortedMap$EmptySet$2                         : loaded 2 times (x 78B)
Class kotlin.text.StringsKt__StringsJVMKt                                             : loaded 2 times (x 71B)
Class org.gradle.kotlin.dsl.DebugImplementationConfigurationAccessorsKt               : loaded 2 times (x 71B)
Class com.android.build.gradle.internal.scope.InternalArtifactType$LEGACY_MULTIDEX_AAPT_DERIVED_PROGUARD_RULES: loaded 2 times (x 74B)
Class com.android.build.api.variant.BuiltArtifactsLoader                              : loaded 2 times (x 70B)
Class com.android.manifmerger.ToolsInstructionsCleaner                                : loaded 2 times (x 71B)
Class org.jetbrains.kotlin.daemon.client.DaemonReportMessage                          : loaded 2 times (x 72B)
Class org.jetbrains.kotlin.daemon.common.LoopbackNetworkInterface$ClientLoopbackSocketFactory: loaded 2 times (x 75B)
Class org.jetbrains.kotlin.daemon.common.FileSystemUtilsKt                            : loaded 2 times (x 71B)
Class org.jetbrains.kotlin.com.google.common.cache.CacheBuilder$NullListener          : loaded 2 times (x 82B)
Class [Lorg.jetbrains.kotlin.com.google.common.cache.ReferenceEntry;                  : loaded 2 times (x 69B)
Class org.jetbrains.kotlin.gradle.internal.ClassLoaderCacheKey                        : loaded 2 times (x 72B)
Class org.jetbrains.kotlin.com.google.common.cache.Weigher                            : loaded 2 times (x 70B)
Class org.jetbrains.kotlin.compilerRunner.GradleKotlinCompilerRunnerKt                : loaded 2 times (x 71B)
Class com.android.aapt.ConfigurationOuterClass$Configuration$Touchscreen$1            : loaded 2 times (x 76B)
Class com.android.build.gradle.internal.scope.InternalArtifactType$AAR_LIBS_DIRECTORY : loaded 2 times (x 74B)
Class com.android.builder.packaging.JarFlinger$Relocator                              : loaded 2 times (x 70B)
Class com.android.ide.common.symbols.SymbolTable$Builder$symbols$1                    : loaded 2 times (x 77B)
Class com.android.ide.common.symbols.SymbolTable$Companion$EMPTY$2                    : loaded 2 times (x 78B)
Class com.google.common.collect.Table$Cell                                            : loaded 2 times (x 70B)
Class org.jetbrains.kotlin.incremental.classpathDiff.impl.ClassListSnapshotterKt$WhenMappings: loaded 2 times (x 71B)
Class com.android.build.gradle.tasks.ProcessApplicationManifest$Companion             : loaded 2 times (x 71B)
Class com.android.build.api.variant.BuiltArtifact                                     : loaded 2 times (x 70B)
Class org.jetbrains.kotlin.gradle.utils.ProviderApiUtilsKt$providerWithLazyConvention$1: loaded 2 times (x 74B)
Class com.android.build.gradle.internal.core.dsl.impl.features.ManifestPlaceholdersDslInfoImpl$placeholders$2: loaded 2 times (x 79B)
Class com.google.gson.internal.ConstructorConstructor$9                               : loaded 2 times (x 76B)
Class com.sun.xml.bind.v2.runtime.unmarshaller.XmlVisitor$TextPredictor               : loaded 2 times (x 70B)
Class com.sun.xml.bind.v2.runtime.SchemaTypeTransducer                                : loaded 2 times (x 88B)
Class com.android.repository.impl.meta.Archive$HostConfig                             : loaded 2 times (x 72B)
Class javax.xml.bind.annotation.XmlRegistry                                           : loaded 2 times (x 70B)
Class com.sun.xml.bind.v2.model.impl.RuntimeBuiltinLeafInfoImpl$19                    : loaded 2 times (x 136B)
Class com.android.repository.api.RepoManager$Companion                                : loaded 2 times (x 71B)
Class com.android.sdklib.repository.generated.common.v3.IdDisplayType                 : loaded 2 times (x 83B)
Class com.android.build.gradle.internal.SdkLocator$SdkLocationSource$getSdkLocation$1$1: loaded 2 times (x 79B)
Class org.jetbrains.kotlin.gradle.plugin.internal.state.TaskLoggers                   : loaded 2 times (x 71B)
Class com.android.build.gradle.internal.utils.KgpUtils$configureKotlinCompileTasks$1  : loaded 2 times (x 75B)
Class com.android.build.gradle.internal.dependency.DexingOutputSplitTransformKt$registerTransformWithOutputType$1: loaded 2 times (x 75B)
Class com.android.build.gradle.internal.DependencyConfigurator$configureGeneralTransforms$7$1: loaded 2 times (x 74B)
Class com.android.build.gradle.internal.dependency.AarTransform$Parameters_Decorated  : loaded 2 times (x 141B)
Class com.android.build.gradle.internal.dependency.PlatformAttrTransform              : loaded 2 times (x 78B)
Class com.android.build.gradle.internal.scope.InternalArtifactType$LINT_PARTIAL_RESULTS: loaded 2 times (x 74B)
Class com.android.build.gradle.internal.tasks.DeviceProviderInstrumentTestTask        : loaded 2 times (x 353B)
Class com.android.build.api.variant.impl.LayeredSourceDirectoriesImpl$all$1           : loaded 2 times (x 74B)
Class com.android.build.gradle.internal.tasks.PackageBundleTask                       : loaded 2 times (x 348B)
Class com.android.build.gradle.tasks.PackageAndroidArtifact$CreationAction            : loaded 2 times (x 92B)
Class com.android.build.api.variant.impl.SigningConfigImpl$storePassword$1            : loaded 2 times (x 75B)
Class com.android.build.gradle.internal.tasks.MergeGeneratedProguardFilesCreationAction: loaded 2 times (x 90B)
Class org.jetbrains.kotlin.gradle.plugin.KotlinCompilation$DefaultImpls               : loaded 2 times (x 71B)
Class org.jetbrains.kotlin.gradle.plugin.sources.FragmentConsistencyChecks$unstableFeaturesCheck$2: loaded 2 times (x 78B)
Class org.jetbrains.kotlin.konan.target.KonanTarget$Companion$predefinedTargets$2     : loaded 2 times (x 78B)
Class com.android.build.gradle.internal.component.DynamicFeatureCreationConfig        : loaded 2 times (x 70B)
Class com.android.build.api.variant.Sources                                           : loaded 2 times (x 70B)
Class com.android.build.gradle.internal.variant.TestedVariantData                     : loaded 2 times (x 70B)
Class com.android.build.gradle.internal.plugins.BasePlugin$createVariantModel$3       : loaded 2 times (x 79B)
Class com.android.build.api.variant.impl.DeferredActionManager                        : loaded 2 times (x 72B)
Class com.android.build.gradle.internal.dsl.DataBindingOptions$AgpDecorated           : loaded 2 times (x 112B)
Class com.android.build.gradle.internal.DefaultConfigData                             : loaded 2 times (x 72B)
Class com.android.build.gradle.internal.dsl.VectorDrawablesOptions_Decorated          : loaded 2 times (x 132B)
Class com.android.build.gradle.internal.dsl.decorator.annotation.WithLazyInitialization: loaded 2 times (x 70B)
Class com.android.build.api.dsl.ResourcesPackaging                                    : loaded 2 times (x 70B)
Class com.android.build.gradle.internal.model.CoreNdkBuildOptions                     : loaded 2 times (x 70B)
Class com.android.build.gradle.internal.utils.KgpVersion                              : loaded 2 times (x 75B)
Class org.jetbrains.kotlin.gradle.dsl.KotlinCommonCompilerOptionsDefault              : loaded 2 times (x 96B)
Class org.jetbrains.kotlin.gradle.dsl.KotlinCommonCompilerToolOptionsDefault          : loaded 2 times (x 84B)
Class org.jetbrains.kotlin.gradle.internal.properties.NativePropertiesLoader$isUseXcodeMessageStyleEnabled$1: loaded 2 times (x 75B)
Class org.jetbrains.kotlin.gradle.internal.ClassLoadersCachingBuildService$Companion$registerIfAbsent$2$1: loaded 2 times (x 79B)
Class org.jetbrains.kotlin.gradle.plugin.statistics.KotlinBuildStatisticsUtilsKt$collectGeneralConfigurationTimeMetrics$statisticOverhead$1$2: loaded 2 times (x 75B)
Class org.jetbrains.kotlin.gradle.plugin.StatisticsBuildFlowManager_Decorated         : loaded 2 times (x 115B)
Class org.jetbrains.kotlin.gradle.report.BuildReportMode$Companion                    : loaded 2 times (x 71B)
Class org.jetbrains.kotlin.gradle.plugin.VariantImplementationFactories$VariantImplementationFactory: loaded 2 times (x 70B)
Class com.android.prefs.PathLocator$singlePathOf$values$2                             : loaded 2 times (x 78B)
Class com.android.build.gradle.internal.services.StringCachingBuildService            : loaded 2 times (x 84B)
Class com.android.build.gradle.internal.errors.AndroidProblemReporterProvider$reporter$1: loaded 2 times (x 74B)
Class com.android.build.gradle.internal.component.ComponentCreationConfig             : loaded 2 times (x 70B)
Class com.android.build.gradle.internal.variant.VariantModel                          : loaded 2 times (x 70B)
Class jdk.internal.jimage.decompressor.ResourceDecompressor                           : loaded 2 times (x 70B)
Class [Lorg.jetbrains.org.objectweb.asm.tree.LabelNode;                               : loaded 2 times (x 69B)
Class org.jetbrains.kotlin.incremental.storage.InlinePropertyAccessorExternalizer     : loaded 2 times (x 75B)
Class org.jetbrains.kotlin.descriptors.DeclarationDescriptor                          : loaded 2 times (x 70B)
Class org.jetbrains.kotlin.descriptors.DescriptorVisibilities                         : loaded 2 times (x 71B)
Class [Lorg.jetbrains.org.objectweb.asm.AnnotationWriter;                             : loaded 2 times (x 69B)
Class org.jetbrains.org.objectweb.asm.tree.LookupSwitchInsnNode                       : loaded 2 times (x 78B)
Class org.jetbrains.org.objectweb.asm.tree.FieldNode                                  : loaded 2 times (x 80B)
Class org.jetbrains.kotlin.load.kotlin.KotlinJvmBinaryClass$AnnotationArrayArgumentVisitor: loaded 2 times (x 70B)
Class org.jetbrains.kotlin.name.FqNameUnsafe$Companion                                : loaded 2 times (x 71B)
Class kotlin.collections.SetsKt                                                       : loaded 2 times (x 71B)
Class kotlin.text.StringsKt__IndentKt                                                 : loaded 2 times (x 71B)
Class org.jetbrains.kotlin.protobuf.ByteString$Output                                 : loaded 2 times (x 86B)
Class com.android.manifmerger.XmlNode                                                 : loaded 2 times (x 80B)
Class [Lorg.jetbrains.kotlin.daemon.common.CompilationResultCategory;                 : loaded 2 times (x 69B)
Class org.jetbrains.kotlin.daemon.client.DaemonReportingTargets                       : loaded 2 times (x 72B)
Class org.jetbrains.kotlin.incremental.ClasspathChanges$ClasspathSnapshotEnabled$NotAvailableForNonIncrementalRun: loaded 2 times (x 73B)
Class org.jetbrains.org.objectweb.asm.tree.FieldInsnNode                              : loaded 2 times (x 79B)
Class org.jetbrains.kotlin.com.google.common.util.concurrent.Uninterruptibles         : loaded 2 times (x 71B)
Class org.jetbrains.kotlin.com.google.common.base.Predicate                           : loaded 2 times (x 70B)
Class com.google.protobuf.Utf8$UnsafeProcessor                                        : loaded 2 times (x 77B)
Class com.android.build.gradle.internal.dependency.AarTransform$WhenMappings          : loaded 2 times (x 71B)
Class com.android.build.gradle.internal.services.GlobalServiceRegistrationAction$execute$globalService$1: loaded 2 times (x 75B)
Class com.android.build.gradle.internal.tasks.SigningConfigVersionsWriterTask_Decorated: loaded 2 times (x 385B)
Class org.jetbrains.kotlin.gradle.tasks.configuration.BaseKotlinCompileConfig$1$1$classpathEntrySnapshotFiles$1: loaded 2 times (x 74B)
Class com.google.gson.internal.ConstructorConstructor$13                              : loaded 2 times (x 75B)
Class com.google.gson.internal.bind.ArrayTypeAdapter$1                                : loaded 2 times (x 75B)
Class com.sun.xml.bind.v2.runtime.reflect.Lister$CollectionLister                     : loaded 2 times (x 77B)
Class javax.xml.bind.annotation.XmlAccessOrder                                        : loaded 2 times (x 79B)
Class com.sun.xml.bind.v2.model.impl.RuntimeAnyTypeImpl                               : loaded 2 times (x 94B)
Class com.sun.xml.bind.v2.model.nav.Navigator                                         : loaded 2 times (x 70B)
Class com.android.build.gradle.internal.SdkLocator$ValidationResult                   : loaded 2 times (x 72B)
Class com.android.build.gradle.internal.scope.InternalArtifactType$TEST_FIXTURES_LINT_MODEL: loaded 2 times (x 74B)
Class com.android.build.gradle.internal.scope.BootClasspathBuilder                    : loaded 2 times (x 71B)
Class com.android.build.gradle.internal.publishing.AarOrJarTypeToConsume              : loaded 2 times (x 72B)
Class com.android.build.gradle.internal.lint.AndroidLintTask$SingleVariantCreationAction: loaded 2 times (x 95B)
Class com.android.build.api.variant.impl.SourcesImpl$manifestOverlayFiles$1           : loaded 2 times (x 74B)
Class com.android.build.api.component.impl.DefaultSourcesProviderImpl$getKeepRules$1  : loaded 2 times (x 127B)
Class com.android.build.api.artifact.SingleArtifact$METADATA_LIBRARY_DEPENDENCIES_REPORT: loaded 2 times (x 74B)
Class com.android.build.gradle.internal.scope.InternalArtifactType$GLOBAL_SYNTHETICS_EXTERNAL_LIBS_ARTIFACT_TRANSFORM: loaded 2 times (x 74B)
Class com.android.build.gradle.internal.tasks.FinalizeBundleTask$CreationAction$handleProvider$1: loaded 2 times (x 127B)
Class com.android.build.gradle.internal.tasks.SigningConfigVersionsWriterTask         : loaded 2 times (x 332B)
Class com.android.build.gradle.internal.tasks.featuresplit.PackagedDependenciesWriterTask$CreationAction$handleProvider$1: loaded 2 times (x 127B)
Class com.android.build.gradle.internal.scope.InternalArtifactType$MIXED_SCOPE_DEX_ARCHIVE: loaded 2 times (x 74B)
Class com.android.build.gradle.internal.tasks.MergeJavaResourceTask$CreationAction$handleProvider$1: loaded 2 times (x 127B)
Class org.jetbrains.kotlin.gradle.plugin.mpp.compilationImpl.KotlinCompilationImpl$1  : loaded 2 times (x 79B)
Class org.jetbrains.kotlin.gradle.plugin.mpp.compilationImpl.factory.KotlinJvmCompilerOptionsFactory: loaded 2 times (x 74B)
Class org.jetbrains.kotlin.konan.target.KonanTarget$LINUX_X64                         : loaded 2 times (x 78B)
Class [Lorg.jetbrains.kotlin.konan.target.Architecture;                               : loaded 2 times (x 69B)
Class org.jetbrains.kotlin.compilerRunner.CompilerSystemPropertiesService             : loaded 2 times (x 80B)
Class com.android.build.gradle.internal.scope.InternalArtifactType$MANIFEST_MERGE_REPORT: loaded 2 times (x 74B)
Class com.android.build.gradle.internal.tasks.PrepareLintJarForPublish$CreationAction : loaded 2 times (x 90B)
Class com.android.build.gradle.internal.tasks.CheckMultiApkLibrariesTask$CreationAction: loaded 2 times (x 90B)
Class android.databinding.tool.DataBindingBuilder                                     : loaded 2 times (x 79B)
Class com.android.build.gradle.internal.component.InstrumentedTestCreationConfig      : loaded 2 times (x 70B)
Class com.android.build.api.component.impl.ComponentImpl$builtInKotlinSupportMode$2   : loaded 2 times (x 79B)
Class com.android.builder.model.v2.AndroidModel                                       : loaded 2 times (x 70B)
Class com.android.build.gradle.internal.plugins.BasePlugin$createVariantModel$4       : loaded 2 times (x 79B)
Class com.android.build.api.variant.VariantFilter                                     : loaded 2 times (x 70B)
Class com.android.build.gradle.internal.tasks.factory.BootClasspathConfigImpl$bootClasspath$2: loaded 2 times (x 79B)
Class com.android.build.gradle.internal.dsl.ExternalNativeBuild$AgpDecorated          : loaded 2 times (x 96B)
Class com.android.build.gradle.internal.dsl.ResourcesPackagingImpl$AgpDecorated       : loaded 2 times (x 86B)
Class [Lcom.android.builder.model.TestOptions$Execution;                              : loaded 2 times (x 69B)
Class com.android.build.gradle.internal.dsl.LintOptions                               : loaded 2 times (x 201B)
Class com.android.build.gradle.internal.api.DefaultAndroidSourceDirectorySet$directories$1: loaded 2 times (x 143B)
Class com.android.build.api.dsl.Cmake                                                 : loaded 2 times (x 70B)
Class com.android.build.api.dsl.AarMetadata                                           : loaded 2 times (x 70B)
Class com.android.build.gradle.internal.services.BuiltInKotlinServices                : loaded 2 times (x 72B)
Class org.jetbrains.kotlin.gradle.dsl.ExplicitApiMode                                 : loaded 2 times (x 79B)
Class org.jetbrains.kotlin.gradle.plugin.mpp.KotlinUsages$KotlinCinteropCompatibility : loaded 2 times (x 77B)
Class org.jetbrains.kotlin.gradle.plugin.mpp.KotlinUsages$KotlinUsagesCompatibility   : loaded 2 times (x 76B)
Class org.jetbrains.kotlin.gradle.plugin.VariantImplementationFactories$Parameters$Inject_: loaded 2 times (x 106B)
Class org.jetbrains.kotlin.gradle.plugin.VariantImplementationFactories$Companion     : loaded 2 times (x 71B)
Class org.jetbrains.kotlin.gradle.plugin.internal.CustomPropertiesFileValueSource$Parameters_Decorated: loaded 2 times (x 130B)
Class org.jetbrains.kotlin.gradle.dsl.KotlinTopLevelExtensionConfig                   : loaded 2 times (x 70B)
Class com.android.build.gradle.options.FeatureStage$Enforced                          : loaded 2 times (x 72B)
Class com.google.protobuf.UnknownFieldSet$Parser                                      : loaded 2 times (x 150B)
Class com.google.gson.internal.bind.JsonTreeWriter                                    : loaded 2 times (x 98B)
Class com.android.build.gradle.internal.dependency.GenericTransformParameters_Decorated: loaded 2 times (x 130B)
Class [Lcom.android.build.gradle.options.SyncOptions$ErrorFormatMode;                 : loaded 2 times (x 69B)
Class com.android.build.gradle.internal.res.Aapt2FromMaven                            : loaded 2 times (x 72B)
Class [Lcom.android.build.gradle.options.HasFutureStage;                              : loaded 2 times (x 69B)
Class com.android.build.gradle.internal.utils.GradlePluginUtils                       : loaded 2 times (x 71B)
Class com.google.common.cache.RemovalCause                                            : loaded 2 times (x 80B)
Class org.jetbrains.kotlin.cli.common.messages.CompilerMessageSourceLocation          : loaded 2 times (x 70B)
Class Settings_gradle$1                                                               : loaded 2 times (x 74B)
Class org.gradle.internal.classpath.ClassPath                                         : loaded 2 times (x 70B)
Class kotlin.reflect.KFunction                                                        : loaded 2 times (x 70B)
Class org.jetbrains.kotlin.metadata.deserialization.TypeTable                         : loaded 2 times (x 72B)
Class org.jetbrains.kotlin.load.kotlin.FileBasedKotlinClass$1                         : loaded 2 times (x 88B)
Class org.jetbrains.kotlin.incremental.classpathDiff.impl.InnerClassesClassVisitor    : loaded 2 times (x 88B)
Class kotlin.sequences.SequencesKt__SequencesKt$asSequence$$inlined$Sequence$1        : loaded 2 times (x 75B)
Class com.android.build.gradle.internal.scope.InternalArtifactType$NAVIGATION_JSON_FOR_AAR: loaded 2 times (x 74B)
Class com.android.build.gradle.internal.scope.InternalArtifactType$L8_ART_PROFILE     : loaded 2 times (x 74B)
Class com.android.manifmerger.XmlDocument$Type                                        : loaded 2 times (x 79B)
Class org.jetbrains.kotlin.daemon.common.ReportSeverity                               : loaded 2 times (x 79B)
Class org.jetbrains.kotlin.compilerRunner.GradleCompilerRunnerWithWorkers$GradleKotlinCompilerWorkParameters_Decorated: loaded 2 times (x 139B)
Class org.jetbrains.kotlin.compilerRunner.CompilerSystemPropertiesService$properties$2: loaded 2 times (x 79B)
Class com.android.build.gradle.internal.res.Aapt2FromMaven$Companion                  : loaded 2 times (x 71B)
Class org.jetbrains.kotlin.com.google.common.util.concurrent.LazyLogger               : loaded 2 times (x 72B)
Class org.jetbrains.kotlin.com.google.common.cache.CacheLoader$InvalidCacheLoadException: loaded 2 times (x 82B)
Class com.android.zipflinger.StreamSource                                             : loaded 2 times (x 87B)
Class com.android.ide.common.symbols.Symbol$NormalSymbol                              : loaded 2 times (x 79B)
Class com.google.wireless.android.sdk.stats.GradleBuildMemorySample$Builder           : loaded 2 times (x 303B)
Class com.android.tools.analytics.HostData$threadBean$2                               : loaded 2 times (x 78B)
Class org.jetbrains.kotlin.gradle.incremental.IncrementalModuleInfoProvider           : loaded 2 times (x 70B)
Class com.android.build.gradle.internal.UsesSdkComponentsBuildService                 : loaded 2 times (x 70B)
Class javax.xml.bind.annotation.XmlElementWrapper                                     : loaded 2 times (x 70B)
Class javax.xml.bind.annotation.adapters.XmlJavaTypeAdapter                           : loaded 2 times (x 70B)
Class com.sun.xml.bind.v2.model.annotation.AnnotationSource                           : loaded 2 times (x 70B)
Class com.android.repository.impl.generated.v1.LocalPackage                           : loaded 2 times (x 140B)
Class com.android.sdklib.repository.legacy.io.FileOpImpl                              : loaded 2 times (x 78B)
Class com.android.build.gradle.internal.scope.InternalArtifactType$LINT_VITAL_OUTPUT  : loaded 2 times (x 74B)
Class com.android.build.gradle.internal.TaskManager$configureTestData$1               : loaded 2 times (x 127B)
Class com.android.build.api.variant.impl.FlatSourceDirectoriesForJavaImpl             : loaded 2 times (x 93B)
Class org.jetbrains.kotlin.gradle.plugin.KotlinBaseApiPlugin$kaptExtension$2          : loaded 2 times (x 79B)
Class com.android.build.gradle.internal.scope.InternalArtifactType$STRIPPED_NATIVE_LIBS: loaded 2 times (x 74B)
Class org.jetbrains.kotlin.gradle.plugin.mpp.KotlinJvmAgpCompilation                  : loaded 2 times (x 198B)
Class org.jetbrains.kotlin.gradle.plugin.mpp.compilationImpl.KotlinCompilationImpl$2  : loaded 2 times (x 79B)
Class com.android.build.api.artifact.SingleArtifact$MERGED_NATIVE_LIBS                : loaded 2 times (x 74B)
Class com.android.build.gradle.tasks.MapSourceSetPathsTask$CreateAction$handleProvider$1: loaded 2 times (x 127B)
Class com.android.build.gradle.internal.tasks.CheckManifest                           : loaded 2 times (x 326B)
Class com.android.build.gradle.internal.core.dsl.impl.features.NativeBuildDslInfoImpl : loaded 2 times (x 81B)
Class com.android.build.api.variant.TestedApkPackaging                                : loaded 2 times (x 70B)
Class com.android.build.api.variant.impl.ApplicationVariantBuilderImpl_Decorated      : loaded 2 times (x 269B)
Class com.android.build.gradle.internal.plugins.BasePlugin$createVariantModel$5       : loaded 2 times (x 79B)
Class com.android.build.gradle.internal.dsl.decorator.LockableList                    : loaded 2 times (x 208B)
Class com.android.build.gradle.internal.dsl.decorator.SupportedPropertyType$Var$Int   : loaded 2 times (x 74B)
Class com.android.build.gradle.internal.dsl.decorator.SupportedPropertyType$Var$NullableBoolean: loaded 2 times (x 74B)
Class com.android.builder.model.ProductFlavor                                         : loaded 2 times (x 70B)
Class org.jetbrains.kotlin.gradle.dsl.KotlinJvmCompilerOptionsDefault                 : loaded 2 times (x 108B)
Class org.jetbrains.kotlin.gradle.internal.UsesClassLoadersCachingBuildService        : loaded 2 times (x 70B)
Class com.android.build.gradle.internal.services.ConfigPhaseFileCreator$Params        : loaded 2 times (x 70B)
Class com.android.tools.analytics.HostData$classLoadingBean$2                         : loaded 2 times (x 78B)
Class org.jetbrains.kotlin.gradle.internal.properties.PropertiesBuildService$IntGradleProperty: loaded 2 times (x 76B)
Class com.android.build.gradle.internal.core.dsl.PublishableComponentDslInfo          : loaded 2 times (x 70B)
Class com.android.build.gradle.TestedAndroidConfig                                    : loaded 2 times (x 70B)
Class org.jetbrains.kotlin.metadata.ProtoBuf$Type$ArgumentOrBuilder                   : loaded 2 times (x 70B)
Class org.jetbrains.kotlin.com.intellij.openapi.diagnostic.Logger                     : loaded 2 times (x 99B)
Class org.jetbrains.kotlin.protobuf.GeneratedMessageLite$GeneratedExtension           : loaded 2 times (x 79B)
Class org.jetbrains.kotlin.load.kotlin.FileBasedKotlinClass$2                         : loaded 2 times (x 88B)
Class kotlin.collections.MapsKt__MapsKt                                               : loaded 2 times (x 71B)
Class org.jetbrains.kotlin.incremental.classpathDiff.ClasspathEntrySnapshotter$Settings: loaded 2 times (x 72B)
Class com.android.build.gradle.internal.scope.InternalArtifactType$MERGED_CONSUMER_PROGUARD_FILE: loaded 2 times (x 74B)
Class com.android.build.gradle.internal.scope.InternalArtifactType$DEVICE_TARGETING_CONFIG: loaded 2 times (x 74B)
Class com.android.build.gradle.internal.scope.InternalArtifactType$COMPILE_BUILD_CONFIG_JAR: loaded 2 times (x 74B)
Class org.jetbrains.kotlin.gradle.plugin.statistics.FlowActionBuildFusService$Companion$registerIfAbsentImpl$1: loaded 2 times (x 75B)
Class com.google.gson.internal.$Gson$Types$GenericArrayTypeImpl                       : loaded 2 times (x 79B)
Class org.jetbrains.kotlin.daemon.common.CompilationResultCategory                    : loaded 2 times (x 79B)
Class org.jetbrains.kotlin.gradle.logging.GradleBufferingMessageCollector             : loaded 2 times (x 77B)
Class com.android.manifmerger.ManifestMerger2$MergeType                               : loaded 2 times (x 79B)
Class [Lorg.jetbrains.kotlin.com.google.common.cache.CacheBuilder$OneWeigher;         : loaded 2 times (x 69B)
Class com.android.ide.common.xml.AndroidManifestParser$ManifestHandler                : loaded 2 times (x 116B)
Class com.google.common.collect.DenseImmutableTable$Column                            : loaded 2 times (x 133B)
Class com.google.common.collect.DenseImmutableTable$ColumnMap                         : loaded 2 times (x 133B)
Class org.jetbrains.kotlin.compilerRunner.KotlinCompilerArgumentsLogLevel$Companion   : loaded 2 times (x 71B)
Class org.jetbrains.kotlin.gradle.plugin.DefaultKotlinBasePlugin$addKotlinCompilerConfiguration$3$1: loaded 2 times (x 79B)
Class org.jetbrains.kotlin.gradle.tasks.AbstractKotlinCompile$defaultKotlinJavaToolchain$1: loaded 2 times (x 78B)
Class org.jetbrains.kotlin.daemon.common.MultiModuleICSettings                        : loaded 2 times (x 72B)
Class org.jetbrains.kotlin.gradle.plugin.mpp.KotlinUsages$KotlinMetadataDisambiguation: loaded 2 times (x 76B)
Class com.sun.xml.bind.annotation.OverrideAnnotationOf                                : loaded 2 times (x 70B)
Class com.sun.xml.bind.v2.model.impl.RuntimeValuePropertyInfoImpl                     : loaded 2 times (x 135B)
Class com.android.repository.impl.generated.v1.RemotePackage                          : loaded 2 times (x 157B)
Class com.android.repository.impl.meta.LocalPackageImpl                               : loaded 2 times (x 131B)
Class com.android.build.gradle.internal.SdkType                                       : loaded 2 times (x 79B)
Class com.android.build.gradle.internal.SdkDirectLoadingStrategy                      : loaded 2 times (x 72B)
Class com.android.builder.dexing.DependencyGraphUpdater                               : loaded 2 times (x 70B)
Class com.android.build.gradle.tasks.AnalyzeDependenciesTask$CreationAction           : loaded 2 times (x 90B)
Class com.android.build.gradle.internal.lint.AndroidLintTask                          : loaded 2 times (x 361B)
Class com.android.build.gradle.internal.tasks.DeviceProviderInstrumentTestTask$CreationAction: loaded 2 times (x 91B)
Class com.android.build.gradle.internal.scope.InternalArtifactType$APKS_FROM_BUNDLE   : loaded 2 times (x 74B)
Class com.android.build.gradle.internal.tasks.MergeStartupProfileTask$CreationAction  : loaded 2 times (x 90B)
Class com.android.build.gradle.internal.tasks.ApkZipPackagingTask$CreationAction$handleProvider$1: loaded 2 times (x 127B)
Class com.android.build.gradle.tasks.PackageAndroidArtifact                           : loaded 2 times (x 364B)
Class org.jetbrains.kotlin.gradle.utils.ObservableSet                                 : loaded 2 times (x 70B)
Class org.jetbrains.kotlin.konan.target.KonanTarget$MINGW_X64                         : loaded 2 times (x 78B)
Class org.jetbrains.kotlin.gradle.plugin.diagnostics.KotlinToolingDiagnosticsCollectorKt: loaded 2 times (x 71B)
Class org.jetbrains.kotlin.gradle.internal.transforms.BuildToolsApiClasspathEntrySnapshotTransform$Parameters: loaded 2 times (x 88B)
Class org.jetbrains.kotlin.gradle.tasks.KotlinCompile                                 : loaded 2 times (x 499B)
Class com.android.build.gradle.internal.scope.InternalArtifactType$PACKAGED_RES       : loaded 2 times (x 74B)
Class com.android.build.gradle.internal.component.HostTestCreationConfig              : loaded 2 times (x 70B)
Class com.android.build.gradle.internal.component.TestCreationConfig                  : loaded 2 times (x 70B)
Class com.android.build.api.attributes.BuildTypeAttr                                  : loaded 2 times (x 70B)
Class com.android.build.gradle.internal.core.dsl.impl.features.OptimizationDslInfoImpl$postProcessingOptions$2: loaded 2 times (x 79B)
Class com.android.build.api.variant.impl.DeviceTestBuilderImpl                        : loaded 2 times (x 102B)
Class com.android.build.api.variant.impl.MutableAndroidVersion                        : loaded 2 times (x 76B)
Class com.android.build.gradle.internal.scope.BuildFeatureValuesImpl                  : loaded 2 times (x 100B)
Class com.android.build.gradle.internal.dsl.CompileSdkVersionImpl                     : loaded 2 times (x 80B)
Class com.android.build.gradle.internal.tasks.factory.GlobalTaskNames                 : loaded 2 times (x 70B)
Class com.android.build.api.artifact.impl.ArtifactsImpl$2$1                           : loaded 2 times (x 80B)
Class com.android.build.api.dsl.PublishingOptions                                     : loaded 2 times (x 70B)
Class com.android.build.gradle.internal.dsl.ExternalNativeCmakeOptions                : loaded 2 times (x 108B)
Class org.jetbrains.kotlin.gradle.plugin.mpp.KotlinAndroidTargetVariantDsl            : loaded 2 times (x 70B)
Class com.google.common.util.concurrent.AbstractFuture$AtomicHelper                   : loaded 2 times (x 78B)
Class com.android.build.gradle.internal.dsl.NdkBuildOptions                           : loaded 2 times (x 92B)
Class com.android.build.gradle.internal.dsl.DataBindingOptions                        : loaded 2 times (x 108B)
Class org.jetbrains.kotlin.gradle.plugin.mpp.HierarchyAttributeContainer              : loaded 2 times (x 87B)
Class org.jetbrains.kotlin.gradle.tasks.UsesKotlinJavaToolchain                       : loaded 2 times (x 70B)
Class org.jetbrains.kotlin.gradle.plugin.DefaultKotlinBasePlugin$apply$1              : loaded 2 times (x 75B)
Class org.jetbrains.kotlin.statistics.metrics.StringOverridePolicy$OVERRIDE           : loaded 2 times (x 85B)
Class org.jetbrains.kotlin.gradle.internal.properties.PropertiesBuildService$Params_Decorated: loaded 2 times (x 130B)
Class com.android.build.gradle.internal.services.AndroidLocationsBuildService$AndroidDirectoryCreator: loaded 2 times (x 80B)
Class com.android.build.gradle.internal.dsl.AgpExperimentalApiOptInRequiredException  : loaded 2 times (x 82B)
Class com.android.build.gradle.internal.res.Aapt2FromMaven$Companion$create$1         : loaded 2 times (x 75B)
Class com.android.sdklib.AndroidApiLevel$Companion                                    : loaded 2 times (x 71B)
Class com.android.build.gradle.options.Option$Status                                  : loaded 2 times (x 71B)
Class com.android.prefs.AndroidLocationsProvider                                      : loaded 2 times (x 70B)
Class com.android.build.api.variant.ApplicationVariant                                : loaded 2 times (x 70B)
Class org.jetbrains.kotlin.metadata.ProtoBuf$Class                                    : loaded 2 times (x 186B)
Class org.jetbrains.kotlin.metadata.ProtoBuf$Property$1                               : loaded 2 times (x 144B)
Class org.jetbrains.kotlin.metadata.ProtoBuf$Type                                     : loaded 2 times (x 145B)
Class org.jetbrains.org.objectweb.asm.ClassWriter                                     : loaded 2 times (x 106B)
Class org.jetbrains.kotlin.load.kotlin.FileBasedKotlinClass$3                         : loaded 2 times (x 78B)
Class com.android.build.gradle.internal.dependency.AarResourcesCompilerTransform$Parameters$Inject_: loaded 2 times (x 110B)
Class com.android.build.api.variant.impl.BuiltArtifactImpl$Companion                  : loaded 2 times (x 71B)
Class com.android.build.gradle.internal.scope.InternalArtifactType$SHRUNK_RESOURCES_PROTO_FORMAT: loaded 2 times (x 74B)
Class com.android.build.gradle.internal.scope.InternalArtifactType$SCREENSHOT_TEST_CODE_COVERAGE: loaded 2 times (x 74B)
Class com.android.aapt.ConfigurationOuterClass$Configuration$WideColorGamut           : loaded 2 times (x 87B)
Class com.android.zipflinger.CentralDirectoryRecord                                   : loaded 2 times (x 78B)
Class [Lcom.android.zipflinger.Zip64$Policy;                                          : loaded 2 times (x 69B)
Class com.android.build.gradle.tasks.MapSourceSetPathsTask$CreateAction$configure$8$3$1: loaded 2 times (x 78B)
Class com.android.build.gradle.tasks.KotlinCompileCreationAction$ensureConsistentJvmTargetWithJavaCompileTask$1: loaded 2 times (x 75B)
Class com.android.build.gradle.internal.scope.InternalArtifactType$AIDL_SOURCE_OUTPUT_DIR: loaded 2 times (x 74B)
Class com.google.gson.internal.bind.ReflectiveTypeAdapterFactory                      : loaded 2 times (x 75B)
Class com.google.gson.internal.sql.SqlTimestampTypeAdapter                            : loaded 2 times (x 76B)
Class com.sun.xml.bind.v2.runtime.property.SingleElementLeafProperty                  : loaded 2 times (x 102B)
Class com.android.sdklib.repository.generated.addon.v3.AddonDetailsType               : loaded 2 times (x 135B)
Class com.sun.xml.bind.api.impl.NameConverter$Standard                                : loaded 2 times (x 93B)
Class com.sun.xml.bind.v2.model.annotation.Init                                       : loaded 2 times (x 71B)
Class com.android.repository.impl.generated.v1.RevisionType                           : loaded 2 times (x 82B)
Class com.android.sdklib.repository.generated.common.v1.ObjectFactory                 : loaded 2 times (x 75B)
Class com.android.build.gradle.internal.SdkComponentsBuildService$VersionedSdkLoader$adbHelper$1: loaded 2 times (x 75B)
Class org.jetbrains.kotlin.statistics.metrics.IMetricContainer                        : loaded 2 times (x 70B)
Class com.android.build.gradle.internal.scope.BuildArtifactSpec$Companion             : loaded 2 times (x 71B)
Class com.android.build.gradle.internal.dependency.ExtractJniTransform                : loaded 2 times (x 78B)
Class com.android.build.gradle.internal.lint.LintTaskManager$createLintTasks$lintVitalTask$1$1: loaded 2 times (x 75B)
Class com.android.build.gradle.internal.scope.InternalArtifactType$LINT_SARIF_REPORT  : loaded 2 times (x 74B)
Class com.android.build.gradle.internal.scope.InternalMultipleArtifactType$EXTERNAL_LIBS_DEX: loaded 2 times (x 74B)
Class com.android.build.gradle.tasks.TestResultsCollectionTask$TestResultsCollectionCreationAction: loaded 2 times (x 91B)
Class org.jetbrains.kotlin.gradle.incremental.UsesIncrementalModuleInfoBuildService   : loaded 2 times (x 70B)
Class com.android.build.gradle.tasks.JavaCompileCreationAction$handleProvider$1       : loaded 2 times (x 78B)
Class com.android.build.api.component.impl.DeviceTestImpl$androidResources$2          : loaded 2 times (x 79B)
Class com.android.build.api.variant.impl.ApplicationVariantImpl$dependenciesInfo$2    : loaded 2 times (x 79B)
Class com.android.build.api.dsl.Device                                                : loaded 2 times (x 70B)
Class [Lcom.google.common.base.CaseFormat;                                            : loaded 2 times (x 69B)
Class [Lcom.android.build.gradle.internal.core.Abi;                                   : loaded 2 times (x 69B)
Class com.android.build.gradle.internal.dsl.VectorDrawablesOptions                    : loaded 2 times (x 87B)
Class org.jetbrains.kotlin.gradle.utils.CompilerOptionsKt$configureExperimentalTryNext$1$1: loaded 2 times (x 78B)
Class org.jetbrains.kotlin.gradle.utils.CompilerOptionsKt                             : loaded 2 times (x 71B)
Class org.jetbrains.kotlin.gradle.plugin.PropertiesProvider$Companion                 : loaded 2 times (x 71B)
Class org.jetbrains.kotlin.gradle.utils.SingleAction                                  : loaded 2 times (x 73B)
Class com.google.wireless.android.sdk.stats.JavaProcessStats$Builder                  : loaded 2 times (x 307B)
Class org.jetbrains.kotlin.compose.compiler.gradle.ComposeFeatureFlag                 : loaded 2 times (x 70B)
Class com.google.wireless.android.sdk.stats.GradleBuildVariant$Builder                : loaded 2 times (x 382B)
Class com.android.build.gradle.internal.profile.NoOpAnalyticsService$RegistrationAction: loaded 2 times (x 74B)
Class com.android.build.gradle.internal.errors.AndroidProblemReporterProvider         : loaded 2 times (x 76B)
Class com.android.build.gradle.internal.dsl.MinSdkSpecImpl$AgpDecorated               : loaded 2 times (x 84B)
Class com.android.build.gradle.internal.tasks.factory.BootClasspathConfigImpl         : loaded 2 times (x 79B)
Class com.android.build.gradle.internal.tasks.factory.GlobalTaskCreationConfig        : loaded 2 times (x 70B)
Class com.android.build.gradle.internal.tasks.factory.BootClasspathConfig             : loaded 2 times (x 70B)
Class org.gradle.accessors.dm.LibrariesForLibs$AndroidxDatastoreLibraryAccessors      : loaded 2 times (x 77B)
Class jdk.internal.jimage.ImageStringsReader                                          : loaded 2 times (x 80B)
Class org.jetbrains.kotlin.incremental.DifferenceCalculatorForPackageFacade$Companion$membersResolvers$1: loaded 2 times (x 125B)
Class org.jetbrains.kotlin.incremental.storage.StringExternalizer                     : loaded 2 times (x 75B)
Class org.jetbrains.kotlin.load.kotlin.FileBasedKotlinClass$4                         : loaded 2 times (x 88B)
Class kotlin.UninitializedPropertyAccessException                                     : loaded 2 times (x 82B)
Class com.android.build.gradle.internal.scope.InternalArtifactType$DATA_BINDING_EXPORT_CLASS_LIST: loaded 2 times (x 74B)
Class com.android.manifmerger.MergingReport$Record$Severity                           : loaded 2 times (x 79B)
Class [Lcom.android.manifmerger.ManifestSystemProperty$UsesSdk;                       : loaded 2 times (x 69B)
Class org.jetbrains.kotlin.daemon.common.DaemonJVMOptionsMemoryComparator             : loaded 2 times (x 89B)
Class com.android.build.api.variant.impl.ArtifactTypeTypeAdapter                      : loaded 2 times (x 73B)
Class com.android.aaptcompiler.ResourceCompiler$getCompileMethod$2                    : loaded 2 times (x 125B)
Class com.google.protobuf.Utf8                                                        : loaded 2 times (x 71B)
Class org.jetbrains.kotlin.gradle.tasks.KotlinCompile$defaultKotlinJavaToolchain$1    : loaded 2 times (x 79B)
Class org.jetbrains.kotlin.gradle.tasks.KotlinJavaToolchain$JavaToolchainSetter       : loaded 2 times (x 70B)
Class com.android.build.gradle.tasks.JavaCompileUtils$checkDeprecatedSourceAndTargetAtExecutionTime$1: loaded 2 times (x 75B)
Class com.android.build.gradle.internal.variant.BaseVariantData$getGeneratedBytecode$1: loaded 2 times (x 74B)
Class com.google.gson.internal.sql.SqlDateTypeAdapter$1                               : loaded 2 times (x 75B)
Class com.sun.xml.bind.v2.runtime.Utils                                               : loaded 2 times (x 71B)
Class com.sun.xml.bind.v2.runtime.property.ArrayReferenceNodeProperty$MixedTextLoader : loaded 2 times (x 78B)
Class com.sun.xml.bind.v2.runtime.unmarshaller.XsiNilLoader$Array                     : loaded 2 times (x 80B)
Class com.android.sdklib.repository.generated.repository.v3.SourceDetailsType         : loaded 2 times (x 114B)
Class com.sun.xml.bind.v2.model.annotation.ClassLocatable                             : loaded 2 times (x 78B)
Class com.sun.xml.bind.AccessorFactory                                                : loaded 2 times (x 70B)
Class com.android.build.gradle.internal.publishing.TestFixturesVariantSpecBuilder     : loaded 2 times (x 90B)
Class com.android.build.gradle.internal.dependency.DexingOutputSplitTransformKt$registerTransformWithOutputType$1$WhenMappings: loaded 2 times (x 71B)
Class com.android.build.gradle.internal.dependency.ExtractJniTransform$Inject_1       : loaded 2 times (x 109B)
Class com.android.build.gradle.internal.tasks.AndroidTestTask                         : loaded 2 times (x 70B)
Class com.android.build.api.variant.CanProduceConsumerProguardFiles                   : loaded 2 times (x 70B)
Class [Lcom.android.build.gradle.internal.tasks.DexMergingAction;                     : loaded 2 times (x 69B)
Class com.android.build.gradle.internal.tasks.ClassesClasspathUtils                   : loaded 2 times (x 72B)
Class com.android.tools.r8.internal.rr4                                               : loaded 2 times (x 73B)
Class org.jetbrains.kotlin.tooling.core.ExtrasPropertyKt$extrasLazyProperty$1         : loaded 2 times (x 94B)
Class org.jetbrains.kotlin.gradle.plugin.diagnostics.UsesKotlinToolingDiagnostics     : loaded 2 times (x 70B)
Class com.android.build.gradle.tasks.JavaCompileCreationAction$handleProvider$2       : loaded 2 times (x 78B)
Class com.android.build.gradle.internal.scope.InternalArtifactType$LINKED_RESOURCES_FOR_BUNDLE_PROTO_FORMAT: loaded 2 times (x 74B)
Class com.android.build.gradle.internal.scope.InternalArtifactType$LINKED_RESOURCES_BINARY_FORMAT: loaded 2 times (x 74B)
Class com.android.build.gradle.internal.tasks.ProcessNavigationXmlTask$CreationAction$handleProvider$1: loaded 2 times (x 127B)
Class com.android.build.gradle.internal.tasks.ExtractNativeDebugMetadataTask$SymbolTableCreationAction: loaded 2 times (x 91B)
Class com.android.build.gradle.internal.services.BuiltInKaptSupportMode$NotSupported  : loaded 2 times (x 71B)
Class [Lcom.android.build.gradle.internal.variant.BaseVariantData$DiscoverableFilterType;: loaded 2 times (x 69B)
Class com.android.build.gradle.internal.tasks.SigningConfigUtils$Companion            : loaded 2 times (x 71B)
Class com.android.build.gradle.api.AndroidSourceDirectorySet                          : loaded 2 times (x 70B)
Class com.android.build.gradle.internal.dsl.BaseFlavor$minSdkDelegate$1               : loaded 2 times (x 79B)
Class com.android.build.gradle.internal.dsl.NdkOptions                                : loaded 2 times (x 116B)
Class com.android.build.api.dsl.CompileOptions                                        : loaded 2 times (x 70B)
Class org.jetbrains.kotlin.statistics.metrics.BooleanAnonymizationPolicy$SAFE         : loaded 2 times (x 85B)
Class com.android.build.gradle.options.OptionParsers                                  : loaded 2 times (x 71B)
Class com.android.build.gradle.internal.manifest.LazyManifestParser$manifestData$1    : loaded 2 times (x 75B)
Class com.google.protobuf.GeneratedMessageV3                                          : loaded 2 times (x 178B)
Class com.android.build.api.component.impl.ComponentBuilderImpl                       : loaded 2 times (x 92B)
Class com.android.build.gradle.internal.variant.BaseVariantData                       : loaded 2 times (x 72B)
Class com.android.build.gradle.options.FeatureStage$Deprecated                        : loaded 2 times (x 72B)
Class com.android.build.gradle.internal.services.AndroidLocationsBuildService         : loaded 2 times (x 90B)
Class com.android.build.api.variant.Variant                                           : loaded 2 times (x 70B)
Class com.android.build.api.dsl.ApplicationExtension                                  : loaded 2 times (x 70B)
Class org.gradle.accessors.dm.LibrariesForLibs$RetrofitLibraryAccessors               : loaded 2 times (x 83B)
Class org.jetbrains.kotlin.metadata.ProtoBuf$Annotation$Argument                      : loaded 2 times (x 108B)
Class org.jetbrains.kotlin.incremental.DifferenceCalculatorForPackageFacade$Companion$membersResolvers$2: loaded 2 times (x 125B)
Class org.jetbrains.org.objectweb.asm.tree.LocalVariableNode                          : loaded 2 times (x 73B)
Class org.jetbrains.kotlin.metadata.ProtoBuf$Class$Kind                               : loaded 2 times (x 82B)
Class org.jetbrains.kotlin.protobuf.GeneratedMessageLite$Builder                      : loaded 2 times (x 128B)
Class org.jetbrains.kotlin.protobuf.WireFormat$FieldType$1                            : loaded 2 times (x 83B)
Class org.jetbrains.kotlin.metadata.jvm.JvmProtoBuf$JvmMethodSignatureOrBuilder       : loaded 2 times (x 70B)
Class org.jetbrains.kotlin.protobuf.ByteString                                        : loaded 2 times (x 108B)
Class com.android.build.gradle.internal.services.PartialInProcessResourceProcessor    : loaded 2 times (x 77B)
Class com.google.common.collect.AbstractMapBasedMultimap$AsMap$AsMapEntries           : loaded 2 times (x 138B)
Class org.jetbrains.kotlin.daemon.client.KotlinCompilerClient$tryFindSuitableDaemonOrNewOpts$$inlined$thenBy$1: loaded 2 times (x 90B)
Class org.jetbrains.kotlin.daemon.common.CompileService$CallResult                    : loaded 2 times (x 72B)
Class org.jetbrains.kotlin.gradle.tasks.AbstractKotlinCompile$compilerRunner$1$1      : loaded 2 times (x 76B)
Class com.android.build.api.variant.ExternalNativeBuild                               : loaded 2 times (x 70B)
Class com.android.build.gradle.internal.core.dsl.impl.InstrumentedTestDslInfoImpl     : loaded 2 times (x 80B)
Class com.android.aaptcompiler.PossibleResourceName                                   : loaded 2 times (x 72B)
Class com.android.aaptcompiler.ResourcePathDataKt                                     : loaded 2 times (x 71B)
Class com.android.ide.common.symbols.Symbol$NormalSymbolImpl                          : loaded 2 times (x 80B)
Class com.android.ide.common.symbols.SymbolTableKt                                    : loaded 2 times (x 71B)
Class com.android.build.gradle.internal.tasks.Blocks$ThrowingBlock                    : loaded 2 times (x 70B)
Class com.android.sdklib.repository.generated.common.v2.ApiDetailsType                : loaded 2 times (x 107B)
Class com.sun.xml.bind.v2.model.nav.ReflectionNavigator$BinderArg                     : loaded 2 times (x 73B)
Class com.sun.xml.bind.v2.model.impl.PropertyInfoImpl                                 : loaded 2 times (x 108B)
Class com.sun.xml.bind.v2.model.annotation.SecureLoader                               : loaded 2 times (x 71B)
Class com.sun.xml.bind.v2.runtime.output.Pcdata                                       : loaded 2 times (x 88B)
Class com.sun.xml.bind.v2.util.QNameMap                                               : loaded 2 times (x 72B)
Class com.sun.xml.bind.v2.runtime.JAXBContextImpl                                     : loaded 2 times (x 90B)
Class com.android.repository.impl.meta.RemotePackageImpl                              : loaded 2 times (x 144B)
Class com.android.sdklib.repository.generated.common.v1.package-info                  : loaded 2 times (x 70B)
Class com.android.sdklib.repository.meta.SdkCommonFactory                             : loaded 2 times (x 73B)
Class com.android.build.gradle.internal.scope.InternalArtifactType$LOCAL_AAR_FOR_LINT : loaded 2 times (x 74B)
Class com.android.build.gradle.internal.dependency.ExtractProGuardRulesTransform      : loaded 2 times (x 78B)
Class com.android.build.gradle.internal.PropertiesValueSource$Inject_                 : loaded 2 times (x 109B)
Class com.android.build.gradle.internal.scope.InternalArtifactType$CONNECTED_ANDROID_TEST_ADDITIONAL_OUTPUT: loaded 2 times (x 74B)
Class com.android.build.gradle.internal.scope.InternalArtifactType$GLOBAL_SYNTHETICS_EXTERNAL_LIB: loaded 2 times (x 74B)
Class com.android.build.gradle.internal.TaskManager$addSubpluginOptionsForBuiltInKotlin$compilerOptions$1: loaded 2 times (x 75B)
Class org.jetbrains.kotlin.gradle.plugin.mpp.compilationImpl.DefaultKotlinCompilationSourceSetsContainer$allKotlinSourceSetsImpl$1$1: loaded 2 times (x 80B)
Class org.jetbrains.kotlin.gradle.plugin.mpp.compilationImpl.DefaultKotlinCompilationSourceSetsContainer: loaded 2 times (x 78B)
Class org.jetbrains.kotlin.konan.target.KonanTarget$Companion                         : loaded 2 times (x 71B)
Class com.android.build.api.variant.impl.ResourcesPackagingImpl$merges$1              : loaded 2 times (x 75B)
Class com.android.build.gradle.internal.scope.InternalArtifactType$DATA_BINDING_LAYOUT_INFO_TYPE_PACKAGE: loaded 2 times (x 74B)
Class com.android.build.gradle.internal.tasks.NewIncrementalTask                      : loaded 2 times (x 328B)
Class com.android.build.api.artifact.TaskBasedOperation                               : loaded 2 times (x 70B)
Class com.android.build.gradle.internal.scope.InternalArtifactType$BUNDLE_MANIFEST    : loaded 2 times (x 74B)
Class com.android.build.gradle.tasks.ProcessManifestForBundleTask                     : loaded 2 times (x 328B)
Class com.android.build.gradle.internal.dependency.ProvidedClasspath                  : loaded 2 times (x 71B)
Class com.android.build.gradle.internal.core.dsl.impl.ApplicationVariantDslInfoImpl$versionName$2$2: loaded 2 times (x 75B)
Class com.android.build.gradle.internal.lint.AndroidLintGlobalTask                    : loaded 2 times (x 318B)
Class com.android.build.gradle.internal.dsl.BuildType$Companion                       : loaded 2 times (x 71B)
Class com.android.build.api.artifact.Artifacts                                        : loaded 2 times (x 70B)
Class com.android.build.gradle.internal.services.FakeDependencyJarBuildService$lazyCachedFakeJar$1: loaded 2 times (x 75B)
Class com.android.build.gradle.internal.dsl.SdkComponentsImpl$aapt2$2                 : loaded 2 times (x 79B)
Class com.android.build.gradle.internal.dsl.JavaCompileOptions$AgpDecorated_Decorated : loaded 2 times (x 130B)
Class com.android.build.gradle.internal.dsl.BaseFlavor$minSdkDelegate$2               : loaded 2 times (x 79B)
Class com.android.build.gradle.internal.dsl.BundleOptionsLanguage                     : loaded 2 times (x 77B)
Class com.android.build.gradle.internal.dsl.BundleOptionsCountrySet                   : loaded 2 times (x 81B)
Class com.android.build.api.dsl.DynamicFeatureProductFlavor                           : loaded 2 times (x 70B)
Class com.android.builder.model.Named                                                 : loaded 2 times (x 70B)
Class org.jetbrains.kotlin.tooling.core.AbstractExtras                                : loaded 2 times (x 141B)
Class org.jetbrains.kotlin.gradle.internal.properties.NativePropertiesLoader$shouldUseEmbeddableCompilerJar$1: loaded 2 times (x 75B)
Class org.jetbrains.kotlin.gradle.fus.BuildUidService$Companion$registerIfAbsent$1    : loaded 2 times (x 74B)
Class org.jetbrains.kotlin.gradle.internal.diagnostics.AgpCompatibilityCheck$AndroidGradlePluginVersionProvider: loaded 2 times (x 70B)
Class com.android.build.api.component.impl.DeviceTestImpl$renderscriptCreationConfig$2: loaded 2 times (x 79B)
Class com.google.protobuf.MessageLite$Builder                                         : loaded 2 times (x 70B)
Class com.android.build.gradle.options.ApiStage$Experimental                          : loaded 2 times (x 72B)
Class com.android.build.gradle.internal.core.dsl.ApkProducingComponentDslInfo         : loaded 2 times (x 70B)
Class com.android.build.api.extension.impl.AndroidComponentsExtensionImpl             : loaded 2 times (x 112B)
Class jdk.internal.jimage.ImageReader                                                 : loaded 2 times (x 75B)
Class org.jetbrains.kotlin.incremental.DifferenceCalculatorForPackageFacade$Companion$membersResolvers$3: loaded 2 times (x 125B)
Class org.jetbrains.kotlin.metadata.ProtoBuf$TypeParameter                            : loaded 2 times (x 130B)
Class org.jetbrains.kotlin.metadata.ProtoBuf$ValueParameter$1                         : loaded 2 times (x 144B)
Class [Lorg.jetbrains.kotlin.protobuf.WireFormat$FieldType;                           : loaded 2 times (x 69B)
Class org.jetbrains.kotlin.protobuf.WireFormat$FieldType$2                            : loaded 2 times (x 83B)
Class com.android.build.gradle.internal.services.Aapt2DaemonServiceKey                : loaded 2 times (x 75B)
Class com.android.build.gradle.internal.scope.InternalArtifactType$ASSET_PACK_BUNDLE  : loaded 2 times (x 74B)
Class com.android.build.gradle.internal.scope.InternalArtifactType$APK_FOR_LOCAL_TEST : loaded 2 times (x 74B)
Class com.google.gson.internal.ConstructorConstructor$19                              : loaded 2 times (x 76B)
Class com.android.manifmerger.IntentFilterNodeKeyResolver                             : loaded 2 times (x 78B)
Class com.android.manifmerger.AttributeModel                                          : loaded 2 times (x 78B)
Class org.jetbrains.kotlin.daemon.common.CompilerId                                   : loaded 2 times (x 75B)
Class org.jetbrains.kotlin.build.report.FileReportSettings                            : loaded 2 times (x 72B)
Class org.jetbrains.kotlin.gradle.tasks.AbstractKotlinCompile$compilerRunner$1$2      : loaded 2 times (x 75B)
Class org.jetbrains.kotlin.gradle.plugin.KotlinCompilerArgumentsProducer$ArgumentType$Companion: loaded 2 times (x 71B)
Class com.android.aaptcompiler.XmlProcessor                                           : loaded 2 times (x 72B)
Class com.android.aaptcompiler.Container$Companion                                    : loaded 2 times (x 71B)
Class com.android.aaptcompiler.Value                                                  : loaded 2 times (x 72B)
Class com.android.zipflinger.Ints                                                     : loaded 2 times (x 71B)
Class com.android.ide.common.symbols.SymbolListVisitor                                : loaded 2 times (x 70B)
Class com.android.build.gradle.internal.scope.InternalArtifactType$MERGED_NOT_COMPILED_RES: loaded 2 times (x 74B)
Class com.android.build.gradle.tasks.ResourceException                                : loaded 2 times (x 82B)
Class org.jetbrains.kotlin.build.report.metrics.BuildTimes                            : loaded 2 times (x 72B)
Class org.jetbrains.kotlin.gradle.tasks.KotlinCompile$ClasspathSnapshotProperties     : loaded 2 times (x 75B)
Class com.google.gson.internal.bind.ReflectiveTypeAdapterFactory$Adapter              : loaded 2 times (x 77B)
Class com.google.gson.internal.bind.TypeAdapters$10                                   : loaded 2 times (x 75B)
Class javax.xml.bind.annotation.XmlAnyAttribute                                       : loaded 2 times (x 70B)
Class com.sun.xml.bind.v2.model.impl.ValuePropertyInfoImpl                            : loaded 2 times (x 120B)
Class com.android.repository.impl.generated.v2.package-info                           : loaded 2 times (x 70B)
Class com.android.sdklib.repository.generated.addon.v1.package-info                   : loaded 2 times (x 70B)
Class com.android.sdklib.repository.legacy.LegacyDownloader                           : loaded 2 times (x 84B)
Class com.android.build.gradle.internal.scope.InternalArtifactType$MODULE_AND_RUNTIME_DEPS_CLASSES: loaded 2 times (x 74B)
Class com.android.build.gradle.internal.dependency.ModelArtifactCompatibilityRule$Companion: loaded 2 times (x 71B)
Class com.android.builder.files.SerializableFileChanges                               : loaded 2 times (x 72B)
Class com.android.build.gradle.internal.dependency.AarToClassTransform$Params         : loaded 2 times (x 70B)
Class com.android.build.gradle.internal.DependencyConfigurator                        : loaded 2 times (x 72B)
Class com.android.build.gradle.internal.scope.InternalArtifactType$SDK_DEPENDENCY_DATA: loaded 2 times (x 74B)
Class com.android.build.gradle.internal.scope.InternalArtifactType$BUNDLE_DEPENDENCY_REPORT: loaded 2 times (x 74B)
Class com.android.build.gradle.internal.tasks.creationconfig.DexMergingCreationConfig : loaded 2 times (x 70B)
Class org.jetbrains.kotlin.compose.compiler.gradle.internal.ComposeWithAgpConfig$AgpVersionProvider$Default: loaded 2 times (x 74B)
Class org.jetbrains.kotlin.gradle.plugin.mpp.KotlinCompilationsKt                     : loaded 2 times (x 71B)
Class org.jetbrains.kotlin.gradle.plugin.sources.DefaultKotlinSourceSet_Decorated     : loaded 2 times (x 188B)
Class org.jetbrains.kotlin.gradle.plugin.mpp.compilationImpl.factory.DefaultProcessResourcesTaskNameFactory: loaded 2 times (x 74B)
Class org.jetbrains.kotlin.gradle.plugin.diagnostics.TransformActionUsingKotlinToolingDiagnostics: loaded 2 times (x 70B)
Class com.android.build.gradle.internal.component.features.NativeBuildCreationConfig  : loaded 2 times (x 70B)
Class com.android.build.api.variant.Packaging                                         : loaded 2 times (x 70B)
Class com.android.build.gradle.internal.core.dsl.impl.ConsumableComponentDslInfoImpl$shadersDslInfo$2: loaded 2 times (x 79B)
Class com.android.build.gradle.internal.dsl.BaseFlavor$targetSdk$3                    : loaded 2 times (x 79B)
Class com.android.builder.model.v2.models.ndk.NativeModule                            : loaded 2 times (x 70B)
Class com.google.wireless.android.sdk.stats.GradleBuildSplitsOrBuilder                : loaded 2 times (x 70B)
Class com.android.build.gradle.internal.tasks.factory.BootClasspathConfigImpl$fullBootClasspathProvider$2: loaded 2 times (x 79B)
Class com.android.tools.lint.model.LintModelSeverity$Companion                        : loaded 2 times (x 71B)
Class com.android.build.gradle.internal.dsl.ApplicationExtensionImpl$dataBinding$1    : loaded 2 times (x 75B)
Class com.android.build.api.artifact.Artifact                                         : loaded 2 times (x 74B)
Class com.android.build.gradle.internal.api.LazyAndroidSourceSet$sourceSet$1          : loaded 2 times (x 79B)
Class com.android.build.gradle.tasks.MergeSourceSetFolders$MergeJniLibFoldersCreationAction$handleProvider$1: loaded 2 times (x 127B)
Class com.android.build.gradle.internal.dsl.ExternalNativeCmakeOptions_Decorated      : loaded 2 times (x 152B)
Class org.jetbrains.kotlin.gradle.tasks.configuration.AbstractKotlinCompileConfig$1   : loaded 2 times (x 79B)
Class com.android.build.api.dsl.MaxSdkSpec                                            : loaded 2 times (x 70B)
Class com.android.builder.core.AbstractBuildType                                      : loaded 2 times (x 153B)
Class org.jetbrains.kotlin.gradle.targets.native.KonanPropertiesBuildService$Companion: loaded 2 times (x 71B)
Class org.jetbrains.kotlin.gradle.plugin.statistics.KotlinBuildStatsLoggerService$initSessionLogger$1: loaded 2 times (x 79B)
Class org.jetbrains.kotlin.statistics.metrics.StringOverridePolicy                    : loaded 2 times (x 85B)
Class org.jetbrains.kotlin.gradle.plugin.statistics.DefaultKotlinBuildStatsBeanService: loaded 2 times (x 92B)
Class org.jetbrains.kotlin.gradle.plugin.PropertiesProvider$propertyWithDeprecatedValues$1: loaded 2 times (x 75B)
Class org.jetbrains.kotlin.gradle.utils.GradleUtilsKt$registerClassLoaderScopedBuildService$1: loaded 2 times (x 74B)
Class org.jetbrains.kotlin.gradle.internal.diagnostics.AgpCompatibilityCheck$AndroidGradlePluginVersionProvider$Default: loaded 2 times (x 74B)
Class com.android.builder.profile.Recorder                                            : loaded 2 times (x 70B)
Class org.jetbrains.kotlin.gradle.plugin.mpp.compilationImpl.KotlinCompilationFriendPathsResolver: loaded 2 times (x 70B)
Class com.google.wireless.android.sdk.stats.GradleBuildProfileSpanOrBuilder           : loaded 2 times (x 70B)
Class com.google.protobuf.Parser                                                      : loaded 2 times (x 70B)
Class org.jetbrains.kotlinx.serialization.gradle.SerializationGradleSubplugin$applyToCompilation$1: loaded 2 times (x 74B)
Class com.android.build.api.variant.impl.SigningConfigImpl$enableV4Signing$1          : loaded 2 times (x 75B)
Class com.google.common.util.concurrent.DirectExecutor                                : loaded 2 times (x 82B)
Class org.jetbrains.kotlin.compose.compiler.gradle.ComposeCompilerGradleSubplugin     : loaded 2 times (x 83B)
Class org.gradle.accessors.dm.LibrariesForLibs$AndroidxComposeUiToolingLibraryAccessors: loaded 2 times (x 83B)
Class [Lcom.google.common.base.Supplier;                                              : loaded 2 times (x 69B)
Class com.google.common.collect.SortedIterable                                        : loaded 2 times (x 70B)
Class jdk.internal.jimage.ImageReader$SharedImageReader                               : loaded 2 times (x 95B)
Class org.gradle.api.internal.classpath.ModuleRegistry                                : loaded 2 times (x 70B)
Class org.gradle.internal.installation.GradleInstallation$1                           : loaded 2 times (x 75B)
Class org.jetbrains.kotlin.protobuf.WireFormat$FieldType$3                            : loaded 2 times (x 83B)
Class org.jetbrains.org.objectweb.asm.AnnotationVisitor                               : loaded 2 times (x 78B)
Class com.android.build.gradle.internal.scope.InternalArtifactType$R8_MAPPING_SEEDS   : loaded 2 times (x 74B)
Class com.android.build.gradle.internal.api.artifact.SourceArtifactType$CUSTOMS       : loaded 2 times (x 74B)
Class com.android.ide.common.xml.XmlPrettyPrinter                                     : loaded 2 times (x 77B)
Class org.jetbrains.kotlin.gradle.plugin.KotlinCompilerArgumentsProducer$CreateCompilerArgumentsContext$Companion: loaded 2 times (x 71B)
Class org.jetbrains.kotlin.gradle.logging.GradleKotlinLogger                          : loaded 2 times (x 82B)
Class org.jetbrains.kotlin.com.google.common.cache.CacheStats                         : loaded 2 times (x 71B)
Class com.android.ide.common.symbols.SymbolTable$Builder                              : loaded 2 times (x 72B)
Class com.android.build.gradle.internal.profile.ProfileAwareWorkAction                : loaded 2 times (x 77B)
Class com.android.resources.ResourceType$Kind                                         : loaded 2 times (x 79B)
Class com.android.build.gradle.tasks.ProcessTestManifest$CreationAction$handleProvider$2: loaded 2 times (x 127B)
Class com.android.build.gradle.internal.tasks.MergeJavaResourceTask$Companion$predicate$1: loaded 2 times (x 80B)
Class com.google.gson.internal.bind.TypeAdapters$11                                   : loaded 2 times (x 75B)
Class [Lcom.google.gson.FieldNamingPolicy;                                            : loaded 2 times (x 69B)
Class [Lcom.sun.xml.bind.v2.model.impl.ClassInfoImpl$SecondaryAnnotation;             : loaded 2 times (x 69B)
Class com.sun.xml.bind.api.BridgeContext                                              : loaded 2 times (x 76B)
Class com.sun.xml.bind.v2.model.core.TypeInfoSet                                      : loaded 2 times (x 70B)
Class com.android.sdklib.repository.generated.addon.v2.ObjectFactory                  : loaded 2 times (x 80B)
Class com.android.build.gradle.internal.SdkLoadingStrategy                            : loaded 2 times (x 72B)
Class com.android.build.gradle.internal.scope.InternalArtifactType$COMPILE_LIBRARY_CLASSES_JAR: loaded 2 times (x 74B)
Class com.android.build.gradle.internal.dependency.DexingRegistration$registerTransform$1: loaded 2 times (x 75B)
Class com.android.build.gradle.internal.dependency.CollectClassesTransform            : loaded 2 times (x 78B)
Class com.android.build.gradle.internal.HostTestTaskManager$createRunHostTestTask$1   : loaded 2 times (x 75B)
Class com.android.build.gradle.tasks.TestResultsCollectionTask$TestResultsCollectionCreationAction$handleProvider$1: loaded 2 times (x 127B)
Class com.android.build.gradle.internal.scope.InternalArtifactType$APK_ZIP            : loaded 2 times (x 74B)
Class com.android.build.gradle.internal.tasks.ListingFileRedirectTask                 : loaded 2 times (x 327B)
Class org.jetbrains.kotlin.gradle.utils.ConfigurationCacheOpaqueValue                 : loaded 2 times (x 72B)
Class [Lcom.android.build.gradle.internal.publishing.ArtifactCategory;                : loaded 2 times (x 69B)
Class [Lcom.android.build.gradle.internal.publishing.AndroidArtifacts$ArtifactScope;  : loaded 2 times (x 69B)
Class com.android.build.gradle.internal.dsl.InstrumentationImpl                       : loaded 2 times (x 77B)
Class com.android.build.gradle.internal.coverage.tasks.CodeCoverageReportTask$CoverageReportCreationAction: loaded 2 times (x 92B)
Class com.android.build.api.component.impl.DeviceTestImpl$optimizationCreationConfig$2: loaded 2 times (x 79B)
Class com.android.build.gradle.internal.core.MergedFlavor$Companion                   : loaded 2 times (x 71B)
Class com.android.build.gradle.internal.dsl.MinSdkSpecImpl$AgpDecorated_Decorated     : loaded 2 times (x 129B)
Class [Lcom.android.build.api.artifact.impl.InternalScopedArtifacts$InternalScope;    : loaded 2 times (x 69B)
Class com.android.build.gradle.internal.services.FakeDependencyJarBuildService$FakeDependencyJarCreator$Inject_: loaded 2 times (x 111B)
Class com.android.build.api.variant.impl.ManifestFilesImpl                            : loaded 2 times (x 80B)
Class com.android.build.gradle.internal.dsl.ComposeOptionsImpl_Decorated              : loaded 2 times (x 128B)
Class com.android.build.gradle.internal.tasks.Workers$ProfileAwareExecutorServiceAdapter: loaded 2 times (x 87B)
Class com.android.build.gradle.internal.dsl.decorator.DslDecorator$cache$1            : loaded 2 times (x 75B)
Class com.android.build.api.dsl.AndroidResources                                      : loaded 2 times (x 70B)
Class com.google.wireless.android.sdk.stats.GradleBuildVariant$VariantType            : loaded 2 times (x 87B)
Class org.jetbrains.kotlin.gradle.dsl.KotlinAndroidProjectExtension_Decorated         : loaded 2 times (x 185B)
Class org.jetbrains.kotlin.gradle.plugin.mpp.KotlinUsages                             : loaded 2 times (x 71B)
Class org.jetbrains.kotlin.gradle.internal.properties.NativePropertiesLoader$Companion: loaded 2 times (x 71B)
Class [Lorg.jetbrains.kotlin.build.report.metrics.GradleBuildPerformanceMetric;       : loaded 2 times (x 69B)
Class org.jetbrains.kotlin.gradle.plugin.statistics.KotlinBuildStatsBeanService$Companion: loaded 2 times (x 71B)
Class org.jetbrains.kotlin.gradle.plugin.statistics.BuildFusService$Companion         : loaded 2 times (x 71B)
Class com.android.ProgressManagerAdapter                                              : loaded 2 times (x 73B)
Class com.google.protobuf.Descriptors$GenericDescriptor                               : loaded 2 times (x 75B)
Class com.android.build.gradle.internal.scope.BootClasspathBuilder$computeClasspath$1 : loaded 2 times (x 75B)
Class com.android.ide.common.repository.AgpVersion$PreviewKind$Companion              : loaded 2 times (x 71B)
Class com.android.build.gradle.internal.plugins.FusedLibraryPlugin                    : loaded 2 times (x 81B)
Class com.android.build.gradle.internal.services.RunOnceBuildServiceImpl$Inject_      : loaded 2 times (x 102B)
Class jdk.internal.jimage.decompressor.ResourceDecompressorFactory                    : loaded 2 times (x 74B)
Class org.jetbrains.kotlin.descriptors.Visibilities$Internal                          : loaded 2 times (x 79B)
Class org.jetbrains.kotlin.metadata.ProtoBuf$VersionRequirement$Level                 : loaded 2 times (x 82B)
Class org.jetbrains.kotlin.metadata.ProtoBuf$VersionRequirementOrBuilder              : loaded 2 times (x 70B)
Class [Lorg.jetbrains.kotlin.metadata.ProtoBuf$Annotation$Argument$Value$Type;        : loaded 2 times (x 69B)
Class org.jetbrains.kotlin.metadata.ProtoBuf$Contract$1                               : loaded 2 times (x 144B)
Class org.jetbrains.kotlin.metadata.ProtoBuf$Type$1                                   : loaded 2 times (x 144B)
Class org.jetbrains.kotlin.protobuf.WireFormat$FieldType$4                            : loaded 2 times (x 83B)
Class org.jetbrains.kotlin.metadata.jvm.JvmProtoBuf$JvmMethodSignature$1              : loaded 2 times (x 144B)
Class org.jetbrains.kotlin.load.kotlin.FileBasedKotlinClass$3$1                       : loaded 2 times (x 78B)
Class org.jetbrains.kotlin.name.FqNameUnsafe                                          : loaded 2 times (x 72B)
Class com.android.build.gradle.internal.dependency.DexingNoClasspathTransform$Inject_1: loaded 2 times (x 112B)
Class com.android.ide.common.xml.XmlFormatPreferences                                 : loaded 2 times (x 75B)
Class com.android.manifmerger.MergingReport                                           : loaded 2 times (x 81B)
Class com.android.manifmerger.ElementsTrimmer                                         : loaded 2 times (x 71B)
Class org.jetbrains.kotlin.compilerRunner.ArgumentUtils                               : loaded 2 times (x 71B)
Class org.jetbrains.kotlin.compilerRunner.CompilerExecutionSettings                   : loaded 2 times (x 72B)
Class org.jetbrains.kotlin.gradle.internal.transforms.BuildToolsApiClasspathEntrySnapshotTransform$Parameters$Inject_: loaded 2 times (x 119B)
Class com.android.aapt.ConfigurationOuterClass$Configuration$ScreenLayoutLong$1       : loaded 2 times (x 76B)
Class com.android.aaptcompiler.ResourcePathData                                       : loaded 2 times (x 72B)
Class com.google.common.cache.CacheBuilderSpec$LongParser                             : loaded 2 times (x 76B)
Class com.android.builder.utils.ZipEntryUtils                                         : loaded 2 times (x 71B)
Class com.android.build.gradle.internal.tasks.MergeJavaResourceTaskKt                 : loaded 2 times (x 71B)
Class com.android.build.gradle.internal.tasks.CheckAarMetadataTask_Decorated          : loaded 2 times (x 395B)
Class com.google.gson.internal.bind.TypeAdapters$12                                   : loaded 2 times (x 75B)
Class [Lcom.google.gson.ToNumberStrategy;                                             : loaded 2 times (x 69B)
Class com.sun.xml.bind.v2.runtime.unmarshaller.ValuePropertyLoader                    : loaded 2 times (x 78B)
Class com.sun.xml.bind.v2.model.runtime.RuntimeReferencePropertyInfo                  : loaded 2 times (x 70B)
Class javax.xml.bind.annotation.XmlRootElement                                        : loaded 2 times (x 70B)
Class com.sun.xml.bind.v2.model.core.Ref                                              : loaded 2 times (x 72B)
Class com.sun.xml.bind.v2.model.runtime.RuntimeElementInfo                            : loaded 2 times (x 70B)
Class com.sun.xml.bind.v2.model.impl.RuntimeModelBuilder                              : loaded 2 times (x 100B)
Class javax.xml.bind.ServiceLoaderUtil                                                : loaded 2 times (x 71B)
Class com.android.repository.impl.meta.Archive$CompleteType                           : loaded 2 times (x 79B)
Class com.android.repository.impl.meta.CommonFactory                                  : loaded 2 times (x 91B)
Class com.android.build.gradle.internal.SupportToolsComponents$Companion              : loaded 2 times (x 71B)
Class com.android.build.gradle.internal.SdkComponentsBuildService$VersionedSdkLoader$sdkDirectoryProvider$1: loaded 2 times (x 75B)
Class com.android.build.gradle.internal.VariantTaskManager$addBindingDependenciesIfNecessary$viewBindingEnabled$1: loaded 2 times (x 80B)
Class com.android.build.gradle.internal.dependency.LibrarySymbolTableTransform        : loaded 2 times (x 78B)
Class com.android.build.gradle.internal.attribution.CheckJetifierBuildService$Parameters_Decorated: loaded 2 times (x 130B)
Class com.android.build.gradle.internal.lint.AndroidLintTask$VariantCreationAction$Companion$registerLintReportArtifacts$1: loaded 2 times (x 127B)
Class com.android.build.api.variant.impl.FileBasedFileEntry                           : loaded 2 times (x 79B)
Class com.android.build.gradle.internal.test.AbstractTestDataImpl$animationsDisabled$1: loaded 2 times (x 78B)
Class com.android.build.gradle.tasks.TestResultsCollectionTask$TestResultsCollectionCreationAction$handleProvider$2: loaded 2 times (x 127B)
Class com.android.build.gradle.internal.coverage.JacocoConfigurations                 : loaded 2 times (x 71B)
Class com.android.build.gradle.internal.tasks.AppMetadataTaskKt                       : loaded 2 times (x 71B)
Class com.android.build.gradle.internal.tasks.DexMergingTask$CreationAction           : loaded 2 times (x 93B)
Class com.android.build.gradle.internal.scope.InternalArtifactType$DUPLICATE_CLASSES_CHECK: loaded 2 times (x 74B)
Class org.jetbrains.kotlin.gradle.targets.js.ir.KotlinJsIrTarget                      : loaded 2 times (x 254B)
Class org.jetbrains.kotlin.gradle.plugin.HasCompilerOptions                           : loaded 2 times (x 70B)
Class org.jetbrains.kotlin.gradle.plugin.mpp.compilationImpl.DefaultKotlinCompilationFriendPathsResolver$FriendArtifactResolver: loaded 2 times (x 70B)
Class com.android.build.gradle.internal.scope.InternalArtifactType$BUILT_IN_KOTLINC   : loaded 2 times (x 74B)
Class com.android.build.gradle.internal.scope.InternalArtifactType$MERGED_TEST_ONLY_NATIVE_LIBS: loaded 2 times (x 74B)
Class com.android.build.gradle.internal.scope.InternalArtifactType$MERGED_JNI_LIBS    : loaded 2 times (x 74B)
Class com.android.build.gradle.internal.tasks.CompressAssetsTask                      : loaded 2 times (x 332B)
Class com.android.build.api.artifact.ArtifactTransformationRequest                    : loaded 2 times (x 70B)
Class com.android.build.api.artifact.ScopedArtifact$CLASSES                           : loaded 2 times (x 74B)
Class [Lcom.android.build.api.instrumentation.FramesComputationMode;                  : loaded 2 times (x 69B)
Class com.android.build.gradle.internal.tasks.ProcessNavigationXmlTask$ApplicationCreationAction: loaded 2 times (x 91B)
Class com.android.build.api.component.impl.ComponentImpl                              : loaded 2 times (x 208B)
Class com.android.build.gradle.internal.dsl.ModulePropertyKey$BooleanWithDefault      : loaded 2 times (x 84B)
Class com.android.build.api.variant.impl.HostTestBuilderImpl                          : loaded 2 times (x 89B)
Class com.android.build.gradle.internal.core.dsl.impl.VariantDslInfoImpl$nativeBuildDslInfo$2: loaded 2 times (x 79B)
Class com.android.build.gradle.internal.core.MergedAnnotationProcessorOptions         : loaded 2 times (x 107B)
Class com.android.build.api.artifact.Artifact$Replaceable                             : loaded 2 times (x 70B)
Class com.android.build.gradle.internal.services.TaskCreationServices                 : loaded 2 times (x 70B)
Class com.android.builder.model.SourceProvider                                        : loaded 2 times (x 70B)
Class com.android.utils.HelpfulEnumConverter                                          : loaded 2 times (x 92B)
Class com.google.common.util.concurrent.AbstractFuture$UnsafeAtomicHelper             : loaded 2 times (x 78B)
Class com.android.build.api.dsl.ProductFlavor                                         : loaded 2 times (x 70B)
Class com.android.build.api.dsl.BaseFlavor                                            : loaded 2 times (x 70B)
Class org.jetbrains.kotlin.gradle.plugin.mpp.DefaultKotlinUsageContext                : loaded 2 times (x 93B)
Class [Lorg.jetbrains.kotlin.statistics.metrics.BooleanMetrics;                       : loaded 2 times (x 69B)
Class org.jetbrains.kotlin.gradle.internal.properties.PropertiesBuildService$Companion: loaded 2 times (x 71B)
Class org.jetbrains.kotlin.gradle.dsl.KotlinJvmExtension                              : loaded 2 times (x 70B)
Class org.jetbrains.kotlin.gradle.plugin.KotlinMultiplatformPluginWrapper             : loaded 2 times (x 86B)
Class com.android.build.gradle.internal.services.AndroidLocationsBuildService$AndroidDirectoryCreator$Params: loaded 2 times (x 70B)
Class com.android.build.gradle.internal.services.Aapt2DaemonBuildService$RegistrationAction: loaded 2 times (x 74B)
Class com.android.build.gradle.internal.ide.dependencies.LibraryDependencyCacheBuildService$Parameters_Decorated: loaded 2 times (x 130B)
Class com.android.build.gradle.internal.api.ApkVariantImpl                            : loaded 2 times (x 249B)
Class com.google.protobuf.AbstractMessageLite                                         : loaded 2 times (x 101B)
Class com.android.build.gradle.internal.SdkLibDataFactory                             : loaded 2 times (x 72B)
Class com.android.build.gradle.options.ReplacedOption                                 : loaded 2 times (x 85B)
Class [Lcom.android.build.gradle.options.OptionalBooleanOption;                       : loaded 2 times (x 69B)
Class com.android.build.api.variant.CanMinifyAndroidResourcesBuilder                  : loaded 2 times (x 70B)
Class com.android.build.gradle.internal.dsl.Lockable                                  : loaded 2 times (x 70B)
Class org.jetbrains.kotlinx.serialization.gradle.SerializationGradleSubplugin$Companion: loaded 2 times (x 71B)
Class com.google.common.collect.HashBiMap$Inverse                                     : loaded 2 times (x 142B)
Class com.google.common.collect.Iterators$6                                           : loaded 2 times (x 81B)
Class org.jetbrains.kotlin.metadata.ProtoBuf$Expression                               : loaded 2 times (x 120B)
Class org.jetbrains.kotlin.incremental.storage.CollectionExternalizerV2               : loaded 2 times (x 80B)
Class kotlin.io.FilesKt__UtilsKt                                                      : loaded 2 times (x 71B)
Class kotlin.collections.CollectionsKt__CollectionsJVMKt                              : loaded 2 times (x 71B)
Class com.android.manifmerger.PostValidator                                           : loaded 2 times (x 71B)
Class org.jetbrains.kotlin.compilerRunner.GradleCompilerRunnerWithWorkers             : loaded 2 times (x 73B)
Class com.android.aapt.ConfigurationOuterClass$Configuration$ScreenLayoutSize$1       : loaded 2 times (x 76B)
Class [Lcom.android.aaptcompiler.ResourceFile$Type;                                   : loaded 2 times (x 69B)
Class [Lcom.android.resources.ResourceVisibility;                                     : loaded 2 times (x 69B)
Class com.google.common.collect.RegularImmutableTable                                 : loaded 2 times (x 139B)
Class com.android.utils.PositionXmlParser$SaxParserPool                               : loaded 2 times (x 79B)
Class com.android.build.gradle.internal.tasks.CheckAarMetadataTask$CreationAction$configure$1$1: loaded 2 times (x 74B)
Class com.android.build.api.variant.impl.FilterConfigurationImpl                      : loaded 2 times (x 76B)
Class com.android.build.api.variant.MultiOutputHandler$Companion                      : loaded 2 times (x 71B)
Class com.google.gson.internal.bind.TypeAdapters$13                                   : loaded 2 times (x 75B)
Class com.sun.xml.bind.v2.runtime.unmarshaller.UnmarshallingContext                   : loaded 2 times (x 103B)
Class com.sun.xml.bind.v2.runtime.LifecycleMethods                                    : loaded 2 times (x 72B)
Class com.android.sdklib.repository.generated.addon.v1.AddonDetailsType               : loaded 2 times (x 135B)
Class com.sun.xml.bind.v2.model.annotation.MethodLocatable                            : loaded 2 times (x 78B)
Class com.sun.xml.bind.v2.model.runtime.RuntimeMapPropertyInfo                        : loaded 2 times (x 70B)
Class com.sun.xml.bind.v2.model.nav.TypeVisitor                                       : loaded 2 times (x 76B)
Class com.android.repository.impl.meta.RepoPackageImpl                                : loaded 2 times (x 114B)
Class com.android.build.gradle.internal.utils.ConsoleProgressIndicatorFactory$IsTerminalSmartValueSource: loaded 2 times (x 78B)
Class com.android.build.api.variant.FilterConfiguration                               : loaded 2 times (x 70B)
Class com.android.build.gradle.internal.lint.AndroidLintTask$VariantCreationAction$Companion$registerLintReportArtifacts$2: loaded 2 times (x 127B)
Class com.android.build.gradle.internal.dependency.SubtractingArtifactCollection      : loaded 2 times (x 84B)
Class com.android.build.gradle.internal.tasks.CompileArtProfileTask$CreationAction    : loaded 2 times (x 90B)
Class org.jetbrains.kotlin.gradle.plugin.mpp.compilationImpl.KotlinCompilationConfigurationsContainer: loaded 2 times (x 70B)
Class org.jetbrains.kotlin.gradle.plugin.mpp.KotlinJvmAgpCompilationFactory           : loaded 2 times (x 81B)
Class com.android.build.gradle.internal.tasks.IncrementalTask                         : loaded 2 times (x 70B)
Class com.android.build.gradle.internal.utils.VariantPostCreationChecksKt             : loaded 2 times (x 71B)
Class com.android.build.gradle.internal.dsl.MinSdkDelegate$minSdk$1                   : loaded 2 times (x 79B)
Class com.android.build.gradle.internal.dsl.CompileSdkProperties                      : loaded 2 times (x 70B)
Class com.android.build.gradle.internal.dsl.decorator.DslDecorator$Companion$privateLookupInMethod$2: loaded 2 times (x 78B)
Class com.android.build.gradle.internal.dsl.TestOptions                               : loaded 2 times (x 118B)
Class com.android.build.gradle.internal.CompileOptions                                : loaded 2 times (x 94B)
Class com.android.build.gradle.internal.dsl.BundleOptionsDeviceTier                   : loaded 2 times (x 81B)
Class org.jetbrains.kotlin.gradle.plugin.sources.KotlinSourceSetFactory$Companion     : loaded 2 times (x 71B)
Class org.jetbrains.kotlin.statistics.metrics.NumberOverridePolicy$SUM                : loaded 2 times (x 85B)
Class [Lcom.android.prefs.Global;                                                     : loaded 2 times (x 69B)
Class com.android.build.gradle.internal.services.ConfigPhaseFileCreator               : loaded 2 times (x 70B)
Class com.android.build.gradle.internal.services.Aapt2ThreadPoolBuildService$Params_Decorated: loaded 2 times (x 130B)
Class com.google.wireless.android.sdk.stats.GradleBuildProfile$1                      : loaded 2 times (x 151B)
Class com.sun.xml.bind.api.CompositeStructure                                         : loaded 2 times (x 72B)
Class javax.xml.bind.annotation.XmlValue                                              : loaded 2 times (x 70B)
Class com.android.build.api.variant.HasTestFixtures                                   : loaded 2 times (x 70B)
Class jdk.internal.jimage.ImageReader$Node                                            : loaded 2 times (x 84B)
Class org.gradle.api.internal.classpath.DefaultModuleRegistry                         : loaded 2 times (x 86B)
Class org.jetbrains.kotlin.metadata.ProtoBuf$Annotation$Argument$1                    : loaded 2 times (x 144B)
Class org.jetbrains.kotlin.metadata.deserialization.Flags$BooleanFlagField            : loaded 2 times (x 76B)
Class kotlin.collections.IndexedValue                                                 : loaded 2 times (x 72B)
Class org.jetbrains.kotlin.metadata.ProtoBuf$Function$1                               : loaded 2 times (x 144B)
Class org.jetbrains.org.objectweb.asm.AnnotationWriter                                : loaded 2 times (x 79B)
Class org.jetbrains.kotlin.metadata.jvm.deserialization.JvmProtoBufUtil               : loaded 2 times (x 71B)
Class org.jetbrains.kotlin.load.kotlin.KotlinJvmBinaryClass$AnnotationVisitor         : loaded 2 times (x 70B)
Class kotlin.sequences.SequencesKt                                                    : loaded 2 times (x 71B)
Class kotlin.collections.CollectionsKt__IteratorsKt                                   : loaded 2 times (x 71B)
Class com.sun.xml.bind.v2.runtime.reflect.Accessor$2                                  : loaded 2 times (x 87B)
Class com.android.build.gradle.tasks.ProcessPackagedManifestTask$WorkItem             : loaded 2 times (x 85B)
Class org.jetbrains.kotlin.compilerRunner.KotlinCompilerRunnerUtils$WhenMappings      : loaded 2 times (x 71B)
Class org.jetbrains.kotlin.gradle.internal.name.FqNameUnsafe$Companion                : loaded 2 times (x 71B)
Class org.jetbrains.kotlin.com.google.common.util.concurrent.AbstractFuture$Listener  : loaded 2 times (x 72B)
Class org.jetbrains.kotlin.com.google.common.util.concurrent.AbstractFuture           : loaded 2 times (x 106B)
Class com.android.aapt.Resources$XmlElement                                           : loaded 2 times (x 213B)
Class com.google.protobuf.CodedOutputStream$ArrayEncoder                              : loaded 2 times (x 110B)
Class com.android.aaptcompiler.ResourceCompilerOptions                                : loaded 2 times (x 72B)
Class com.android.zipflinger.ZipWriter                                                : loaded 2 times (x 86B)
Class com.android.build.gradle.internal.tasks.MergeNativeLibsTaskKt$getSubProjectNativeLibs$1: loaded 2 times (x 74B)
Class org.jetbrains.kotlin.compilerRunner.KotlinCompilerArgumentsLogLevel             : loaded 2 times (x 79B)
Class com.android.build.gradle.internal.signing.SigningConfigDataProvider$Companion$create$1: loaded 2 times (x 79B)
Class com.google.gson.internal.bind.NumberTypeAdapter$1                               : loaded 2 times (x 76B)
Class com.google.gson.internal.bind.TypeAdapters$1                                    : loaded 2 times (x 75B)
Class com.google.gson.internal.bind.TypeAdapters$14                                   : loaded 2 times (x 75B)
Class javax.xml.bind.Unmarshaller                                                     : loaded 2 times (x 70B)
Class com.android.build.gradle.internal.FileExistsValueSource                         : loaded 2 times (x 78B)
Class com.android.build.gradle.internal.SdkComponentsBuildService$VersionedSdkLoader$renderScriptSupportJarProvider$1: loaded 2 times (x 75B)
Class com.android.builder.sdk.InstallFailedException                                  : loaded 2 times (x 82B)
Class org.jetbrains.kotlin.gradle.plugin.internal.state.TaskExecutionResults          : loaded 2 times (x 71B)
Class com.android.build.gradle.internal.cxx.gradle.generator.NativeProjectPath        : loaded 2 times (x 72B)
Class com.android.build.gradle.internal.cxx.logging.IssueReporterLoggingEnvironment   : loaded 2 times (x 83B)
Class com.android.build.gradle.internal.cxx.configure.CxxCreateGradleTasksKt          : loaded 2 times (x 71B)
Class com.android.build.gradle.internal.lint.AndroidLintTask$VariantCreationAction$Companion$registerLintReportArtifacts$3: loaded 2 times (x 127B)
Class com.android.build.gradle.internal.scope.InternalArtifactType$SDK_DEPENDENCY_DATA_PUBLIC: loaded 2 times (x 74B)
Class com.android.build.gradle.internal.coverage.tasks.CodeCoverageReportCreationConfigImpl: loaded 2 times (x 94B)
Class org.jetbrains.kotlin.gradle.plugin.mpp.compilationImpl.factory.CompositePostConfigure: loaded 2 times (x 75B)
Class com.android.build.gradle.internal.scope.InternalArtifactType$COMPRESSED_ASSETS  : loaded 2 times (x 74B)
Class com.android.build.gradle.internal.scope.InternalArtifactType$GENERATED_PNGS_RES : loaded 2 times (x 74B)
Class com.android.build.api.artifact.SingleArtifact$APK                               : loaded 2 times (x 74B)
Class com.android.build.api.artifact.SingleArtifact                                   : loaded 2 times (x 74B)
Class com.android.build.gradle.internal.dependency.VariantDependencies$Companion$computeLocalFileDependencies$2: loaded 2 times (x 75B)
Class com.android.build.gradle.internal.dependency.VariantDependencies$computeArtifactCollection$attributesAction$1: loaded 2 times (x 75B)
Class com.android.build.gradle.internal.TaskManager$createAssembleTask$1              : loaded 2 times (x 75B)
Class android.databinding.tool.DataBindingBuilder$GradleFileWriter                    : loaded 2 times (x 75B)
Class com.android.build.api.component.impl.DeviceTestImpl$packaging$2                 : loaded 2 times (x 79B)
Class com.android.build.api.component.impl.TestComponentImpl                          : loaded 2 times (x 357B)
Class com.android.build.gradle.internal.core.MergedExternalNativeNdkBuildOptions      : loaded 2 times (x 86B)
Class com.android.build.gradle.internal.core.MergedNdkConfig                          : loaded 2 times (x 95B)
Class com.android.build.gradle.internal.variant.VariantPathHelper$aarLocation$2       : loaded 2 times (x 79B)
Class com.android.build.gradle.internal.publishing.PublishedConfigSpec                : loaded 2 times (x 72B)
Class com.android.build.gradle.internal.ProguardFilesProvider                         : loaded 2 times (x 70B)
Class com.android.build.gradle.internal.dsl.ApplicationBuildFeaturesImpl              : loaded 2 times (x 120B)
Class [Lcom.android.build.api.artifact.Artifact$Category;                             : loaded 2 times (x 69B)
Class com.android.build.gradle.internal.dsl.KeepRulesImpl$AgpDecorated                : loaded 2 times (x 95B)
Class com.sun.xml.bind.v2.runtime.unmarshaller.DefaultValueLoaderDecorator            : loaded 2 times (x 78B)
Class com.android.build.gradle.internal.SdkComponentsKt                               : loaded 2 times (x 71B)
Class com.android.build.api.dsl.ApplicationPublishing                                 : loaded 2 times (x 70B)
Class org.jetbrains.kotlin.statistics.metrics.StatisticsValuesConsumer                : loaded 2 times (x 70B)
Class org.jetbrains.kotlin.gradle.plugin.AndroidGradlePluginVersion$Companion         : loaded 2 times (x 71B)
Class org.jetbrains.kotlin.gradle.report.GradleBuildMetricsReporter                   : loaded 2 times (x 98B)
Class org.jetbrains.kotlin.gradle.tasks.KotlinCompile$androidLayoutResources$1        : loaded 2 times (x 74B)
Class com.google.common.collect.ImmutableTable                                        : loaded 2 times (x 134B)
Class com.android.builder.errors.IssueReporter                                        : loaded 2 times (x 73B)
Class org.gradle.accessors.dm.LibrariesForLibsInPluginsBlock$AndroidxEspressoLibraryAccessors: loaded 2 times (x 77B)
Class org.gradle.accessors.dm.LibrariesForLibsInPluginsBlock$RetrofitLibraryAccessors : loaded 2 times (x 83B)
Class org.gradle.accessors.dm.LibrariesForLibs$AndroidxComposeUiLibraryAccessors      : loaded 2 times (x 85B)
Class com.google.common.hash.ChecksumHashFunction                                     : loaded 2 times (x 96B)
Class jdk.internal.jimage.BasicImageReader$1                                          : loaded 2 times (x 77B)
Class org.jetbrains.kotlin.com.intellij.openapi.diagnostic.Logger$DefaultFactory      : loaded 2 times (x 74B)
Class kotlin.text.StringsKt                                                           : loaded 2 times (x 71B)
Class com.android.build.gradle.internal.res.Aapt2CompileRunnableKt                    : loaded 2 times (x 71B)
Class com.android.build.gradle.internal.scope.InternalArtifactType$LINKED_RESOURCES_PROTO_FORMAT: loaded 2 times (x 74B)
Class com.android.manifmerger.XmlElement$1                                            : loaded 2 times (x 71B)
Class org.jetbrains.kotlin.com.google.common.cache.LocalCache$AccessQueue$1           : loaded 2 times (x 108B)
Class org.jetbrains.kotlin.gradle.plugin.DefaultKotlinBasePlugin$addKotlinCompilerConfiguration$2$1$1$1: loaded 2 times (x 75B)
Class com.google.common.collect.ImmutableMapValues                                    : loaded 2 times (x 126B)
Class com.android.build.gradle.tasks.MergeResources$getFlags$2                        : loaded 2 times (x 78B)
Class org.jetbrains.kotlin.gradle.tasks.KotlinCompilerExecutionStrategy$Companion     : loaded 2 times (x 71B)
Class org.jetbrains.kotlin.gradle.plugin.CompilerPluginConfig                         : loaded 2 times (x 72B)
Class com.google.gson.internal.sql.SqlTypesSupport$1                                  : loaded 2 times (x 74B)
Class com.google.gson.internal.bind.TypeAdapters$2                                    : loaded 2 times (x 75B)
Class com.google.gson.internal.bind.TypeAdapters$15                                   : loaded 2 times (x 75B)
Class com.sun.xml.bind.v2.runtime.Coordinator                                         : loaded 2 times (x 83B)
Class javax.xml.bind.ValidationEventHandler                                           : loaded 2 times (x 70B)
Class com.android.repository.impl.meta.Archive$PatchesType                            : loaded 2 times (x 72B)
Class com.sun.xml.bind.v2.model.annotation.XmlRootElementQuick                        : loaded 2 times (x 92B)
Class com.sun.xml.bind.v2.runtime.NameBuilder                                         : loaded 2 times (x 72B)
Class com.android.repository.impl.generated.v2.ArchiveType                            : loaded 2 times (x 97B)
Class com.android.sdklib.repository.generated.sysimg.v2.package-info                  : loaded 2 times (x 70B)
Class com.android.builder.errors.IssueReporter$Severity                               : loaded 2 times (x 79B)
Class com.android.build.gradle.internal.api.ApplicationVariantImpl_Decorated          : loaded 2 times (x 309B)
Class com.android.build.gradle.internal.dependency.AarTransform                       : loaded 2 times (x 78B)
Class com.android.build.gradle.internal.PropertiesValueSource$Params_Decorated        : loaded 2 times (x 130B)
Class com.android.build.gradle.internal.VariantTaskManager$createReportTasks$signingReportComponents$1: loaded 2 times (x 80B)
Class com.android.build.gradle.internal.lint.AndroidLintTask$VariantCreationAction$Companion$registerLintReportArtifacts$4: loaded 2 times (x 127B)
Class com.android.build.gradle.internal.tasks.ExtractVersionControlInfoTask           : loaded 2 times (x 329B)
Class com.android.build.gradle.internal.tasks.OptimizeResourcesTask$CreateAction$handleProvider$1: loaded 2 times (x 127B)
Class com.android.build.gradle.internal.tasks.MergeNativeDebugMetadataTask$CreationAction: loaded 2 times (x 90B)
Class com.android.build.gradle.internal.tasks.ValidateSigningTask$CreationAction$handleProvider$1: loaded 2 times (x 127B)
Class [Lorg.jetbrains.kotlin.tooling.core.HasMutableExtras;                           : loaded 2 times (x 69B)
Class com.android.build.gradle.internal.tasks.ProcessJavaResTask$CreationAction       : loaded 2 times (x 90B)
Class com.android.build.gradle.tasks.CompatibleScreensManifest                        : loaded 2 times (x 330B)
Class com.android.build.api.component.impl.features.InstrumentationCreationConfigImpl : loaded 2 times (x 83B)
Class com.android.build.gradle.internal.TaskManager$createAssembleTask$2              : loaded 2 times (x 75B)
Class com.android.build.api.component.impl.HostTestImpl$manifestPlaceholdersCreationConfig$2: loaded 2 times (x 79B)
Class com.android.build.api.component.UnitTest                                        : loaded 2 times (x 70B)
Class com.android.build.api.variant.impl.DependenciesInfoBuilderImpl_Decorated        : loaded 2 times (x 138B)
Class com.android.build.gradle.internal.VariantManager$createVariant$mappingScopePolicy$2: loaded 2 times (x 78B)
Class com.android.build.gradle.internal.core.MergedFlavor                             : loaded 2 times (x 202B)
Class com.android.build.gradle.internal.dsl.CompileSdkDelegate$compileSdk$2$1         : loaded 2 times (x 79B)
Class com.android.build.gradle.internal.services.FakeDependencyJarBuildService$FakeDependencyJarCreator$Params$Inject_: loaded 2 times (x 108B)
Class com.android.build.gradle.internal.dsl.SdkComponentsImpl$sdkDirectory$1          : loaded 2 times (x 75B)
Class com.android.build.gradle.api.AndroidArtifactVariant                             : loaded 2 times (x 70B)
Class com.android.build.gradle.internal.dsl.TestFixturesImpl                          : loaded 2 times (x 81B)
Class com.android.build.api.dsl.Installation                                          : loaded 2 times (x 70B)
Class com.google.protobuf.WireFormat                                                  : loaded 2 times (x 71B)
Class org.jetbrains.kotlin.com.google.common.cache.LocalCache$ComputingValueReference : loaded 2 times (x 96B)
Class org.jetbrains.kotlin.gradle.plugin.DefaultKotlinBasePlugin$addKotlinCompilerConfiguration$1: loaded 2 times (x 75B)
Class org.jetbrains.kotlin.gradle.plugin.statistics.NonSynchronizedMetricsContainer   : loaded 2 times (x 82B)
Class org.jetbrains.kotlin.gradle.plugin.internal.DefaultCompatibilityConventionRegistrar: loaded 2 times (x 74B)
Class org.jetbrains.kotlin.gradle.plugin.PropertiesProvider                           : loaded 2 times (x 73B)
Class org.jetbrains.kotlin.gradle.plugin.mpp.KotlinAndroidTarget                      : loaded 2 times (x 159B)
Class com.android.build.gradle.internal.services.Aapt2DaemonBuildService$Parameters   : loaded 2 times (x 72B)
Class org.jetbrains.kotlin.cli.common.arguments.ArgumentField                         : loaded 2 times (x 72B)
Class com.android.manifmerger.Actions$DecisionTreeRecord                              : loaded 2 times (x 76B)
Class com.android.build.gradle.internal.plugins.AndroidPluginBaseServices$androidProblemReporterProviderService$2$1: loaded 2 times (x 79B)
Class com.android.manifmerger.ConvertibleName                                         : loaded 2 times (x 70B)
Class org.jetbrains.kotlin.incremental.classpathDiff.impl.ClassListSnapshotterKt      : loaded 2 times (x 71B)
Class com.android.build.gradle.BaseExtension                                          : loaded 2 times (x 195B)
Class com.android.build.gradle.internal.plugins.VersionCheckPlugin$Companion          : loaded 2 times (x 71B)
Class com.google.common.hash.HashFunction                                             : loaded 2 times (x 70B)
Class org.jetbrains.kotlin.descriptors.Visibilities$Private                           : loaded 2 times (x 79B)
Class kotlin.LazyKt__LazyJVMKt                                                        : loaded 2 times (x 71B)
Class com.android.builder.internal.aapt.v2.Aapt2                                      : loaded 2 times (x 70B)
Class org.jetbrains.kotlin.incremental.classpathDiff.impl.BasicClassInfo              : loaded 2 times (x 72B)
Class org.jetbrains.kotlin.protobuf.GeneratedMessageLite$ExtendableMessageOrBuilder   : loaded 2 times (x 70B)
Class com.android.zipflinger.Archive                                                  : loaded 2 times (x 70B)
Class com.google.common.cache.CacheBuilderSpec$1                                      : loaded 2 times (x 71B)
Class com.android.ide.common.resources.CompileResourceRequest$resEncodingSourceSetMap$2: loaded 2 times (x 79B)
Class com.android.build.gradle.internal.tasks.MergeNativeLibsTask$Companion$predicate$1: loaded 2 times (x 80B)
Class com.android.build.gradle.tasks.ProcessMultiApkApplicationManifest_Decorated     : loaded 2 times (x 391B)
Class [Lorg.jetbrains.kotlin.gradle.dsl.jvm.JvmTargetValidationMode;                  : loaded 2 times (x 69B)
Class org.jetbrains.kotlin.gradle.tasks.DefaultKotlinJavaToolchain$javaVersion$1      : loaded 2 times (x 74B)
Class com.android.build.gradle.internal.AndroidJarInput                               : loaded 2 times (x 79B)
Class com.google.gson.internal.sql.SqlTypesSupport$2                                  : loaded 2 times (x 74B)
Class com.google.gson.internal.bind.TypeAdapters$16                                   : loaded 2 times (x 75B)
Class com.google.gson.internal.bind.TypeAdapters$3                                    : loaded 2 times (x 75B)
Class com.android.sdklib.repository.generated.sysimg.v2.SysImgDetailsType             : loaded 2 times (x 138B)
Class javax.xml.bind.annotation.XmlSeeAlso                                            : loaded 2 times (x 70B)
Class com.sun.xml.bind.v2.model.core.PropertyKind                                     : loaded 2 times (x 79B)
Class [Lcom.sun.xml.bind.v2.model.impl.ClassInfoImpl$PropertyGroup;                   : loaded 2 times (x 69B)
Class com.sun.xml.bind.v2.runtime.unmarshaller.Receiver                               : loaded 2 times (x 70B)
Class [Lcom.sun.xml.bind.v2.model.annotation.Quick;                                   : loaded 2 times (x 69B)
Class com.android.sdklib.repository.generated.sysimg.v1.ObjectFactory                 : loaded 2 times (x 75B)
Class com.android.sdklib.repository.generated.repository.v1.package-info              : loaded 2 times (x 70B)
Class com.android.sdklib.repository.meta.DetailsTypes$PlatformDetailsType             : loaded 2 times (x 70B)
Class com.android.build.gradle.internal.FileExistsValueSource$Inject_                 : loaded 2 times (x 109B)
Class com.android.build.gradle.internal.DependencyConfigurator$registerTransform$1    : loaded 2 times (x 75B)
Class com.android.build.gradle.internal.VariantTaskManager$createReportTasks$signingReportComponents$2: loaded 2 times (x 78B)
Class com.android.build.gradle.internal.lint.AndroidLintTask$VariantCreationAction    : loaded 2 times (x 95B)
Class com.android.build.gradle.internal.variant.BuildAuthorSpecifiedDefaultsFlavorComparator: loaded 2 times (x 90B)
Class com.android.build.gradle.internal.testing.TestData                              : loaded 2 times (x 70B)
Class com.android.build.gradle.internal.scope.InternalArtifactType$OPTIMIZED_PROCESSED_RES: loaded 2 times (x 74B)
Class com.android.build.gradle.internal.tasks.AnchorTaskNames                         : loaded 2 times (x 71B)
Class com.android.build.gradle.internal.tasks.BundleToStandaloneApkTask$CreationAction: loaded 2 times (x 90B)
Class com.android.build.gradle.tasks.PackageAndroidArtifact$Companion$THROW_ON_ERROR_ISSUE_REPORTER$1: loaded 2 times (x 73B)
Class com.android.build.gradle.internal.tasks.StripDebugSymbolsTask$CreationAction$handleProvider$1: loaded 2 times (x 127B)
Class com.android.build.gradle.internal.scope.InternalMultipleArtifactType$DEX        : loaded 2 times (x 74B)
Class org.jetbrains.kotlin.gradle.plugin.mpp.compilationImpl.factory.KotlinCompilationImplFactory$KotlinCompilationOutputFactory: loaded 2 times (x 70B)
Class org.jetbrains.kotlin.gradle.plugin.mpp.compilationImpl.DefaultKotlinCompilationFriendPathsResolver$AdditionalAndroidFriendArtifactResolver: loaded 2 times (x 74B)
Class org.jetbrains.kotlin.konan.target.TargetSupportException                        : loaded 2 times (x 82B)
Class org.jetbrains.kotlin.gradle.internal.IsInIdeaEnvironmentValueSource             : loaded 2 times (x 80B)
Class com.android.build.gradle.internal.tasks.MergeNativeLibsTask                     : loaded 2 times (x 337B)
Class com.android.build.gradle.internal.res.LinkAndroidResForBundleTask$CreationAction: loaded 2 times (x 93B)
Class com.android.build.gradle.internal.tasks.CheckAarMetadataTask                    : loaded 2 times (x 337B)
Class com.android.build.gradle.internal.TaskManager$MergeType                         : loaded 2 times (x 80B)
Class com.android.build.api.artifact.Artifact$ContainsMany                            : loaded 2 times (x 70B)
Class com.android.build.gradle.internal.tasks.ExtractProfilerNativeDependenciesTask$CreationAction: loaded 2 times (x 90B)
Class com.android.build.api.component.impl.ComponentImpl$compileClasspath$2           : loaded 2 times (x 79B)
Class com.android.build.api.variant.AndroidTest                                       : loaded 2 times (x 70B)
Class com.android.build.gradle.internal.scope.TaskContainer                           : loaded 2 times (x 70B)
Class [Lcom.android.build.gradle.internal.core.dsl.ComponentDslInfo$DslDefinedHostTest;: loaded 2 times (x 69B)
Class com.google.common.base.CaseFormat$StringConverter                               : loaded 2 times (x 90B)
Class org.jetbrains.kotlin.metadata.ProtoBuf$FunctionOrBuilder                        : loaded 2 times (x 70B)
Class com.android.build.gradle.internal.dsl.AbstractPublishing                        : loaded 2 times (x 73B)
Class org.jetbrains.kotlin.gradle.plugin.mpp.KotlinAndroidTargetKt                    : loaded 2 times (x 71B)
Class org.jetbrains.kotlin.gradle.plugin.ProjectLocalConfigurations$setupAttributesMatchingStrategy$1$1: loaded 2 times (x 74B)
Class org.jetbrains.kotlin.gradle.targets.native.toolchain.KotlinNativeBundleBuildService$Companion$registerIfAbsent$2$1$1: loaded 2 times (x 75B)
Class org.jetbrains.kotlin.statistics.BuildSessionLogger$Companion                    : loaded 2 times (x 71B)
Class org.jetbrains.kotlin.gradle.plugin.diagnostics.ProblemsReporter$Factory         : loaded 2 times (x 70B)
Class org.jetbrains.kotlin.gradle.plugin.KotlinCompilationToRunnableFiles             : loaded 2 times (x 70B)
Class org.jetbrains.kotlin.protobuf.GeneratedMessageLite$1                            : loaded 2 times (x 71B)
Class com.google.wireless.android.sdk.stats.GradleBuildProfileOrBuilder               : loaded 2 times (x 70B)
Class com.android.build.gradle.internal.profile.NoOpAnalyticsService                  : loaded 2 times (x 110B)
Class com.android.build.gradle.internal.profile.AnalyticsServiceApi                   : loaded 2 times (x 70B)
Class com.android.build.api.variant.HasAndroidTest                                    : loaded 2 times (x 70B)
Class org.gradle.accessors.dm.LibrariesForLibsInPluginsBlock$RetrofitConverterLibraryAccessors: loaded 2 times (x 77B)
Class org.gradle.accessors.dm.LibrariesForLibsInPluginsBlock$AndroidxComposeLibraryAccessors: loaded 2 times (x 79B)
Class com.google.common.hash.ChecksumHashFunction$ChecksumHasher                      : loaded 2 times (x 147B)
Class com.google.common.hash.HashCode                                                 : loaded 2 times (x 80B)
Class org.jetbrains.kotlin.metadata.ProtoBuf$VersionRequirement$VersionKind$1         : loaded 2 times (x 74B)
Class org.jetbrains.kotlin.metadata.ProtoBuf$Annotation$1                             : loaded 2 times (x 144B)
Class org.jetbrains.kotlin.incremental.storage.ListExternalizer                       : loaded 2 times (x 80B)
Class org.jetbrains.kotlin.protobuf.AbstractParser                                    : loaded 2 times (x 144B)
Class kotlin.io.FilesKt__FileReadWriteKt                                              : loaded 2 times (x 71B)
Class kotlin.text.StringsKt__StringNumberConversionsKt                                : loaded 2 times (x 71B)
Class com.android.build.gradle.internal.scope.InternalArtifactType$DATA_BINDING_DEPENDENCY_ARTIFACTS: loaded 2 times (x 74B)
Class com.android.build.gradle.internal.scope.InternalArtifactType$AGGREGATED_LINT_TEXT_REPORT: loaded 2 times (x 74B)
Class com.android.manifmerger.AttributeModel$SeparatedValuesValidator                 : loaded 2 times (x 76B)
Class com.android.manifmerger.XmlNode$NodeKey                                         : loaded 2 times (x 72B)
Class com.android.manifmerger.AttributeModel$MergingPolicy                            : loaded 2 times (x 70B)
Class org.jetbrains.kotlin.incremental.storage.ProtoMapValue                          : loaded 2 times (x 72B)
Class org.jetbrains.kotlin.metadata.ProtoBuf$Effect$InvocationKind$1                  : loaded 2 times (x 74B)
Class org.jetbrains.kotlin.com.google.common.cache.LocalCache                         : loaded 2 times (x 187B)
Class com.android.aapt.Resources$XmlNamespace                                         : loaded 2 times (x 201B)
Class com.android.aapt.Resources$FileReference$Type$1                                 : loaded 2 times (x 76B)
Class org.gradle.api.internal.classpath.ManifestUtil                                  : loaded 2 times (x 71B)
Class com.android.build.gradle.internal.tasks.factory.GlobalTaskCreationConfigImpl$platformAttrs$2$1: loaded 2 times (x 75B)
Class org.jetbrains.kotlin.gradle.plugin.mpp.KotlinCompilationsKt$sam$java_util_concurrent_Callable$0: loaded 2 times (x 75B)
Class org.jetbrains.kotlin.gradle.tasks.KotlinCompilerPluginData                      : loaded 2 times (x 72B)
Class com.android.build.api.component.impl.ComponentUtils                             : loaded 2 times (x 71B)
Class com.android.build.gradle.internal.dependency.JdkImageTransformKt$getJdkImageFromTransform$1: loaded 2 times (x 75B)
Class com.android.build.gradle.internal.res.LinkApplicationAndroidResourcesTask_Decorated: loaded 2 times (x 465B)
Class com.google.gson.internal.bind.TypeAdapters$17                                   : loaded 2 times (x 75B)
Class com.google.gson.internal.bind.TypeAdapters$4                                    : loaded 2 times (x 75B)
Class com.sun.xml.bind.v2.runtime.unmarshaller.SAXConnector$TagNameImpl               : loaded 2 times (x 75B)
Class javax.xml.bind.annotation.XmlAccessorOrder                                      : loaded 2 times (x 70B)
Class javax.xml.bind.JAXBElement                                                      : loaded 2 times (x 81B)
Class com.android.build.gradle.internal.SdkLocator$SdkLocationSource$LOCAL_ANDROID_DIR: loaded 2 times (x 80B)
Class com.android.repository.api.Downloader                                           : loaded 2 times (x 70B)
Class com.android.build.gradle.internal.tasks.AndroidVariantTask_Decorated            : loaded 2 times (x 370B)
Class com.android.build.gradle.internal.dependency.ExtractProGuardRulesTransform$Parameters: loaded 2 times (x 70B)
Class com.android.build.gradle.internal.scope.InternalArtifactType$UNIT_TEST_CODE_COVERAGE: loaded 2 times (x 74B)
Class com.android.build.api.variant.impl.FileEntry                                    : loaded 2 times (x 70B)
Class com.android.build.gradle.internal.tasks.PerModuleReportDependenciesTask         : loaded 2 times (x 330B)
Class com.android.build.gradle.internal.scope.InternalArtifactType$DEX_ARCHIVE_INPUT_JAR_HASHES: loaded 2 times (x 74B)
Class com.android.build.gradle.internal.tasks.R8VersionCheckKt                        : loaded 2 times (x 71B)
Class org.jetbrains.kotlin.tooling.core.ExtrasPropertyKt                              : loaded 2 times (x 71B)
Class org.jetbrains.kotlin.gradle.plugin.mpp.compilationImpl.KotlinCompilationSourceSetInclusion$include$1: loaded 2 times (x 79B)
Class org.jetbrains.kotlin.gradle.dsl.KotlinProjectExtensionKt                        : loaded 2 times (x 71B)
Class org.jetbrains.kotlin.gradle.plugin.mpp.compilationImpl.factory.KotlinCompilationImplFactory$KotlinCompilationDependencyConfigurationsFactory: loaded 2 times (x 70B)
Class org.jetbrains.kotlin.gradle.tasks.BaseKotlinCompile                             : loaded 2 times (x 70B)
Class org.jetbrains.kotlin.gradle.plugin.internal.UsesBuildIdProviderService          : loaded 2 times (x 70B)
Class org.jetbrains.kotlin.compilerRunner.CompilerSystemPropertiesService$Companion$registerIfAbsent$2$1$1: loaded 2 times (x 75B)
Class com.android.build.gradle.internal.feature.BundleAllClasses                      : loaded 2 times (x 328B)
Class com.android.build.api.variant.impl.JniLibsPackagingImpl                         : loaded 2 times (x 80B)
Class com.android.build.gradle.internal.tasks.MergeNativeLibsTask$CreationAction$handleProvider$1: loaded 2 times (x 127B)
Class com.android.build.gradle.tasks.CompileNavigationXmlTask$CreationAction$handleProvider$1: loaded 2 times (x 127B)
Class com.android.build.gradle.tasks.ProcessMultiApkApplicationManifest$CreationAction$handleProvider$1: loaded 2 times (x 127B)
Class com.android.build.gradle.tasks.TestReportTask$TestReportCreationAction          : loaded 2 times (x 92B)
Class com.android.build.api.variant.impl.ApplicationVariantBuilderImpl                : loaded 2 times (x 204B)
Class com.android.build.gradle.internal.core.dsl.impl.ConsumableComponentDslInfoImpl$optimizationDslInfo$2: loaded 2 times (x 79B)
Class com.android.build.gradle.internal.publishing.VariantPublishingInfo              : loaded 2 times (x 72B)
Class com.android.build.gradle.internal.dsl.BundleOptionsDeviceGroup$AgpDecorated_Decorated: loaded 2 times (x 130B)
Class com.android.build.gradle.internal.dsl.TestOptions$UnitTestOptions_Decorated     : loaded 2 times (x 130B)
Class com.android.build.gradle.internal.api.artifact.SourceArtifactType$KOTLIN_SOURCES: loaded 2 times (x 74B)
Class com.android.build.api.dsl.LibraryPublishing                                     : loaded 2 times (x 70B)
Class com.android.build.api.dsl.ApplicationBuildType                                  : loaded 2 times (x 70B)
Class org.jetbrains.kotlin.gradle.internal.ClassLoadersCachingBuildService$Companion$registerIfAbsent$1: loaded 2 times (x 75B)
Class org.jetbrains.kotlin.gradle.plugin.UsesKotlinGradleBuildServices                : loaded 2 times (x 70B)
Class org.jetbrains.kotlin.gradle.plugin.KotlinGradleBuildServices$Parameters_Decorated: loaded 2 times (x 130B)
Class org.jetbrains.kotlin.gradle.plugin.DefaultKotlinBasePlugin$addKotlinCompilerConfiguration$3: loaded 2 times (x 75B)
Class [Lorg.jetbrains.kotlin.statistics.metrics.IMetricContainerFactory;              : loaded 2 times (x 69B)
Class org.jetbrains.kotlin.gradle.internal.IdeaKt                                     : loaded 2 times (x 71B)
Class com.android.build.gradle.internal.SdkComponentsBuildService$Parameters_Decorated: loaded 2 times (x 151B)
Class com.google.protobuf.IterableByteBufferInputStream                               : loaded 2 times (x 92B)
Class [Lcom.google.common.cache.RemovalCause;                                         : loaded 2 times (x 69B)
Class com.android.build.gradle.internal.component.TaskCreationConfig                  : loaded 2 times (x 70B)
Class com.android.build.gradle.internal.services.DslServicesImpl                      : loaded 2 times (x 99B)
Class org.gradle.accessors.dm.LibrariesForLibs$AndroidxCoreLibraryAccessors           : loaded 2 times (x 77B)
Class jdk.internal.jimage.decompressor.Decompressor                                   : loaded 2 times (x 72B)
Class jdk.internal.jimage.ImageReader$Resource                                        : loaded 2 times (x 84B)
Class org.gradle.internal.service.ServiceLookupException                              : loaded 2 times (x 82B)
Class org.jetbrains.kotlin.metadata.ProtoBuf$Expression$ConstantValue                 : loaded 2 times (x 82B)
Class org.jetbrains.kotlin.com.intellij.openapi.diagnostic.LogLevel                   : loaded 2 times (x 79B)
Class [Lorg.jetbrains.kotlin.protobuf.Internal$EnumLite;                              : loaded 2 times (x 69B)
Class org.jetbrains.kotlin.incremental.classpathDiff.InaccessibleClassSnapshot        : loaded 2 times (x 71B)
Class com.android.build.gradle.internal.scope.InternalArtifactType$MERGED_ML_MODELS   : loaded 2 times (x 74B)
Class com.android.build.gradle.internal.scope.InternalArtifactType$FEATURE_DATA_BINDING_FEATURE_INFO: loaded 2 times (x 74B)
Class com.android.ide.common.xml.XmlAttributeSortOrder$1                              : loaded 2 times (x 91B)
Class org.jetbrains.kotlin.cli.common.CompilerSystemProperties$value$2                : loaded 2 times (x 125B)
Class com.android.aapt.Resources$XmlAttributeOrBuilder                                : loaded 2 times (x 70B)
Class com.android.aapt.ConfigurationOuterClass$Configuration$Navigation$1             : loaded 2 times (x 76B)
Class [Lcom.android.aapt.ConfigurationOuterClass$Configuration$LayoutDirection;       : loaded 2 times (x 69B)
Class com.google.common.collect.DenseImmutableTable$Row                               : loaded 2 times (x 133B)
Class com.google.common.collect.StandardTable                                         : loaded 2 times (x 124B)
Class com.android.build.gradle.internal.profile.WorkerProfilingRecord                 : loaded 2 times (x 72B)
Class org.jetbrains.kotlin.gradle.tasks.GradleCompileTaskProvider_Decorated           : loaded 2 times (x 117B)
Class com.google.gson.annotations.JsonAdapter                                         : loaded 2 times (x 70B)
Class com.google.gson.internal.bind.SerializationDelegatingTypeAdapter                : loaded 2 times (x 74B)
Class com.google.gson.internal.bind.TypeAdapters$18                                   : loaded 2 times (x 75B)
Class com.google.gson.internal.bind.TypeAdapters$5                                    : loaded 2 times (x 75B)
Class com.sun.xml.bind.v2.runtime.reflect.PrimitiveArrayListerCharacter               : loaded 2 times (x 76B)
Class com.sun.xml.bind.v2.runtime.reflect.Lister$IDREFS                               : loaded 2 times (x 77B)
Class com.sun.xml.bind.v2.model.impl.FieldPropertySeed                                : loaded 2 times (x 90B)
Class com.sun.xml.bind.v2.model.core.TypeRef                                          : loaded 2 times (x 70B)
Class com.sun.xml.bind.v2.model.annotation.Quick                                      : loaded 2 times (x 88B)
Class com.sun.xml.bind.v2.runtime.ArrayBeanInfoImpl                                   : loaded 2 times (x 89B)
Class com.android.repository.impl.generated.v1.LicenseRefType                         : loaded 2 times (x 77B)
Class com.android.build.gradle.internal.scope.BuildArtifactType$JAVAC_CLASSES         : loaded 2 times (x 74B)
Class com.android.build.gradle.internal.scope.InternalArtifactType$LINT_MODEL_METADATA: loaded 2 times (x 74B)
Class com.android.build.gradle.internal.scope.InternalArtifactType$LIBRARY_JNI        : loaded 2 times (x 74B)
Class com.android.build.gradle.internal.DependencyConfigurator$configureVariantTransforms$3$2$1: loaded 2 times (x 75B)
Class com.android.build.gradle.internal.SdkComponentsBuildService$sdkSourceSet$2      : loaded 2 times (x 79B)
Class com.android.build.gradle.internal.test.AbstractTestDataImpl$flavorName$1        : loaded 2 times (x 79B)
Class com.android.build.gradle.internal.scope.InternalArtifactType$VALIDATE_SIGNING_CONFIG: loaded 2 times (x 74B)
Class org.jetbrains.kotlin.gradle.plugin.hierarchy.KotlinSourceSetTreeClassifierKt$sourceSetTreeClassifier$2: loaded 2 times (x 78B)
Class org.jetbrains.kotlin.konan.target.HostManager                                   : loaded 2 times (x 72B)
Class org.jetbrains.kotlin.gradle.internal.IsInIdeaEnvironmentValueSource$Inject_     : loaded 2 times (x 100B)
Class com.android.build.gradle.internal.tasks.MergeNativeLibsTask$CreationAction$handleProvider$2: loaded 2 times (x 127B)
Class com.android.build.api.artifact.impl.OperationRequestsImplKt$toCreate$1          : loaded 2 times (x 75B)
Class com.android.build.gradle.internal.scope.InternalArtifactType$MERGED_RES_INCREMENTAL_FOLDER: loaded 2 times (x 74B)
Class com.android.build.gradle.internal.tasks.ApplicationIdWriterTask$CreationAction$handleProvider$1: loaded 2 times (x 127B)
Class com.android.build.gradle.internal.services.BuiltInKotlinSupportMode$Supported   : loaded 2 times (x 71B)
Class com.android.build.api.variant.impl.VariantImpl$nativeBuildCreationConfig$2      : loaded 2 times (x 79B)
Class com.google.common.collect.Lists$ReverseList                                     : loaded 2 times (x 200B)
Class com.android.build.gradle.internal.dsl.DexOptions_Decorated                      : loaded 2 times (x 156B)
Class com.android.build.api.dsl.BuildFeatures                                         : loaded 2 times (x 70B)
Class com.android.build.api.dsl.LintOptions                                           : loaded 2 times (x 70B)
Class com.android.build.gradle.api.BaseVariantOutput                                  : loaded 2 times (x 70B)
Class com.android.build.api.dsl.AndroidSourceDirectorySet                             : loaded 2 times (x 70B)
Class [Lcom.android.resources.ResourceEnum;                                           : loaded 2 times (x 69B)
Class com.android.builder.model.ApiVersion                                            : loaded 2 times (x 70B)
Class org.jetbrains.kotlin.gradle.plugin.mpp.KotlinUsageContext$MavenScope            : loaded 2 times (x 79B)
Class com.android.build.gradle.internal.plugins.BasePlugin$dslServices$2$1            : loaded 2 times (x 79B)
Class com.android.builder.errors.EvalIssueException                                   : loaded 2 times (x 82B)
Class com.google.protobuf.FieldSet$FieldDescriptorLite                                : loaded 2 times (x 70B)
Class com.google.protobuf.ExtensionLite                                               : loaded 2 times (x 77B)
Class com.android.build.api.variant.HasTestSuites                                     : loaded 2 times (x 70B)
Class com.android.build.api.variant.HasTestFixturesBuilder                            : loaded 2 times (x 70B)
Class com.android.build.gradle.internal.core.SettingsOptions                          : loaded 2 times (x 72B)
Class org.jetbrains.kotlin.compose.compiler.gradle.ComposeCompilerGradleSubplugin$Companion: loaded 2 times (x 71B)
Class com.google.common.collect.ImmutableSortedSet                                    : loaded 2 times (x 300B)
Class com.google.common.hash.AbstractByteHasher                                       : loaded 2 times (x 147B)
Class jdk.internal.jrtfs.JrtFileAttributes                                            : loaded 2 times (x 83B)
Class org.gradle.internal.classloader.ClassLoaderFactory                              : loaded 2 times (x 70B)
Class org.jetbrains.org.objectweb.asm.tree.ParameterNode                              : loaded 2 times (x 73B)
Class com.android.ide.common.xml.XmlAttributeSortOrder$2                              : loaded 2 times (x 91B)
Class com.android.manifmerger.NavGraphExpander$NavGraphException                      : loaded 2 times (x 82B)
Class com.android.manifmerger.ManifestMerger2$ProcessCancellationChecker              : loaded 2 times (x 70B)
Class org.jetbrains.kotlin.compilerRunner.GradleKotlinCompilerWork$WhenMappings       : loaded 2 times (x 71B)
Class org.jetbrains.kotlin.cli.common.arguments.ArgumentParseErrors                   : loaded 2 times (x 72B)
Class org.jetbrains.kotlin.build.report.metrics.BuildMetricsReporterImpl$WhenMappings : loaded 2 times (x 71B)
Class com.android.io.StreamException                                                  : loaded 2 times (x 84B)
Class com.android.aapt.Resources                                                      : loaded 2 times (x 71B)
Class com.google.protobuf.UnsafeUtil                                                  : loaded 2 times (x 71B)
Class com.android.build.gradle.internal.utils.AnalyticsEnabledValueSource$Params$Inject_: loaded 2 times (x 106B)
Class com.google.common.cache.CacheBuilderSpec                                        : loaded 2 times (x 73B)
Class com.android.build.gradle.internal.profile.ProfileAwareWorkAction$Parameters     : loaded 2 times (x 75B)
Class com.android.build.gradle.tasks.ProcessApplicationManifest_Decorated             : loaded 2 times (x 428B)
Class org.jetbrains.kotlin.gradle.tasks.DefaultKotlinJavaToolchain$currentJvmJdkToolsJar$1: loaded 2 times (x 74B)
Class com.google.gson.internal.bind.ReflectiveTypeAdapterFactory$FieldReflectionAdapter: loaded 2 times (x 77B)
Class com.google.gson.internal.bind.TypeAdapters$19                                   : loaded 2 times (x 75B)
Class com.google.gson.internal.bind.TypeAdapters$6                                    : loaded 2 times (x 75B)
Class com.sun.xml.bind.v2.runtime.reflect.PrimitiveArrayListerByte                    : loaded 2 times (x 76B)
Class com.sun.xml.bind.v2.runtime.property.SingleReferenceNodeProperty$1              : loaded 2 times (x 85B)
Class com.sun.xml.bind.v2.runtime.unmarshaller.XsiNilLoader                           : loaded 2 times (x 80B)
Class javax.xml.bind.MarshalException                                                 : loaded 2 times (x 85B)
Class com.android.repository.impl.generated.v2.RemotePackage                          : loaded 2 times (x 157B)
Class com.android.repository.api.RepoManager                                          : loaded 2 times (x 91B)
Class javax.xml.bind.annotation.XmlNsForm                                             : loaded 2 times (x 79B)
Class com.android.build.gradle.internal.SdkComponentsBuildService$VersionedSdkLoader$apiVersionsFile$1: loaded 2 times (x 75B)
Class com.android.build.gradle.internal.utils.D8BackportedMethodsGenerator$Parameters_Decorated: loaded 2 times (x 144B)
Class com.android.build.gradle.internal.PropertiesValueSource$Params                  : loaded 2 times (x 70B)
Class com.android.build.api.component.impl.DefaultSourcesProviderImpl$defaultResSources$1: loaded 2 times (x 78B)
Class com.android.build.api.variant.SourceDirectories$Layered                         : loaded 2 times (x 70B)
Class com.google.protobuf.CodedInputStream$StreamDecoder                              : loaded 2 times (x 120B)
Class com.android.build.gradle.internal.TaskManager$createDependencyStreams$1         : loaded 2 times (x 79B)
Class com.android.build.gradle.internal.tasks.BundleReportDependenciesTask$CreationAction: loaded 2 times (x 90B)
Class com.android.build.gradle.internal.tasks.BundleToApkTask$CreationAction          : loaded 2 times (x 90B)
Class com.android.build.gradle.internal.tasks.PerModuleBundleTask$CreationAction      : loaded 2 times (x 90B)
Class com.android.build.gradle.internal.tasks.AppMetadataTask                         : loaded 2 times (x 329B)
Class org.jetbrains.kotlin.gradle.plugin.sources.AbstractKotlinSourceSet              : loaded 2 times (x 141B)
Class com.android.build.api.artifact.impl.OperationRequestsImplKt$toCreate$2          : loaded 2 times (x 75B)
Class com.android.build.gradle.internal.scope.InternalArtifactType$BASE_MODULE_METADATA: loaded 2 times (x 74B)
Class com.android.build.gradle.internal.dependency.VariantDependencies$computeArtifactCollection$attributesAction$1$1: loaded 2 times (x 79B)
Class com.android.build.api.component.impl.HostTestImpl                               : loaded 2 times (x 437B)
Class com.android.build.api.variant.impl.SourcesImpl                                  : loaded 2 times (x 120B)
Class com.android.build.api.variant.impl.AndroidResourcesImpl                         : loaded 2 times (x 84B)
Class com.android.build.gradle.internal.tasks.factory.GlobalTaskCreationConfigImpl$buildToolsRevision$2: loaded 2 times (x 79B)
Class com.google.wireless.android.sdk.stats.GradleBuildProject$CompileOptions         : loaded 2 times (x 199B)
Class com.google.wireless.android.sdk.stats.GradleProjectOptionsSettingsOrBuilder     : loaded 2 times (x 70B)
Class com.android.build.gradle.internal.dsl.LintImpl$severities$2                     : loaded 2 times (x 79B)
Class com.android.build.gradle.internal.api.artifact.SourceArtifactType$AIDL          : loaded 2 times (x 74B)
Class com.android.build.gradle.internal.api.DefaultAndroidSourceFile                  : loaded 2 times (x 88B)
Class com.android.build.api.dsl.CmakeFlags                                            : loaded 2 times (x 70B)
Class com.android.build.gradle.internal.dsl.KeepRulesImpl                             : loaded 2 times (x 90B)
Class org.jetbrains.kotlin.gradle.internal.properties.NativePropertiesLoader$nativeCacheKind$1: loaded 2 times (x 75B)
Class [Lorg.jetbrains.kotlin.build.report.metrics.ValueType;                          : loaded 2 times (x 69B)
Class org.jetbrains.kotlin.gradle.internal.diagnostics.AgpCompatibilityCheck          : loaded 2 times (x 71B)
Class com.android.build.gradle.internal.services.Aapt2ThreadPoolBuildService$RegistrationAction: loaded 2 times (x 74B)
Class com.android.build.gradle.internal.AvdComponentsBuildService                     : loaded 2 times (x 76B)
Class com.android.build.gradle.internal.errors.SyncIssueReporterImpl$GlobalSyncIssueService$RegistrationAction: loaded 2 times (x 74B)
Class com.android.build.gradle.internal.utils.AnalyticsSettingsUtils                  : loaded 2 times (x 71B)
Class com.android.build.gradle.internal.plugins.KotlinMultiplatformAndroidPlugin      : loaded 2 times (x 81B)
Class com.android.build.gradle.internal.plugins.BasePlugin$lintDslLifecycleRegistrar$2: loaded 2 times (x 79B)
Class com.android.build.api.variant.HasHostTestsBuilder                               : loaded 2 times (x 70B)
Class com.android.build.api.variant.ComponentBuilder                                  : loaded 2 times (x 70B)
Class com.android.build.api.dsl.SettingsExtension                                     : loaded 2 times (x 70B)
Class com.android.build.api.dsl.CommonExtension                                       : loaded 2 times (x 70B)
Class org.gradle.internal.service.CachingServiceLocator                               : loaded 2 times (x 82B)
Class kotlin.jvm.internal.CallableReference                                           : loaded 2 times (x 106B)
Class org.jetbrains.kotlin.descriptors.Visibilities$Public                            : loaded 2 times (x 79B)
Class org.jetbrains.kotlin.protobuf.ExtensionRegistryLite$ObjectIntPair               : loaded 2 times (x 72B)
Class org.jetbrains.kotlin.metadata.ProtoBuf$Class$1                                  : loaded 2 times (x 144B)
Class org.jetbrains.kotlin.com.intellij.util.io.IOUtil$1                              : loaded 2 times (x 83B)
Class org.jetbrains.kotlin.load.kotlin.header.ReadKotlinClassHeaderAnnotationVisitor$KotlinMetadataArgumentVisitor$1: loaded 2 times (x 85B)
Class com.android.build.gradle.tasks.ProcessPackagedManifestTask$WorkItemParameters   : loaded 2 times (x 70B)
Class com.android.manifmerger.AttributeModel$Validator                                : loaded 2 times (x 70B)
Class [Lorg.jetbrains.kotlin.daemon.common.PropMapper;                                : loaded 2 times (x 69B)
Class com.android.build.api.variant.impl.BuiltArtifactsImpl$Companion                 : loaded 2 times (x 71B)
Class com.android.ide.common.symbols.Symbol$BasicAttributeSymbol                      : loaded 2 times (x 81B)
Class com.android.ide.common.symbols.SymbolTableBuilder$WhenMappings                  : loaded 2 times (x 71B)
Class com.android.aapt.Resources$XmlNodeOrBuilder                                     : loaded 2 times (x 70B)
Class com.android.zipflinger.EndOfCentralDirectory                                    : loaded 2 times (x 77B)
Class com.android.build.gradle.internal.dependency.CustomClassVisitor                 : loaded 2 times (x 88B)
Class org.jetbrains.kotlin.gradle.dsl.jvm.JvmTargetValidationMode                     : loaded 2 times (x 79B)
Class com.google.gson.annotations.SerializedName                                      : loaded 2 times (x 70B)
Class com.google.gson.internal.$Gson$Preconditions                                    : loaded 2 times (x 71B)
Class com.google.gson.internal.bind.TypeAdapters$7                                    : loaded 2 times (x 75B)
Class com.android.repository.impl.generated.generic.v1.GenericDetailsType             : loaded 2 times (x 76B)
Class com.sun.xml.bind.v2.model.impl.ClassInfoImpl$PropertySorter                     : loaded 2 times (x 152B)
Class com.android.sdklib.repository.generated.common.v2.ObjectFactory                 : loaded 2 times (x 75B)
Class com.android.sdklib.repository.generated.addon.v3.ObjectFactory                  : loaded 2 times (x 80B)
Class com.android.build.gradle.internal.SdkFullLoadingStrategy                        : loaded 2 times (x 72B)
Class com.android.build.gradle.internal.services.FakeDependencyJarBuildService$Params : loaded 2 times (x 70B)
Class com.android.build.gradle.internal.testing.TestData$Companion                    : loaded 2 times (x 71B)
Class com.android.build.gradle.internal.tasks.PerModuleReportDependenciesTask$CreationAction: loaded 2 times (x 90B)
Class com.android.build.gradle.internal.coverage.tasks.CodeCoverageCollectionTask$AggregatedCoverageCollectionCreationAction: loaded 2 times (x 91B)
Class com.android.build.api.artifact.impl.OperationRequestsImplKt$toAppend$1          : loaded 2 times (x 75B)
Class org.jetbrains.kotlin.compose.compiler.gradle.internal.ComposeWithAgpConfig$AgpConfigurationProvider$Default: loaded 2 times (x 74B)
Class org.jetbrains.kotlin.gradle.plugin.KotlinTargetConfiguratorKt$WhenMappings      : loaded 2 times (x 71B)
Class org.jetbrains.kotlin.project.model.LanguageSettings                             : loaded 2 times (x 70B)
Class com.android.build.gradle.internal.component.ComponentBasedBuiltInKotlinCreationConfig$kaptKotlinSourceOutputDir$2: loaded 2 times (x 79B)
Class com.android.build.api.artifact.impl.TypedStorageProvider$getArtifact$2$1$1      : loaded 2 times (x 79B)
Class com.android.build.gradle.internal.res.ParseLibraryResourcesTask$CreateAction    : loaded 2 times (x 90B)
Class com.android.build.gradle.tasks.TestReportTask$BaseCreationAction                : loaded 2 times (x 92B)
Class com.android.build.gradle.internal.tasks.ApkZipPackagingTask$CreationAction      : loaded 2 times (x 90B)
Class com.android.build.gradle.internal.feature.BundleAllClasses$CreationAction       : loaded 2 times (x 90B)
Class com.android.build.gradle.internal.tasks.ApplicationIdWriterTask$CreationAction  : loaded 2 times (x 90B)
Class com.android.build.gradle.internal.component.AarCreationConfig                   : loaded 2 times (x 70B)
Class com.android.build.gradle.internal.dsl.TargetSdkSpecImpl$AgpDecorated            : loaded 2 times (x 85B)
Class [Lcom.android.buildanalyzer.common.TaskCategory;                                : loaded 2 times (x 69B)
Class org.jetbrains.kotlin.gradle.plugin.internal.CustomPropertiesFileValueSource$Parameters$Inject_: loaded 2 times (x 106B)
Class com.android.build.gradle.internal.dsl.CoreExternalNativeBuildOptions            : loaded 2 times (x 70B)
Class org.jetbrains.kotlin.gradle.targets.native.KonanPropertiesBuildService$Parameters: loaded 2 times (x 70B)
Class org.jetbrains.kotlin.gradle.plugin.statistics.BuildFusService$Companion$registerIfAbsent$1$1: loaded 2 times (x 79B)
Class org.jetbrains.kotlin.gradle.internal.IsInIdeaSyncValueSource$Inject_            : loaded 2 times (x 109B)
Class org.jetbrains.kotlin.gradle.plugin.internal.CompatibilityConventionRegistrar$Factory: loaded 2 times (x 70B)
Class com.android.utils.DateProvider                                                  : loaded 2 times (x 70B)
Class com.android.build.gradle.internal.utils.AnalyticsEnabledValueSource$Params      : loaded 2 times (x 70B)
Class com.android.build.api.variant.HasHostTests                                      : loaded 2 times (x 70B)
Class com.google.common.collect.RegularImmutableSortedSet                             : loaded 2 times (x 300B)
Class [Lkotlin.reflect.KFunction;                                                     : loaded 2 times (x 69B)
Class org.jetbrains.kotlin.metadata.ProtoBuf$VersionRequirement$1                     : loaded 2 times (x 144B)
Class org.jetbrains.kotlin.metadata.jvm.JvmProtoBuf$StringTableTypes$Record$1         : loaded 2 times (x 144B)
Class org.jetbrains.kotlin.com.intellij.util.io.IOUtil$2                              : loaded 2 times (x 76B)
Class org.jetbrains.kotlin.incremental.classpathDiff.ClassSnapshot                    : loaded 2 times (x 71B)
Class org.jetbrains.org.objectweb.asm.tree.AnnotationNode                             : loaded 2 times (x 80B)
Class org.jetbrains.kotlin.load.kotlin.header.ReadKotlinClassHeaderAnnotationVisitor$KotlinMetadataArgumentVisitor$2: loaded 2 times (x 85B)
Class org.jetbrains.kotlin.statistics.metrics.StringAnonymizationPolicy$AllowedListAnonymizer: loaded 2 times (x 79B)
Class com.android.build.gradle.internal.scope.InternalArtifactType$AGGREGATED_LINT_XML_REPORT: loaded 2 times (x 74B)
Class com.android.manifmerger.MergingReport$Result                                    : loaded 2 times (x 79B)
Class org.jetbrains.kotlin.gradle.internal.name.Name                                  : loaded 2 times (x 75B)
Class org.jetbrains.kotlin.gradle.tasks.CompileUsingKotlinDaemonWithNormalization$normalizedKotlinDaemonJvmArguments$1: loaded 2 times (x 74B)
Class org.jetbrains.kotlin.com.google.common.cache.ReferenceEntry                     : loaded 2 times (x 70B)
Class android.aapt.pb.internal.ResourcesInternal$CompiledFileOrBuilder                : loaded 2 times (x 70B)
Class [Lcom.android.aapt.ConfigurationOuterClass$Configuration$Hdr;                   : loaded 2 times (x 69B)
Class com.android.aapt.ConfigurationOuterClass                                        : loaded 2 times (x 71B)
Class org.jetbrains.kotlin.gradle.report.BuildReportType                              : loaded 2 times (x 79B)
Class com.android.build.gradle.internal.dependency.AarTransform$Parameters$Inject_    : loaded 2 times (x 114B)
Class com.android.build.gradle.internal.BuildToolsExecutableInput_Decorated           : loaded 2 times (x 128B)
Class com.android.build.gradle.internal.tasks.ProcessNavigationXmlTask$CreationAction$configure$1: loaded 2 times (x 78B)
Class com.android.build.gradle.internal.scope.InternalArtifactType$BUILT_IN_KAPT_GENERATED_KOTLIN_SOURCES: loaded 2 times (x 74B)
Class com.android.build.gradle.internal.scope.InternalArtifactType$RENDERSCRIPT_GENERATED_RES: loaded 2 times (x 74B)
Class com.android.build.gradle.internal.EmulatorComponents                            : loaded 2 times (x 72B)
Class com.google.gson.internal.bind.CollectionTypeAdapterFactory$Adapter              : loaded 2 times (x 74B)
Class com.google.gson.internal.bind.TypeAdapters$8                                    : loaded 2 times (x 75B)
Class com.sun.xml.bind.v2.runtime.reflect.TransducedAccessor$CompositeContextDependentTransducedAccessorImpl: loaded 2 times (x 79B)
Class javax.xml.bind.annotation.adapters.XmlAdapter                                   : loaded 2 times (x 73B)
Class com.sun.xml.bind.v2.runtime.reflect.Accessor                                    : loaded 2 times (x 85B)
Class com.sun.xml.bind.v2.model.impl.RuntimeAttributePropertyInfoImpl                 : loaded 2 times (x 144B)
Class javax.xml.bind.annotation.XmlType$DEFAULT                                       : loaded 2 times (x 71B)
Class com.sun.xml.bind.api.AccessorException                                          : loaded 2 times (x 82B)
Class com.android.build.gradle.internal.SdkLocation                                   : loaded 2 times (x 72B)
Class com.android.build.gradle.internal.api.UnitTestVariantImpl_Decorated             : loaded 2 times (x 264B)
Class com.android.build.gradle.internal.scope.GradleAwareFilterData                   : loaded 2 times (x 70B)
Class com.android.build.gradle.internal.dependency.AarResourcesCompilerTransform$Parameters_Decorated: loaded 2 times (x 134B)
Class com.android.build.gradle.internal.dependency.AarResourcesCompilerTransform$Parameters: loaded 2 times (x 70B)
Class com.android.build.gradle.internal.scope.InternalArtifactType$LINT_TEXT_REPORT   : loaded 2 times (x 74B)
Class com.android.build.gradle.internal.tasks.featuresplit.FeatureSplitUtils          : loaded 2 times (x 71B)
Class com.android.build.api.artifact.impl.OperationRequestsImplKt$toAppend$2          : loaded 2 times (x 75B)
Class com.android.build.gradle.internal.tasks.creationconfig.DexMergingCreationConfigKt$createDexMergingCreationConfig$1: loaded 2 times (x 119B)
Class com.android.build.api.artifact.impl.InternalScopedArtifact                      : loaded 2 times (x 74B)
Class org.jetbrains.kotlin.compose.compiler.gradle.ComposeCompilerGradleSubplugin$applyToCompilation$1: loaded 2 times (x 75B)
Class org.jetbrains.kotlin.gradle.plugin.mpp.InternalKotlinCompilation$DefaultImpls   : loaded 2 times (x 71B)
Class org.jetbrains.kotlin.gradle.plugin.mpp.KotlinMetadataTarget                     : loaded 2 times (x 161B)
Class org.jetbrains.kotlin.gradle.plugin.mpp.compilationImpl.KotlinCompilationSourceSetInclusion$DefaultAddSourcesToCompileTask: loaded 2 times (x 74B)
Class org.jetbrains.kotlin.gradle.tasks.configuration.BaseKotlinCompileConfig$1$jvmToolchain$1: loaded 2 times (x 74B)
Class com.android.build.gradle.internal.tasks.MergeNativeLibsTask$CreationAction      : loaded 2 times (x 90B)
Class com.android.build.gradle.internal.core.dsl.impl.SigningConfigResolver           : loaded 2 times (x 72B)
Class com.android.build.gradle.internal.component.features.ResValuesCreationConfig    : loaded 2 times (x 70B)
Class com.android.build.gradle.internal.scope.InternalArtifactType                    : loaded 2 times (x 74B)
Class com.android.build.gradle.internal.dsl.SdkComponentsImpl$adb$1                   : loaded 2 times (x 75B)
Class com.android.build.gradle.internal.dsl.ManagedVirtualDeviceFactory               : loaded 2 times (x 75B)
Class com.android.build.gradle.internal.dsl.ManagedVirtualDevice                      : loaded 2 times (x 121B)
Class com.android.build.gradle.internal.api.AndroidSourceSetName                      : loaded 2 times (x 72B)
Class org.jetbrains.kotlin.gradle.targets.native.KonanPropertiesBuildService$Companion$registerIfAbsent$2$1: loaded 2 times (x 79B)
Class com.android.build.api.dsl.BundleAbi                                             : loaded 2 times (x 70B)
Class org.jetbrains.kotlin.gradle.dsl.KotlinGradlePluginDsl                           : loaded 2 times (x 70B)
Class org.jetbrains.kotlin.tooling.core.MutableExtras                                 : loaded 2 times (x 70B)
Class org.jetbrains.kotlin.gradle.plugin.KotlinGradleBuildServices$detectKotlinPluginLoadedInMultipleProjects$onRegister$1: loaded 2 times (x 79B)
Class org.jetbrains.kotlin.gradle.plugin.BuildFinishAndConfigurationTimeMetricsFlowAction$Parameters_Decorated: loaded 2 times (x 139B)
Class org.jetbrains.kotlin.gradle.plugin.BuildFinishAndConfigurationTimeMetricsFlowAction$Parameters: loaded 2 times (x 70B)
Class com.android.build.gradle.internal.services.BuiltInKotlinServicesKt$failIfIncompatiblePluginsArePresent$1: loaded 2 times (x 74B)
Class com.android.build.gradle.internal.services.LintClassLoaderBuildService          : loaded 2 times (x 80B)
Class com.android.build.api.dsl.JUnitEngineSpec                                       : loaded 2 times (x 70B)
Class com.android.build.gradle.options.ProjectOptionService$RegistrationAction        : loaded 2 times (x 74B)
Class com.android.build.api.variant.ApplicationVariantBuilder                         : loaded 2 times (x 70B)
Class com.android.build.gradle.internal.services.DslServices                          : loaded 2 times (x 70B)
Class [Lcom.google.common.collect.HashBiMap$BiEntry;                                  : loaded 2 times (x 69B)
Class org.jetbrains.kotlin.descriptors.CallableMemberDescriptor$Kind                  : loaded 2 times (x 79B)
Class org.jetbrains.kotlin.metadata.ProtoBuf$TypeParameterOrBuilder                   : loaded 2 times (x 70B)
Class org.jetbrains.kotlin.metadata.ProtoBuf$Property                                 : loaded 2 times (x 172B)
Class org.jetbrains.org.objectweb.asm.Type                                            : loaded 2 times (x 72B)
Class org.jetbrains.kotlin.name.FqName                                                : loaded 2 times (x 72B)
Class kotlin.enums.EnumEntries                                                        : loaded 2 times (x 70B)
Class com.android.build.gradle.internal.dsl.ApplicationBuildFeaturesImpl_Decorated    : loaded 2 times (x 170B)
Class com.android.build.gradle.internal.scope.InternalArtifactType$SCREENSHOTS_RENDERED: loaded 2 times (x 74B)
Class com.android.manifmerger.ManifestModel$1                                         : loaded 2 times (x 77B)
Class [Lorg.jetbrains.kotlin.daemon.common.CompilerMode;                              : loaded 2 times (x 69B)
Class com.android.build.gradle.internal.dsl.JniLibsPackagingImpl$AgpDecorated_Decorated: loaded 2 times (x 138B)
Class org.jetbrains.kotlin.com.google.common.cache.LocalCache$1                       : loaded 2 times (x 89B)
Class com.android.build.gradle.internal.dsl.DexOptions                                : loaded 2 times (x 103B)
Class com.android.build.gradle.internal.services.SymbolTableBuildService$symbolTableCache$1: loaded 2 times (x 75B)
Class com.android.build.gradle.internal.tasks.ValidateResourcesTask_Decorated         : loaded 2 times (x 375B)
Class com.android.build.gradle.internal.tasks.ProcessNavigationXmlTask$CreationAction$configure$2: loaded 2 times (x 79B)
Class com.android.ide.common.resources.MergingException                               : loaded 2 times (x 83B)
Class com.android.build.api.variant.impl.MultiOutputHandlerImplBase                   : loaded 2 times (x 95B)
Class com.google.gson.internal.bind.TypeAdapters$9                                    : loaded 2 times (x 75B)
Class com.sun.xml.bind.v2.runtime.reflect.Lister$1                                    : loaded 2 times (x 76B)
Class com.sun.xml.bind.v2.model.nav.ReflectionNavigator$1                             : loaded 2 times (x 81B)
Class com.sun.xml.bind.v2.util.TypeCast                                               : loaded 2 times (x 71B)
Class com.android.repository.impl.meta.TypeDetails$GenericType                        : loaded 2 times (x 70B)
Class com.android.repository.impl.generated.v1.ArchiveType                            : loaded 2 times (x 96B)
Class com.android.build.gradle.internal.SdkDirectLoadingStrategy$components$2         : loaded 2 times (x 79B)
Class com.android.build.gradle.internal.DependencyConfigurator$Companion              : loaded 2 times (x 71B)
Class com.android.build.gradle.internal.SdkLibDataFactory$Environment$SystemProperty  : loaded 2 times (x 79B)
Class com.android.build.gradle.internal.tasks.creationconfig.ProcessTestManifestCreationConfig: loaded 2 times (x 70B)
Class com.android.build.gradle.internal.scope.InternalArtifactType$GLOBAL_SYNTHETICS_FILE_LIB: loaded 2 times (x 74B)
Class com.android.build.api.artifact.SingleArtifact$APK_FROM_BUNDLE                   : loaded 2 times (x 74B)
Class com.android.build.gradle.internal.scope.InternalArtifactType$BINARY_ART_PROFILE : loaded 2 times (x 74B)
Class com.android.build.gradle.internal.tasks.ApplicationTaskManager$createBundleTask$1: loaded 2 times (x 75B)
Class org.jetbrains.kotlin.compose.compiler.gradle.ComposeCompilerGradleSubplugin$applyToCompilation$2: loaded 2 times (x 74B)
Class com.android.build.gradle.internal.TaskManager$addSubpluginOptionsForBuiltInKotlin$1: loaded 2 times (x 75B)
Class org.jetbrains.kotlin.gradle.plugin.mpp.KotlinWithJavaTarget                     : loaded 2 times (x 160B)
Class org.jetbrains.kotlin.gradle.utils.StoredPropertyKt$extrasStoredProperty$1       : loaded 2 times (x 78B)
Class org.jetbrains.kotlin.gradle.tasks.CompileUsingKotlinDaemon                      : loaded 2 times (x 70B)
Class com.android.build.gradle.internal.feature.BundleAllClasses$CreationAction$handleProvider$1: loaded 2 times (x 127B)
Class com.android.build.gradle.internal.res.ParseLibraryResourcesTask$CreateAction$handleProvider$1: loaded 2 times (x 127B)
Class com.android.build.gradle.internal.tasks.ValidateResourcesTask$CreateAction$handleProvider$1: loaded 2 times (x 127B)
Class com.android.build.gradle.tasks.TestReportTask$AggregatedTestReportCreationAction: loaded 2 times (x 92B)
Class com.android.build.api.component.impl.features.NativeBuildCreationConfigImpl$externalNativeBuild$2: loaded 2 times (x 79B)
Class [Lcom.android.build.VariantOutput$FilterType;                                   : loaded 2 times (x 69B)
Class com.android.build.api.variant.impl.ApplicationVariantImpl$androidResources$2    : loaded 2 times (x 79B)
Class com.android.build.api.variant.ApkOutputProviders                                : loaded 2 times (x 70B)
Class com.android.build.gradle.internal.core.dsl.ComponentDslInfo$DslDefinedHostTest  : loaded 2 times (x 72B)
Class com.android.build.gradle.internal.core.dsl.impl.features.OptimizationDslInfoImpl$mergeOptions$1: loaded 2 times (x 78B)
Class com.android.build.gradle.internal.tasks.BuildAnalyzer                           : loaded 2 times (x 70B)
Class com.android.builder.signing.DefaultSigningConfig$DebugSigningConfig             : loaded 2 times (x 72B)
Class com.android.build.gradle.internal.core.dsl.impl.features.DeviceTestOptionsDslInfoImpl: loaded 2 times (x 84B)
Class com.android.build.gradle.internal.core.dsl.features.TestOptionsDslInfo          : loaded 2 times (x 70B)
Class com.android.build.gradle.internal.dsl.DexPackagingImpl$AgpDecorated             : loaded 2 times (x 83B)
Class com.android.build.gradle.internal.dsl.BundleOptionsDensity$AgpDecorated         : loaded 2 times (x 81B)
Class com.android.build.VariantOutput                                                 : loaded 2 times (x 70B)
Class com.android.build.api.artifact.Artifact$Single                                  : loaded 2 times (x 74B)
Class com.android.build.api.dsl.Optimization                                          : loaded 2 times (x 70B)
Class com.android.build.gradle.internal.dsl.DependenciesInfoImpl                      : loaded 2 times (x 81B)
Class com.android.build.api.dsl.TestProductFlavor                                     : loaded 2 times (x 70B)
Class com.android.build.gradle.internal.services.BuiltInKotlinServicesKt$initBuiltInKaptSupportIfRequired$1: loaded 2 times (x 75B)
Class org.jetbrains.kotlin.gradle.plugin.KotlinPluginLifecycle$IllegalLifecycleException: loaded 2 times (x 82B)
Class org.jetbrains.kotlin.gradle.internal.properties.NativePropertiesLoader$userProvidedNativeHome$1: loaded 2 times (x 75B)
Class org.jetbrains.kotlin.gradle.plugin.KotlinGradleFinishBuildHandler               : loaded 2 times (x 72B)
Class [Lorg.jetbrains.kotlin.build.report.metrics.BuildPerformanceMetric;             : loaded 2 times (x 69B)
Class org.jetbrains.kotlin.statistics.metrics.StringOverridePolicy$CONCAT             : loaded 2 times (x 85B)
Class org.jetbrains.kotlin.gradle.dsl.KotlinTopLevelExtension                         : loaded 2 times (x 70B)
Class com.android.build.gradle.internal.services.BuiltInKotlinServicesKt$failIfIncompatiblePluginsArePresent$2: loaded 2 times (x 74B)
Class com.android.build.gradle.internal.services.AndroidLocationsBuildService$AndroidDirectoryCreator$Params$Inject_: loaded 2 times (x 108B)
Class com.android.prefs.LocationValue                                                 : loaded 2 times (x 70B)
Class com.android.build.api.artifact.impl.StorageProviderImpl                         : loaded 2 times (x 72B)
Class com.android.sdklib.AndroidVersion$PreviewType                                   : loaded 2 times (x 79B)
Class com.android.build.gradle.internal.res.Aapt2FromMaven$Companion$DefaultAapt2Version: loaded 2 times (x 71B)
Class com.android.build.gradle.internal.tasks.LintCompile                             : loaded 2 times (x 320B)
Class com.android.build.gradle.internal.scope.BuildFeatureValues                      : loaded 2 times (x 70B)
Class com.android.build.gradle.internal.plugins.DynamicFeaturePlugin                  : loaded 2 times (x 96B)
Class com.google.common.base.Predicates                                               : loaded 2 times (x 71B)
Class org.jetbrains.kotlin.metadata.jvm.deserialization.UtfEncodingKt                 : loaded 2 times (x 71B)
Class org.jetbrains.kotlin.metadata.jvm.JvmProtoBuf$JvmFieldSignature$1               : loaded 2 times (x 144B)
Class org.jetbrains.org.objectweb.asm.TypePath                                        : loaded 2 times (x 72B)
Class org.jetbrains.kotlin.metadata.ProtoBuf$TypeTable                                : loaded 2 times (x 109B)
Class org.jetbrains.kotlin.metadata.jvm.JvmProtoBuf$JvmMethodSignature                : loaded 2 times (x 108B)
Class org.jetbrains.kotlin.protobuf.MessageLiteOrBuilder                              : loaded 2 times (x 70B)
Class org.jetbrains.kotlin.load.kotlin.header.ReadKotlinClassHeaderAnnotationVisitor$KotlinMetadataArgumentVisitor: loaded 2 times (x 86B)
Class org.jetbrains.kotlin.name.ClassId$Companion                                     : loaded 2 times (x 71B)
Class com.android.build.gradle.internal.scope.InternalArtifactType$R8_MAPPING_CONFIGURATION: loaded 2 times (x 74B)
Class com.android.manifmerger.ManifestModel$2                                         : loaded 2 times (x 78B)
Class com.android.build.gradle.internal.manifest.ManifestValueSource$Params_Decorated : loaded 2 times (x 130B)
Class org.jetbrains.kotlin.com.google.common.cache.LocalCache$SoftValueReference      : loaded 2 times (x 97B)
Class org.jetbrains.kotlin.com.google.common.cache.LocalCache$LoadingValueReference   : loaded 2 times (x 96B)
Class org.jetbrains.kotlin.com.google.common.cache.LocalCache$2                       : loaded 2 times (x 142B)
Class com.android.aaptcompiler.XmlProcessor$process$$inlined$sortedBy$1               : loaded 2 times (x 89B)
Class com.android.aapt.Resources$XmlNode$Builder                                      : loaded 2 times (x 304B)
Class [Lcom.android.aapt.ConfigurationOuterClass$Configuration$Orientation;           : loaded 2 times (x 69B)
Class com.android.aapt.ConfigurationOuterClass$Configuration$ScreenLayoutLong         : loaded 2 times (x 87B)
Class com.android.build.gradle.internal.res.Aapt2ErrorUtils                           : loaded 2 times (x 71B)
Class com.android.build.gradle.internal.dependency.VariantDependenciesBuilder         : loaded 2 times (x 82B)
Class com.android.ide.common.resources.SourceSet                                      : loaded 2 times (x 70B)
Class com.google.wireless.android.sdk.stats.GradleBuildProfileSpan$1                  : loaded 2 times (x 151B)
Class com.android.build.gradle.tasks.CompatibleScreensManifest_Decorated              : loaded 2 times (x 381B)
Class com.android.build.api.artifact.impl.InAndOutDirectoryOperationRequestImpl$Companion$initializeInput$1$1: loaded 2 times (x 75B)
Class com.sun.xml.bind.v2.runtime.reflect.DefaultTransducedAccessor                   : loaded 2 times (x 79B)
Class com.sun.xml.bind.v2.runtime.reflect.Lister$2                                    : loaded 2 times (x 77B)
Class javax.xml.bind.annotation.XmlAccessorType                                       : loaded 2 times (x 70B)
Class com.sun.xml.bind.v2.model.annotation.XmlTransientQuick                          : loaded 2 times (x 90B)
Class com.sun.xml.bind.v2.model.nav.ReflectionNavigator$2                             : loaded 2 times (x 81B)
Class com.sun.xml.bind.v2.model.impl.EnumLeafInfoImpl                                 : loaded 2 times (x 128B)
Class javax.xml.bind.ServiceLoaderUtil$ExceptionHandler                               : loaded 2 times (x 72B)
Class com.android.build.gradle.internal.publishing.AppVariantSpecBuilder              : loaded 2 times (x 90B)
Class com.android.build.gradle.internal.dependency.DexingOutputSplitTransform$Parameters_Decorated: loaded 2 times (x 135B)
Class com.android.build.gradle.internal.dependency.DexingOutputSplitTransform$Parameters: loaded 2 times (x 70B)
Class com.android.build.api.variant.impl.ManifestFilesImpl$allStatic$1                : loaded 2 times (x 74B)
Class com.android.build.gradle.internal.tasks.ApplicationTaskManager$createBundleTask$2: loaded 2 times (x 75B)
Class com.android.build.gradle.internal.tasks.creationconfig.DexMergingCreationConfigKt: loaded 2 times (x 71B)
Class org.jetbrains.kotlin.gradle.utils.StoredLazyProperty$getValue$1                 : loaded 2 times (x 79B)
Class org.jetbrains.kotlin.gradle.plugin.mpp.KotlinTargetWithBinaries                 : loaded 2 times (x 157B)
Class org.jetbrains.kotlin.gradle.plugin.ProjectLocalConfigurationsKt                 : loaded 2 times (x 71B)
Class [Lorg.jetbrains.kotlin.gradle.plugin.KotlinSourceSet;                           : loaded 2 times (x 69B)
Class org.jetbrains.kotlin.gradle.plugin.mpp.compilationImpl.factory.KotlinCompilationImplFactory: loaded 2 times (x 72B)
Class com.android.build.api.artifact.impl.TypedStorageProvider$getArtifact$2$1        : loaded 2 times (x 79B)
Class com.android.build.gradle.tasks.JavaPreCompileTask$CreationAction                : loaded 2 times (x 90B)
Class com.android.build.gradle.internal.publishing.AndroidArtifacts                   : loaded 2 times (x 71B)
Class com.android.build.gradle.internal.dependency.ConstraintHandler$checkConfigurationAlignments$1: loaded 2 times (x 75B)
Class com.android.build.gradle.internal.core.dsl.impl.features.OptimizationDslInfoImpl$mergeOptions$2: loaded 2 times (x 78B)
Class com.android.build.gradle.internal.dsl.MinSdkDelegate$minSdk$2$1                 : loaded 2 times (x 79B)
Class com.android.build.gradle.internal.core.SettingsOptionsKt                        : loaded 2 times (x 71B)
Class com.android.build.gradle.internal.dsl.BundleOptionsCodeTransparency$AgpDecorated: loaded 2 times (x 81B)
Class com.android.build.gradle.internal.api.artifact.SourceArtifactType$JAVA_RESOURCES: loaded 2 times (x 74B)
Class com.android.build.gradle.api.AndroidSourceFile                                  : loaded 2 times (x 70B)
Class org.objectweb.asm.commons.LocalVariablesSorter                                  : loaded 2 times (x 110B)
Class com.android.build.api.dsl.ViewBinding                                           : loaded 2 times (x 70B)
Class com.android.build.gradle.internal.dsl.DexPackagingImpl                          : loaded 2 times (x 70B)
Class com.android.build.gradle.internal.dsl.AssetPackBundleExtensionImpl              : loaded 2 times (x 70B)
Class com.android.build.gradle.internal.dsl.decorator.SupportedPropertyType$Var$String: loaded 2 times (x 74B)
Class org.jetbrains.kotlin.statistics.metrics.IMetricContainerFactory                 : loaded 2 times (x 70B)
Class org.jetbrains.kotlin.statistics.MetricValueValidationFailed                     : loaded 2 times (x 82B)
Class org.jetbrains.kotlin.gradle.plugin.PropertiesProvider$localProperties$2         : loaded 2 times (x 79B)
Class com.android.build.gradle.internal.services.BuiltInKotlinServicesKt$failIfIncompatiblePluginsArePresent$3: loaded 2 times (x 74B)
Class com.android.build.gradle.internal.services.BuiltInKotlinServices$AvailabilityReason: loaded 2 times (x 70B)
Class com.android.prefs.PathLocator                                                   : loaded 2 times (x 73B)
Class com.android.build.api.attributes.AgpVersionAttr                                 : loaded 2 times (x 70B)
Class com.android.build.gradle.internal.profile.NoOpAnalyticsConfiguratorService      : loaded 2 times (x 82B)
Class com.google.gson.JsonParseException                                              : loaded 2 times (x 82B)
Class com.android.tools.analytics.AnalyticsSettingsData$DataTypeAdapter               : loaded 2 times (x 73B)
Class com.android.build.gradle.internal.variant.ApkVariantData                        : loaded 2 times (x 72B)
Class com.google.common.hash.Hashing                                                  : loaded 2 times (x 71B)
Class org.jetbrains.kotlin.incremental.storage.InlineFunctionExternalizer             : loaded 2 times (x 75B)
Class org.jetbrains.kotlin.metadata.ProtoBuf$AnnotationOrBuilder                      : loaded 2 times (x 70B)
Class org.jetbrains.kotlin.com.intellij.openapi.diagnostic.Logger$Factory             : loaded 2 times (x 70B)
Class org.jetbrains.kotlin.protobuf.WireFormat$FieldType                              : loaded 2 times (x 83B)
Class org.jetbrains.kotlin.load.kotlin.FileBasedKotlinClass                           : loaded 2 times (x 88B)
Class org.jetbrains.kotlin.buildtools.internal.ClasspathEntrySnapshotImpl             : loaded 2 times (x 76B)
Class org.gradle.kotlin.dsl.TestImplementationConfigurationAccessorsKt                : loaded 2 times (x 71B)
Class org.jetbrains.kotlin.daemon.common.OSKind$Companion                             : loaded 2 times (x 71B)
Class org.jetbrains.kotlin.daemon.common.PropMapper                                   : loaded 2 times (x 74B)
Class org.jetbrains.kotlin.com.google.common.util.concurrent.AbstractFuture$TrustedFuture: loaded 2 times (x 114B)
Class org.jetbrains.kotlin.com.google.common.cache.LocalCache$AbstractReferenceEntry  : loaded 2 times (x 107B)
Class com.google.common.cache.CacheBuilderSpec$DurationParser                         : loaded 2 times (x 76B)
Class org.jetbrains.kotlin.build.report.metrics.BuildMetricsReporterImpl              : loaded 2 times (x 98B)
Class com.sun.xml.bind.v2.runtime.unmarshaller.Patcher                                : loaded 2 times (x 70B)
Class com.sun.xml.bind.v2.model.nav.ReflectionNavigator$3                             : loaded 2 times (x 77B)
Class com.sun.xml.bind.v2.model.annotation.XmlValueQuick                              : loaded 2 times (x 90B)
Class com.sun.istack.Pool                                                             : loaded 2 times (x 70B)
Class com.android.repository.impl.generated.v2.ArchivesType                           : loaded 2 times (x 75B)
Class com.android.build.gradle.internal.FileExistsValueSource$Params                  : loaded 2 times (x 70B)
Class com.android.repository.Revision$PreviewComparison                               : loaded 2 times (x 79B)
Class com.android.build.gradle.internal.ide.FilterDataImpl                            : loaded 2 times (x 80B)
Class com.android.build.gradle.internal.dependency.AarToClassTransform$Companion      : loaded 2 times (x 71B)
Class com.android.build.gradle.internal.scope.InternalArtifactType$ANALYZE_DEPENDENCIES_REPORT: loaded 2 times (x 74B)
Class com.android.build.gradle.internal.HostTestTaskManager$setupAssembleTasks$1      : loaded 2 times (x 75B)
Class com.android.build.gradle.internal.testing.utp.UtpTestUtilsKt$maybeCreateUtpConfigurations$1$1: loaded 2 times (x 74B)
Class com.android.build.gradle.internal.tasks.ExtractVersionControlInfoTask$CreationAction$handleProvider$1: loaded 2 times (x 127B)
Class com.android.build.gradle.internal.tasks.PackageBundleTask$CreationAction$handleProvider$1: loaded 2 times (x 127B)
Class com.android.build.gradle.internal.tasks.DexFileDependenciesTask$CreationAction$handleProvider$1: loaded 2 times (x 127B)
Class com.android.build.gradle.tasks.KotlinCompileCreationAction                      : loaded 2 times (x 76B)
Class com.android.build.gradle.internal.scope.InternalArtifactType$SYMBOL_LIST_WITH_PACKAGE_NAME: loaded 2 times (x 74B)
Class com.android.build.gradle.internal.scope.InternalArtifactType$MERGED_MANIFESTS   : loaded 2 times (x 74B)
Class com.android.build.gradle.internal.VariantManager$createVariantsFromCombination$variantExtensionConfig$1: loaded 2 times (x 78B)
Class com.android.build.gradle.internal.core.dsl.impl.features.AndroidResourcesDslInfoImpl: loaded 2 times (x 81B)
Class com.android.build.api.component.impl.DeviceTestImpl$dexing$2                    : loaded 2 times (x 79B)
Class com.android.build.gradle.internal.core.dsl.ComponentDslInfo$DslDefinedDeviceTest: loaded 2 times (x 72B)
Class com.android.build.gradle.internal.lint.LintTaskManager$createBeforeEvaluateLintTasks$1: loaded 2 times (x 75B)
Class com.android.build.gradle.internal.lint.LintTaskManager$Companion                : loaded 2 times (x 71B)
Class com.android.build.gradle.internal.crash.ExternalApiUsageException               : loaded 2 times (x 82B)
Class [Lcom.android.build.api.variant.ScopedArtifacts$Scope;                          : loaded 2 times (x 69B)
Class com.android.build.gradle.api.ApplicationVariant                                 : loaded 2 times (x 70B)
Class com.android.build.gradle.internal.dsl.BundleOptionsCountrySet$AgpDecorated      : loaded 2 times (x 85B)
Class com.android.build.gradle.internal.dsl.EmulatorControl$AgpDecorated              : loaded 2 times (x 88B)
Class com.android.build.api.dsl.MinSdkSpec                                            : loaded 2 times (x 70B)
Class com.android.build.gradle.internal.dsl.JUnitEngineSpecImpl                       : loaded 2 times (x 84B)
Class com.android.build.gradle.internal.dsl.ApplicationPublishingImpl                 : loaded 2 times (x 81B)
Class org.jetbrains.kotlin.gradle.utils.WhenPluginEnabledKt$whenPluginsEnabled$1      : loaded 2 times (x 75B)
Class org.jetbrains.kotlin.gradle.tasks.AbstractKotlinCompileTool                     : loaded 2 times (x 363B)
Class org.jetbrains.kotlin.gradle.internal.report.BuildScanApi                        : loaded 2 times (x 70B)
Class org.jetbrains.kotlin.gradle.plugin.statistics.FlowActionBuildFusService$Companion$registerIfAbsentImpl$1$1: loaded 2 times (x 74B)
Class [Lorg.jetbrains.kotlin.gradle.report.BuildReportType;                           : loaded 2 times (x 69B)
Class org.jetbrains.kotlin.gradle.plugin.statistics.KotlinBuildStatsConfiguration     : loaded 2 times (x 72B)
Class org.jetbrains.kotlin.gradle.internal.properties.PropertiesBuildService$localProperties$2: loaded 2 times (x 79B)
Class com.android.build.gradle.internal.errors.IncompatibleProjectOptionsReporter     : loaded 2 times (x 71B)
Class com.google.wireless.android.sdk.stats.GradleBuildVariantOrBuilder               : loaded 2 times (x 70B)
Class com.android.build.gradle.internal.profile.AnalyticsService$Params_Decorated     : loaded 2 times (x 151B)
Class com.android.sdklib.AndroidVersion                                               : loaded 2 times (x 75B)
Class com.android.build.api.variant.GeneratesApkBuilder                               : loaded 2 times (x 70B)
Class com.android.Version                                                             : loaded 2 times (x 71B)
Class com.google.common.collect.Maps$EntryFunction                                    : loaded 2 times (x 91B)
Class jdk.internal.jimage.ImageBufferCache                                            : loaded 2 times (x 71B)
Class jdk.internal.jrtfs.JrtPath                                                      : loaded 2 times (x 118B)
Class org.gradle.internal.classloader.ClasspathUtil                                   : loaded 2 times (x 71B)
Class org.jetbrains.kotlin.metadata.ProtoBuf$TypeAlias                                : loaded 2 times (x 140B)
Class [Lorg.jetbrains.kotlin.metadata.ProtoBuf$TypeParameter$Variance;                : loaded 2 times (x 69B)
Class org.jetbrains.kotlin.metadata.jvm.deserialization.JvmMemberSignature            : loaded 2 times (x 74B)
Class org.jetbrains.kotlin.metadata.ProtoBuf$Constructor                              : loaded 2 times (x 130B)
Class org.jetbrains.kotlin.inline.InlineUtilKt$WhenMappings                           : loaded 2 times (x 71B)
Class org.jetbrains.kotlin.load.kotlin.header.KotlinClassHeader$Kind                  : loaded 2 times (x 79B)
Class org.jetbrains.kotlin.load.kotlin.KotlinJvmBinaryClass$AnnotationArgumentVisitor : loaded 2 times (x 70B)
Class kotlin.io.FileSystemException                                                   : loaded 2 times (x 82B)
Class com.android.build.gradle.internal.scope.InternalArtifactType$VERIFIED_LIBRARY_RESOURCES: loaded 2 times (x 74B)
Class com.android.manifmerger.FeatureFlag                                             : loaded 2 times (x 72B)
Class com.android.manifmerger.ManifestMerger2$AutoAddingProperty                      : loaded 2 times (x 70B)
Class com.android.build.api.variant.impl.BuiltArtifactsTypeAdapter                    : loaded 2 times (x 82B)
Class org.jetbrains.kotlin.cli.common.arguments.ParseCommandLineArgumentsKt           : loaded 2 times (x 71B)
Class org.jetbrains.kotlin.gradle.dsl.KotlinCommonCompilerOptionsExtensionsKt$usesK2$1: loaded 2 times (x 74B)
Class com.android.aapt.ConfigurationOuterClass$Configuration$Hdr                      : loaded 2 times (x 87B)
Class [Lcom.android.aaptcompiler.android.ResValue$DataType;                           : loaded 2 times (x 69B)
Class com.android.aaptcompiler.ExtractedPackage                                       : loaded 2 times (x 72B)
Class com.google.common.collect.Maps$3                                                : loaded 2 times (x 82B)
Class com.android.utils.PositionXmlParser$SaxParserFactoryFunction                    : loaded 2 times (x 70B)
Class com.google.wireless.android.sdk.stats.GradleBuildProfileSpan$Builder            : loaded 2 times (x 316B)
Class com.android.build.gradle.internal.EmulatorComponents$Companion                  : loaded 2 times (x 71B)
Class com.sun.xml.bind.v2.runtime.property.UnmarshallerChain                          : loaded 2 times (x 72B)
Class com.sun.istack.SAXException2                                                    : loaded 2 times (x 83B)
Class com.sun.xml.bind.v2.runtime.unmarshaller.TextLoader                             : loaded 2 times (x 78B)
Class com.sun.xml.bind.v2.TODO                                                        : loaded 2 times (x 71B)
Class com.sun.xml.bind.v2.model.runtime.RuntimeElementPropertyInfo                    : loaded 2 times (x 70B)
Class com.sun.xml.bind.v2.model.nav.ReflectionNavigator$4                             : loaded 2 times (x 77B)
Class com.sun.xml.bind.v2.model.impl.RuntimeBuiltinLeafInfoImpl$20                    : loaded 2 times (x 136B)
Class com.android.sdklib.repository.generated.sysimg.v2.ObjectFactory                 : loaded 2 times (x 75B)
Class com.android.build.gradle.internal.SdkComponentsBuildService$VersionedSdkLoader$additionalLibrariesProvider$1: loaded 2 times (x 75B)
Class com.android.build.gradle.internal.GradleLocalPropertiesFactory                  : loaded 2 times (x 71B)
Class com.android.build.gradle.internal.tasks.factory.BootClasspathConfigImpl$bootClasspath$2$1: loaded 2 times (x 127B)
Class com.android.build.gradle.internal.HostTestTaskManager$setupAssembleTasks$2      : loaded 2 times (x 75B)
Class com.android.build.api.component.impl.DefaultSourcesProviderImpl$defaultJavaSources$1: loaded 2 times (x 78B)
Class com.android.build.gradle.internal.tasks.DexFileDependenciesTask$CreationAction$handleProvider$2: loaded 2 times (x 127B)
Class com.android.build.gradle.internal.scope.InternalArtifactType$PROJECT_DEX_ARCHIVE: loaded 2 times (x 74B)
Class org.jetbrains.kotlin.gradle.utils.StringUtilsKt$lowerCamelCaseName$1            : loaded 2 times (x 125B)
Class org.jetbrains.kotlin.gradle.plugin.mpp.compilationImpl.DefaultKotlinCompilationFriendPathsResolver$DefaultFriendArtifactResolver: loaded 2 times (x 74B)
Class org.jetbrains.kotlin.gradle.dsl.KotlinCompile                                   : loaded 2 times (x 70B)
Class com.android.build.gradle.tasks.KotlinCompileCreationAction$getTaskProvider$1    : loaded 2 times (x 79B)
Class com.android.build.gradle.internal.component.ComponentBasedBuiltInKotlinCreationConfig$kaptSourceOutputDir$2: loaded 2 times (x 79B)
Class com.android.build.gradle.tasks.ManifestProcessorTask                            : loaded 2 times (x 331B)
Class com.android.build.gradle.internal.VariantManager$createVariantsFromCombination$8: loaded 2 times (x 79B)
Class com.android.build.api.variant.impl.MetadataRecord                               : loaded 2 times (x 72B)
Class com.android.build.gradle.internal.component.features.AndroidResourcesCreationConfig: loaded 2 times (x 70B)
Class com.android.build.gradle.internal.dsl.ApplicationExtensionImpl$sam$org_gradle_api_Action$0: loaded 2 times (x 75B)
Class com.google.common.base.Charsets                                                 : loaded 2 times (x 71B)
Class com.android.build.gradle.internal.dsl.ApplicationPublishingImpl$AgpDecorated_Decorated: loaded 2 times (x 130B)
Class com.android.build.api.dsl.ComposeOptions                                        : loaded 2 times (x 70B)
Class com.android.build.gradle.internal.dsl.NdkOptions$DebugSymbolLevel               : loaded 2 times (x 79B)
Class com.android.build.api.variant.AnnotationProcessor                               : loaded 2 times (x 70B)
Class com.android.build.api.dsl.VectorDrawables                                       : loaded 2 times (x 70B)
Class com.android.build.gradle.internal.dsl.ViewBindingOptionsImpl                    : loaded 2 times (x 84B)
Class com.android.build.gradle.internal.dsl.ResourcesPackagingImpl                    : loaded 2 times (x 82B)
Class com.android.build.gradle.internal.dsl.BundleOptions                             : loaded 2 times (x 135B)
Class com.android.build.gradle.internal.services.BuiltInKotlinServicesKt$initBuiltInKotlinSupportIfRequired$3: loaded 2 times (x 75B)
Class org.jetbrains.kotlin.gradle.dsl.JvmTarget$Companion                             : loaded 2 times (x 71B)
Class org.jetbrains.kotlin.gradle.internal.properties.NativePropertiesLoader$downloadFromMaven$1: loaded 2 times (x 75B)
Class org.jetbrains.kotlin.gradle.plugin.internal.DefaultConfigurationCacheStartParameterAccessor_Decorated: loaded 2 times (x 121B)
Class org.jetbrains.kotlin.gradle.plugin.internal.DefaultConfigurationCacheStartParameterAccessor: loaded 2 times (x 77B)
Class org.jetbrains.kotlin.tooling.core.HasExtras                                     : loaded 2 times (x 70B)
Class com.android.build.gradle.internal.SdkComponentsBuildService$Parameters          : loaded 2 times (x 70B)
Class com.android.build.gradle.internal.services.AndroidLocationsBuildService$androidLocations$1$1: loaded 2 times (x 75B)
Class com.android.build.gradle.options.FeatureStage$Supported                         : loaded 2 times (x 72B)
Class com.google.common.util.concurrent.MoreExecutors                                 : loaded 2 times (x 71B)
Class com.android.builder.model.v2.ide.ProjectType                                    : loaded 2 times (x 79B)
Class kotlin.jvm.internal.DefaultConstructorMarker                                    : loaded 2 times (x 71B)
Class org.jetbrains.kotlin.resolve.scopes.receivers.ReceiverValue                     : loaded 2 times (x 70B)
Class org.jetbrains.kotlin.incremental.storage.IntExternalizer                        : loaded 2 times (x 75B)
Class org.jetbrains.kotlin.metadata.jvm.JvmProtoBuf$JvmMethodSignature$Builder        : loaded 2 times (x 134B)
Class org.jetbrains.kotlin.metadata.ProtoBuf$VersionRequirementTableOrBuilder         : loaded 2 times (x 70B)
Class org.jetbrains.kotlin.metadata.jvm.JvmProtoBuf$JvmFieldSignatureOrBuilder        : loaded 2 times (x 70B)
Class org.jetbrains.org.objectweb.asm.ModuleVisitor                                   : loaded 2 times (x 81B)
Class [Lcom.android.manifmerger.ManifestSystemProperty$Application;                   : loaded 2 times (x 69B)
Class org.jetbrains.kotlin.statistics.metrics.ConcatMetricContainer$Companion         : loaded 2 times (x 71B)
Class org.jetbrains.kotlin.com.google.common.util.concurrent.internal.InternalFutureFailureAccess: loaded 2 times (x 72B)
Class org.jetbrains.kotlin.com.google.common.cache.RemovalListener                    : loaded 2 times (x 70B)
Class [Lcom.android.aapt.ConfigurationOuterClass$Configuration$NavHidden;             : loaded 2 times (x 69B)
Class com.android.aapt.ConfigurationOuterClass$Configuration$Touchscreen              : loaded 2 times (x 87B)
Class com.android.aaptcompiler.android.ResTableConfig                                 : loaded 2 times (x 77B)
Class com.google.common.collect.AbstractMapBasedMultimap$WrappedSet                   : loaded 2 times (x 142B)
Class com.android.ide.common.symbols.SymbolTable$SymbolTableImpl                      : loaded 2 times (x 74B)
Class com.android.ide.common.symbols.Symbol$Companion                                 : loaded 2 times (x 71B)
Class com.android.manifmerger.ManifestMerger2$Invoker                                 : loaded 2 times (x 95B)
Class [Lcom.sun.xml.bind.v2.model.core.PropertyInfo;                                  : loaded 2 times (x 69B)
Class com.sun.xml.bind.v2.model.nav.ReflectionNavigator$5                             : loaded 2 times (x 77B)
Class com.sun.xml.bind.v2.model.impl.RuntimeBuiltinLeafInfoImpl$21                    : loaded 2 times (x 136B)
Class com.sun.xml.bind.v2.model.runtime.RuntimeTypeInfo                               : loaded 2 times (x 70B)
Class com.android.sdklib.repository.IdDisplay                                         : loaded 2 times (x 80B)
Class com.android.builder.model.SyncIssue                                             : loaded 2 times (x 70B)
Class com.android.build.gradle.internal.scope.InternalArtifactType$SOURCE_JAR         : loaded 2 times (x 74B)
Class com.android.build.api.variant.impl.DirectoryEntry$Kind                          : loaded 2 times (x 79B)
Class com.android.build.api.variant.impl.FlatSourceDirectoriesImpl                    : loaded 2 times (x 93B)
Class org.jetbrains.kotlin.konan.target.HostManager$Companion                         : loaded 2 times (x 71B)
Class com.android.build.gradle.internal.scope.InternalArtifactType$COMPILE_SYMBOL_LIST: loaded 2 times (x 74B)
Class com.android.build.api.artifact.impl.InAndOutDirectoryOperationRequestImpl$Companion$initializeInput$1: loaded 2 times (x 75B)
Class com.android.build.gradle.internal.core.dsl.HostTestComponentDslInfo             : loaded 2 times (x 70B)
Class [Lcom.android.build.api.variant.VariantOutputConfiguration$OutputType;          : loaded 2 times (x 69B)
Class com.android.build.api.component.impl.AnnotationProcessorImpl                    : loaded 2 times (x 77B)
Class com.android.build.api.variant.impl.PackagingImpl                                : loaded 2 times (x 80B)
Class [Lcom.android.build.gradle.internal.profile.ProfilingMode;                      : loaded 2 times (x 69B)
Class com.android.build.gradle.internal.dsl.TargetSdkVersionImpl                      : loaded 2 times (x 76B)
Class com.android.build.gradle.internal.TaskManager$ConfigAttrTask                    : loaded 2 times (x 312B)
Class com.android.builder.core.AbstractBuildType$Companion                            : loaded 2 times (x 71B)
Class com.android.builder.testing.api.TestServer                                      : loaded 2 times (x 74B)
Class com.android.build.gradle.internal.dsl.ShaderOptions_Decorated                   : loaded 2 times (x 131B)
Class com.android.build.gradle.internal.tasks.AppClasspathCheckTask$CreationAction    : loaded 2 times (x 90B)
Class com.android.build.api.dsl.KmpOptimization                                       : loaded 2 times (x 70B)
Class com.android.build.gradle.internal.dsl.decorator.SupportedPropertyType$Var       : loaded 2 times (x 74B)
Class com.android.builder.signing.DefaultSigningConfig                                : loaded 2 times (x 109B)
Class org.jetbrains.kotlin.gradle.utils.GradleConfigurationUtilsKt$addGradlePluginMetadataAttributes$1: loaded 2 times (x 75B)
Class org.jetbrains.kotlin.gradle.plugin.internal.DefaultProjectIsolationStartParameterAccessor: loaded 2 times (x 77B)
Class org.jetbrains.kotlin.gradle.dsl.KotlinAndroidExtension                          : loaded 2 times (x 70B)
Class org.jetbrains.kotlin.gradle.plugin.KaptExtension                                : loaded 2 times (x 136B)
Class org.jetbrains.kotlin.gradle.plugin.AbstractKotlinMultiplatformPluginWrapper     : loaded 2 times (x 86B)
Class com.android.build.gradle.internal.services.LintClassLoaderBuildService$RegistrationAction: loaded 2 times (x 74B)
Class com.android.build.gradle.internal.utils.GradleEnvironmentProvider               : loaded 2 times (x 70B)
Class [Lcom.google.wireless.android.sdk.stats.GradleBuildProfileSpan$ExecutionType;   : loaded 2 times (x 69B)
Class com.android.tools.analytics.HostData$garbageCollectorBeans$2                    : loaded 2 times (x 78B)
Class com.android.build.gradle.internal.utils.AnalyticsSettingsUtils$analyticsEnabledProvider$1: loaded 2 times (x 74B)
Class com.android.build.gradle.tasks.ExtractDeepLinksTask$BaseCreationAction          : loaded 2 times (x 93B)
Class com.android.utils.Environment$Companion$SYSTEM$1                                : loaded 2 times (x 74B)
Class com.android.build.gradle.internal.TaskManager                                   : loaded 2 times (x 82B)
Class com.android.build.gradle.AppPluginKt                                            : loaded 2 times (x 71B)
Class org.gradle.accessors.dm.LibrariesForLibsInPluginsBlock$AndroidxLifecycleRuntimeLibraryAccessors: loaded 2 times (x 77B)
Class com.google.common.io.CharSource                                                 : loaded 2 times (x 85B)
Class org.gradle.api.specs.Spec                                                       : loaded 2 times (x 70B)
Class org.jetbrains.kotlin.descriptors.DelegatedDescriptorVisibility                  : loaded 2 times (x 79B)
Class org.jetbrains.kotlin.serialization.deserialization.ProtoEnumFlagsUtilsKt$WhenMappings: loaded 2 times (x 71B)
Class org.jetbrains.kotlin.incremental.storage.MapExternalizer                        : loaded 2 times (x 80B)
Class org.jetbrains.kotlin.load.kotlin.header.KotlinClassHeader                       : loaded 2 times (x 72B)
Class org.jetbrains.kotlin.name.Name                                                  : loaded 2 times (x 75B)
Class com.android.build.gradle.internal.scope.InternalArtifactType$FEATURE_DEX        : loaded 2 times (x 74B)
Class [Lcom.android.manifmerger.MergeType;                                            : loaded 2 times (x 69B)
Class org.jetbrains.kotlin.daemon.common.CompilationOptions                           : loaded 2 times (x 72B)
Class org.jetbrains.kotlin.compilerRunner.GradleCompilerRunnerWithWorkers$GradleKotlinCompilerWorkParameters$Inject_: loaded 2 times (x 112B)
Class org.jetbrains.kotlin.gradle.internal.tasks.TaskWithLocalStateKt                 : loaded 2 times (x 71B)
Class org.jetbrains.kotlin.com.google.common.util.concurrent.AbstractFuture$SetFuture : loaded 2 times (x 75B)
Class com.android.build.gradle.internal.dependency.VariantDependencies$Companion$WhenMappings: loaded 2 times (x 71B)
Class org.jetbrains.kotlin.gradle.tasks.KotlinCompile$disableMultiModuleIC$2          : loaded 2 times (x 79B)
Class org.jetbrains.kotlin.gradle.tasks.GradleCompileTaskProviderKt                   : loaded 2 times (x 71B)
Class com.android.build.gradle.internal.signing.SigningConfigDataProvider$Companion   : loaded 2 times (x 71B)
Class com.android.build.gradle.internal.scope.InternalArtifactType$DATA_BINDING_BASE_CLASS_SOURCE_OUT: loaded 2 times (x 74B)
Class com.google.gson.internal.sql.SqlDateTypeAdapter                                 : loaded 2 times (x 74B)
Class com.android.sdklib.repository.generated.addon.v3.ExtraDetailsType               : loaded 2 times (x 85B)
Class com.sun.xml.bind.v2.model.impl.RuntimeBuiltinLeafInfoImpl$22                    : loaded 2 times (x 136B)
Class com.sun.xml.bind.v2.model.nav.ReflectionNavigator$6                             : loaded 2 times (x 81B)
Class com.android.sdklib.BuildToolInfo$PathId                                         : loaded 2 times (x 79B)
Class com.android.build.gradle.internal.dependency.BaseDexingTransform$Parameters     : loaded 2 times (x 70B)
Class com.android.build.gradle.internal.dependency.AarToClassTransform$Inject_1       : loaded 2 times (x 109B)
Class com.android.build.gradle.internal.tasks.CheckJetifierTask                       : loaded 2 times (x 323B)
Class com.android.build.api.variant.ManifestFiles                                     : loaded 2 times (x 70B)
Class com.android.build.gradle.internal.lint.LintModelWriterTask$Companion$registerOutputArtifacts$1: loaded 2 times (x 127B)
Class com.android.build.api.variant.LibraryVariant                                    : loaded 2 times (x 70B)
Class com.android.build.gradle.internal.tasks.GlobalSyntheticsMergeTask$CreationAction$handleProvider$1: loaded 2 times (x 127B)
Class com.android.build.gradle.internal.scope.InternalArtifactType$INTERMEDIARY_BUNDLE: loaded 2 times (x 74B)
Class org.jetbrains.kotlin.gradle.plugin.mpp.compilationImpl.KotlinCompilationImpl$Params: loaded 2 times (x 72B)
Class com.android.build.gradle.tasks.KotlinTaskCreationAction$registerTask$1          : loaded 2 times (x 75B)
Class org.jetbrains.kotlin.gradle.tasks.configuration.BaseKotlinCompileConfig$Companion: loaded 2 times (x 71B)
Class com.android.build.api.variant.ResourcesPackaging                                : loaded 2 times (x 70B)
Class com.android.build.gradle.internal.tasks.creationconfig.ProcessJavaResCreationConfig: loaded 2 times (x 70B)
Class com.android.build.gradle.internal.VariantTaskManager$checkMultidexDependency$1  : loaded 2 times (x 78B)
Class com.android.build.gradle.internal.tasks.factory.TaskConfigAction                : loaded 2 times (x 70B)
Class com.android.build.gradle.internal.dsl.AndroidTestImpl$AgpDecorated_Decorated    : loaded 2 times (x 125B)
Class com.android.build.gradle.internal.ide.v2.NativeModelBuilder$configurationModels$2: loaded 2 times (x 79B)
Class com.android.build.api.artifact.impl.ScopedArtifactsImpl                         : loaded 2 times (x 75B)
Class com.android.build.api.artifact.impl.ArtifactsImpl                               : loaded 2 times (x 81B)
Class com.android.build.gradle.internal.core.ToolExecutionOptions                     : loaded 2 times (x 72B)
Class com.android.build.gradle.LintLifecycleExtensionImpl                             : loaded 2 times (x 80B)
Class com.android.build.gradle.internal.api.artifact.SourceArtifactType$JNI_LIBS      : loaded 2 times (x 74B)
Class com.android.build.gradle.internal.dsl.CoreShaderOptions                         : loaded 2 times (x 70B)
Class com.android.build.gradle.internal.dsl.decorator.SupportedPropertyType$Var$Custom: loaded 2 times (x 74B)
Class com.android.build.gradle.internal.dsl.AgpDslLockedException                     : loaded 2 times (x 82B)
Class com.android.build.gradle.internal.plugins.BasePlugin$variantInputModel$2$1      : loaded 2 times (x 79B)
Class org.jetbrains.kotlin.gradle.targets.native.toolchain.KotlinNativeBundleBuildService$Companion$registerIfAbsent$2$1: loaded 2 times (x 79B)
Class org.jetbrains.kotlin.build.report.metrics.GradleBuildPerformanceMetric$Companion: loaded 2 times (x 71B)
Class org.jetbrains.kotlin.gradle.plugin.statistics.KotlinBuildStatsBeanService       : loaded 2 times (x 87B)
Class org.jetbrains.kotlin.gradle.plugin.internal.MavenPublicationComponentAccessor$Factory: loaded 2 times (x 70B)
Class com.android.build.gradle.internal.services.Aapt2DaemonBuildService              : loaded 2 times (x 80B)
Class com.android.build.gradle.internal.ide.v2.GlobalSyncService                      : loaded 2 times (x 80B)
Class [Lcom.google.protobuf.ProtocolMessageEnum;                                      : loaded 2 times (x 69B)
Class com.google.protobuf.LazyStringArrayList                                         : loaded 2 times (x 314B)
Class com.android.build.gradle.internal.scope.ProjectInfo                             : loaded 2 times (x 72B)
Class com.android.build.gradle.internal.tasks.ModuleMetadataWriterTask$CreationAction$handleProvider$1: loaded 2 times (x 127B)
Class com.android.build.api.variant.HasAndroidResources                               : loaded 2 times (x 70B)
Class com.android.build.gradle.internal.component.VariantCreationConfig               : loaded 2 times (x 70B)
Class com.android.build.api.variant.VariantBuilder                                    : loaded 2 times (x 70B)
Class com.android.build.gradle.internal.dsl.InternalApplicationExtension              : loaded 2 times (x 70B)
Class com.google.common.hash.Hashing$ChecksumType$1                                   : loaded 2 times (x 88B)
Class jdk.internal.jimage.ImageReader$SharedImageReader$LocationVisitor               : loaded 2 times (x 70B)
Class org.jetbrains.kotlin.incremental.KotlinClassInfo$ExtraInfo                      : loaded 2 times (x 72B)
Class org.jetbrains.kotlin.metadata.deserialization.Flags                             : loaded 2 times (x 71B)
Class org.jetbrains.kotlin.metadata.ProtoBuf$TypeTable$1                              : loaded 2 times (x 144B)
Class org.jetbrains.org.objectweb.asm.Symbol                                          : loaded 2 times (x 73B)
Class com.android.build.gradle.internal.workeractions.WorkerActionServiceRegistry$RegisteredService: loaded 2 times (x 70B)
Class com.android.build.gradle.internal.scope.InternalArtifactType$MANAGED_DEVICE_CODE_COVERAGE: loaded 2 times (x 74B)
Class com.android.manifmerger.PlaceholderHandler                                      : loaded 2 times (x 71B)
Class [Lcom.android.manifmerger.ManifestMerger2$Invoker$Feature;                      : loaded 2 times (x 69B)
Class org.jetbrains.kotlin.com.google.common.base.Suppliers$SupplierOfInstance        : loaded 2 times (x 79B)
Class com.android.aapt.Resources$FileReference$Type                                   : loaded 2 times (x 87B)
Class com.android.ide.common.symbols.SymbolTable$Companion                            : loaded 2 times (x 71B)
Class com.android.ide.common.resources.DataSet                                        : loaded 2 times (x 113B)
Class com.android.ide.common.resources.ResourceMerger                                 : loaded 2 times (x 101B)
Class org.jetbrains.kotlin.gradle.tasks.configuration.AbstractKotlinCompileConfig$1$1 : loaded 2 times (x 74B)
Class org.jetbrains.kotlin.gradle.tasks.KotlinCompile$kotlinOptions$1                 : loaded 2 times (x 79B)
Class com.android.build.gradle.internal.res.LinkApplicationAndroidResourcesTask$BaseCreationAction$configure$1: loaded 2 times (x 74B)
Class com.sun.xml.bind.v2.model.nav.ParameterizedTypeImpl                             : loaded 2 times (x 85B)
Class com.sun.xml.bind.v2.runtime.reflect.Accessor$GetterSetterReflection             : loaded 2 times (x 85B)
Class com.sun.xml.bind.v2.model.impl.RuntimeBuiltinLeafInfoImpl$23                    : loaded 2 times (x 136B)
Class javax.activation.DataHandler                                                    : loaded 2 times (x 92B)
Class com.sun.xml.bind.v2.model.runtime.RuntimeTypeInfoSet                            : loaded 2 times (x 70B)
Class com.sun.xml.bind.v2.model.impl.TypeInfoSetImpl                                  : loaded 2 times (x 111B)
Class javax.xml.bind.JAXBException                                                    : loaded 2 times (x 85B)
Class com.android.repository.api.RepoPackage                                          : loaded 2 times (x 70B)
Class org.jetbrains.kotlin.gradle.plugin.statistics.DaemonReuseCounter                : loaded 2 times (x 76B)
Class com.android.build.gradle.internal.dependency.CollectClassesTransform$Inject_1   : loaded 2 times (x 109B)
Class com.android.build.gradle.internal.dependency.PlatformAttrTransform$Inject_1     : loaded 2 times (x 109B)
Class [Lcom.android.build.gradle.internal.SdkLibDataFactory$Environment$SystemProperty;: loaded 2 times (x 69B)
Class com.android.build.gradle.tasks.AnalyzeDependenciesTask$CreationAction$handleProvider$1: loaded 2 times (x 127B)
Class com.android.build.gradle.internal.lint.LintModelWriterTask$Companion$registerOutputArtifacts$2: loaded 2 times (x 127B)
Class com.android.build.gradle.internal.testing.utp.UtpTestUtilsKt                    : loaded 2 times (x 71B)
Class com.android.build.gradle.internal.test.TestDataImpl$libraryType$1               : loaded 2 times (x 79B)
Class com.android.build.api.variant.impl.ManifestFilesImpl$addSource$1                : loaded 2 times (x 75B)
Class org.jetbrains.kotlin.tooling.core.ExtrasLazyProperty                            : loaded 2 times (x 70B)
Class org.jetbrains.kotlin.gradle.utils.StringUtilsKt                                 : loaded 2 times (x 71B)
Class com.android.build.gradle.internal.VariantTaskManager$checkMultidexDependency$2  : loaded 2 times (x 78B)
Class com.android.build.gradle.internal.HostTestTaskManager                           : loaded 2 times (x 82B)
Class com.android.build.api.variant.impl.AndroidResourcesImplKt                       : loaded 2 times (x 71B)
Class com.android.build.gradle.internal.core.dsl.impl.InstrumentedTestDslInfoImpl$functionalTest$2: loaded 2 times (x 74B)
Class com.android.build.VariantOutput$FilterType                                      : loaded 2 times (x 79B)
Class com.android.build.gradle.internal.variant.VariantPathHelper$apkLocation$2       : loaded 2 times (x 79B)
Class com.android.build.api.attributes.BuildTypeAttr$ImplFactory                      : loaded 2 times (x 75B)
Class com.android.builder.errors.IssueReporter$Type                                   : loaded 2 times (x 79B)
Class com.android.build.api.variant.AndroidResourcesBuilder                           : loaded 2 times (x 70B)
Class com.android.build.gradle.api.AndroidBasePlugin                                  : loaded 2 times (x 74B)
Class com.android.build.gradle.internal.plugins.AppPlugin$ApplicationAndroidComponentsExtensionImplCompat_Decorated: loaded 2 times (x 162B)
Class com.android.build.gradle.internal.dsl.AbiSplitOptions$AgpDecorated              : loaded 2 times (x 98B)
Class com.android.build.api.artifact.Artifact$Category                                : loaded 2 times (x 79B)
Class com.android.build.gradle.internal.dsl.FusedLibraryExtensionImpl                 : loaded 2 times (x 104B)
Class com.android.build.gradle.internal.dsl.BundleOptionsAiModelVersion               : loaded 2 times (x 81B)
Class com.android.build.api.dsl.Publishing                                            : loaded 2 times (x 70B)
Class com.android.build.api.dsl.TargetSdkVersion                                      : loaded 2 times (x 70B)
Class org.jetbrains.kotlin.gradle.utils.CompletableFuture                             : loaded 2 times (x 70B)
Class org.jetbrains.kotlin.build.report.metrics.BuildPerformanceMetric                : loaded 2 times (x 70B)
Class [Lorg.jetbrains.kotlin.statistics.metrics.StringOverridePolicy;                 : loaded 2 times (x 69B)
Class org.jetbrains.kotlin.gradle.plugin.internal.JavaExecTaskParametersCompatibility : loaded 2 times (x 70B)
Class [Lcom.android.build.gradle.internal.profile.AnalyticsConfiguratorService$State; : loaded 2 times (x 69B)
Class com.android.build.gradle.tasks.MergeSourceSetFolders$MergeAssetCreationAction   : loaded 2 times (x 91B)
Class com.google.protobuf.UninitializedMessageException                               : loaded 2 times (x 84B)
Class com.google.common.hash.Hashing$ChecksumType$2                                   : loaded 2 times (x 88B)
Class kotlin.collections.EmptyIterator                                                : loaded 2 times (x 89B)
Class org.jetbrains.kotlin.incremental.ClassProtoData                                 : loaded 2 times (x 72B)
Class org.jetbrains.kotlin.inline.InlineFunctionOrAccessor                            : loaded 2 times (x 70B)
Class org.jetbrains.kotlin.metadata.ProtoBuf$Function                                 : loaded 2 times (x 161B)
Class org.jetbrains.kotlin.incremental.classpathDiff.impl.BasicClassInfoClassVisitor  : loaded 2 times (x 88B)
Class kotlin.SynchronizedLazyImpl                                                     : loaded 2 times (x 76B)
Class kotlin.text.StringsKt__RegexExtensionsKt                                        : loaded 2 times (x 71B)
Class Build_gradle$1                                                                  : loaded 2 times (x 74B)
Class com.android.build.gradle.internal.workeractions.WorkerActionServiceRegistry$ServiceKey: loaded 2 times (x 70B)
Class com.android.build.gradle.tasks.ProcessPackagedManifestTask$doTaskAction$1       : loaded 2 times (x 78B)
Class com.android.build.api.variant.impl.JniLibsTestedApkPackagingImpl                : loaded 2 times (x 91B)
Class org.jetbrains.kotlin.gradle.report.UsesBuildMetricsService                      : loaded 2 times (x 70B)
Class org.jetbrains.kotlin.gradle.utils.ConfigurationCacheOpaqueValueSource           : loaded 2 times (x 79B)
Class [Lcom.android.manifmerger.AttributeModel$Builder;                               : loaded 2 times (x 69B)
Class org.jetbrains.kotlin.incremental.ClasspathSnapshotFiles$Companion               : loaded 2 times (x 71B)
Class com.android.aapt.ConfigurationOuterClass$Configuration$ScreenRound              : loaded 2 times (x 87B)
Class com.android.aapt.ConfigurationOuterClass$ConfigurationOrBuilder                 : loaded 2 times (x 70B)
Class org.jetbrains.kotlin.gradle.plugin.mpp.compilationImpl.factory.KotlinCompilationImplFactory$KotlinCompilationSourceSetsContainerFactory: loaded 2 times (x 70B)
Class com.android.utils.PositionXmlParser$DomBuilder                                  : loaded 2 times (x 148B)
Class com.android.build.gradle.tasks.CompatibleScreensManifest$CreationAction$configure$1: loaded 2 times (x 75B)
Class org.jetbrains.kotlin.gradle.tasks.configuration.AbstractKotlinCompileConfig$getClasspathSnapshotDir$1: loaded 2 times (x 74B)
Class org.jetbrains.kotlin.gradle.tasks.configuration.AbstractKotlinCompileConfig$1$2 : loaded 2 times (x 74B)
Class com.google.gson.internal.bind.ReflectiveTypeAdapterFactory$RecordAdapter        : loaded 2 times (x 77B)
Class com.sun.xml.bind.v2.runtime.reflect.Lister                                      : loaded 2 times (x 76B)
Class com.sun.xml.bind.v2.model.core.NonElementRef                                    : loaded 2 times (x 70B)
Class com.sun.xml.bind.v2.model.impl.RegistryInfoImpl                                 : loaded 2 times (x 80B)
Class com.sun.xml.bind.v2.model.annotation.XmlAttributeQuick                          : loaded 2 times (x 93B)
Class com.sun.xml.bind.v2.model.impl.RuntimeBuiltinLeafInfoImpl$24                    : loaded 2 times (x 137B)
Class com.sun.xml.bind.Util                                                           : loaded 2 times (x 71B)
Class com.android.sdklib.repository.generated.common.v3.ObjectFactory                 : loaded 2 times (x 75B)
Class com.android.repository.api.SchemaModule                                         : loaded 2 times (x 76B)
Class [Lcom.android.sdklib.BuildToolInfo$PathId;                                      : loaded 2 times (x 69B)
Class com.android.build.gradle.internal.api.TestVariantImpl_Decorated                 : loaded 2 times (x 307B)
Class com.android.build.gradle.internal.dependency.EnumerateClassesTransform          : loaded 2 times (x 78B)
Class com.android.build.api.component.impl.DefaultSourcesProviderImpl$getJniLibs$1    : loaded 2 times (x 127B)
Class org.jetbrains.kotlin.gradle.utils.MutableObservableSet                          : loaded 2 times (x 70B)
Class com.android.build.gradle.internal.tasks.TestPreBuildTask$CreationAction         : loaded 2 times (x 91B)
Class com.android.build.gradle.internal.publishing.ArtifactCategory                   : loaded 2 times (x 79B)
Class com.android.build.gradle.internal.core.dsl.impl.AndroidTestComponentDslInfoImpl$dexingDslInfo$2: loaded 2 times (x 79B)
Class com.android.build.api.variant.ApplicationAndroidResources                       : loaded 2 times (x 70B)
Class com.android.build.api.variant.TestSuite                                         : loaded 2 times (x 70B)
Class com.android.build.api.variant.impl.ApplicationVariantBuilderImpl$deviceTests$1  : loaded 2 times (x 79B)
Class com.android.build.gradle.internal.plugins.BasePlugin$createTasks$2$1            : loaded 2 times (x 75B)
Class com.android.build.gradle.internal.ide.v2.NativeModelBuilder                     : loaded 2 times (x 87B)
Class com.google.wireless.android.sdk.stats.GradleBuildProject$1                      : loaded 2 times (x 76B)
Class com.android.build.gradle.internal.dsl.TestOptions$UnitTestOptions               : loaded 2 times (x 84B)
Class com.android.build.api.dsl.MultiDexConfig                                        : loaded 2 times (x 70B)
Class com.android.build.gradle.internal.dsl.AbiSplitOptions                           : loaded 2 times (x 95B)
Class com.android.build.gradle.api.BaseVariant                                        : loaded 2 times (x 70B)
Class org.jetbrains.kotlin.gradle.plugin.AndroidProjectHandler                        : loaded 2 times (x 72B)
Class [Lorg.jetbrains.kotlin.statistics.metrics.BooleanAnonymizationPolicy;           : loaded 2 times (x 69B)
Class org.jetbrains.kotlin.gradle.plugin.KotlinTarget                                 : loaded 2 times (x 70B)
Class com.android.build.gradle.internal.services.BuiltInKotlinServicesKt              : loaded 2 times (x 71B)
Class com.android.build.gradle.internal.profile.AnalyticsConfiguratorService$Params   : loaded 2 times (x 70B)
Class com.android.build.gradle.internal.lint.LintFromMaven                            : loaded 2 times (x 72B)
Class com.google.common.hash.Hashing$ChecksumType$3                                   : loaded 2 times (x 88B)
Class jdk.internal.jimage.decompressor.ResourceDecompressorRepository                 : loaded 2 times (x 71B)
Class org.jetbrains.kotlin.metadata.ProtoBuf$Effect$InvocationKind                    : loaded 2 times (x 82B)
Class org.jetbrains.kotlin.metadata.ProtoBuf$VersionRequirementTable                  : loaded 2 times (x 107B)
Class org.jetbrains.kotlin.protobuf.LazyField                                         : loaded 2 times (x 83B)
Class org.jetbrains.kotlin.load.kotlin.header.ReadKotlinClassHeaderAnnotationVisitor  : loaded 2 times (x 80B)
Class kotlin.sequences.SequencesKt__SequencesJVMKt                                    : loaded 2 times (x 71B)
Class kotlin.collections.AbstractList                                                 : loaded 2 times (x 197B)
Class kotlin.collections.AbstractCollection                                           : loaded 2 times (x 117B)
Class com.android.build.gradle.internal.scope.InternalArtifactType$R8_MAPPING_RESOURCES: loaded 2 times (x 74B)
Class org.jetbrains.kotlin.compilerRunner.GradleIncrementalCompilerServicesFacadeImpl : loaded 2 times (x 80B)
Class org.jetbrains.kotlin.daemon.client.KotlinCompilerClientKt$report$sourceMessage$2: loaded 2 times (x 79B)
Class org.jetbrains.kotlin.daemon.common.BoolPropMapper                               : loaded 2 times (x 74B)
Class org.jetbrains.kotlin.compilerRunner.GradleCompilerRunnerWithWorkers$runCompilerAsync$1: loaded 2 times (x 75B)
Class org.jetbrains.kotlin.com.google.common.cache.LocalCache$AccessQueue             : loaded 2 times (x 143B)
Class com.android.aapt.ConfigurationOuterClass$Configuration$GrammaticalGender        : loaded 2 times (x 87B)
Class com.android.aaptcompiler.ReferenceInfo                                          : loaded 2 times (x 72B)
Class com.google.common.collect.DenseImmutableTable$ImmutableArrayMap$1               : loaded 2 times (x 84B)
Class [Lcom.android.ide.common.symbols.SymbolJavaType;                                : loaded 2 times (x 69B)
Class com.android.ide.common.symbols.SymbolIo$SymbolData                              : loaded 2 times (x 72B)
Class org.jetbrains.kotlin.gradle.plugin.hierarchy.KotlinSourceSetTreeClassifierKt    : loaded 2 times (x 71B)
Class com.android.build.gradle.internal.res.ParseLibraryResourcesTask$Companion       : loaded 2 times (x 71B)
Class [Lorg.jetbrains.kotlin.build.report.metrics.BuildAttributeKind;                 : loaded 2 times (x 69B)
Class org.jetbrains.kotlin.gradle.tasks.K2MultiplatformStructure                      : loaded 2 times (x 74B)
Class com.android.sdklib.repository.targets.OptionalLibraryImpl                       : loaded 2 times (x 84B)
Class com.google.gson.internal.reflect.ReflectionHelper$RecordNotSupportedHelper      : loaded 2 times (x 78B)
Class com.google.gson.internal.$Gson$Types                                            : loaded 2 times (x 71B)
Class com.sun.xml.bind.v2.runtime.unmarshaller.DefaultIDResolver$1                    : loaded 2 times (x 76B)
Class com.sun.xml.bind.v2.runtime.reflect.Accessor$FieldReflection                    : loaded 2 times (x 85B)
Class com.sun.xml.bind.v2.model.runtime.RuntimeNonElementRef                          : loaded 2 times (x 70B)
Class com.sun.xml.bind.v2.runtime.unmarshaller.Base64Data                             : loaded 2 times (x 89B)
Class com.android.build.gradle.internal.scope.InternalArtifactType$COMPILED_LOCAL_RESOURCES: loaded 2 times (x 74B)
Class com.android.build.gradle.internal.SdkLibDataFactory$Environment                 : loaded 2 times (x 72B)
Class com.android.build.gradle.internal.test.TestDataImpl                             : loaded 2 times (x 109B)
Class com.android.build.gradle.internal.tasks.BundleIdeModelProducerTask              : loaded 2 times (x 328B)
Class org.jetbrains.kotlin.gradle.plugin.mpp.compilationImpl.KotlinCompilationSourceSetsContainer: loaded 2 times (x 70B)
Class org.jetbrains.kotlin.gradle.plugin.diagnostics.KotlinToolingDiagnosticsCollector$Parameter: loaded 2 times (x 70B)
Class org.jetbrains.kotlin.gradle.plugin.diagnostics.KotlinToolingDiagnosticsCollectorKt$kotlinToolingDiagnosticsCollectorProvider$1: loaded 2 times (x 75B)
Class org.jetbrains.kotlin.compilerRunner.CompilerSystemPropertiesService$Parameters  : loaded 2 times (x 70B)
Class com.android.build.api.artifact.ScopedArtifact                                   : loaded 2 times (x 74B)
Class com.android.build.gradle.internal.scope.InternalMultipleArtifactType$AGGREGATED_CODE_COVERAGE_DATA: loaded 2 times (x 74B)
Class com.android.build.api.variant.ApplicationAndroidResourcesBuilder                : loaded 2 times (x 70B)
Class com.android.build.gradle.internal.core.dsl.impl.DslInfoBuilder$computeNames$1   : loaded 2 times (x 79B)
Class com.android.build.gradle.internal.ide.v2.ModelBuilder                           : loaded 2 times (x 80B)
Class com.google.wireless.android.sdk.stats.GradleBuildProject$2                      : loaded 2 times (x 151B)
Class com.android.build.gradle.internal.TaskManager$addSubpluginOptionsForBuiltInKotlin$configureKotlinTask$1: loaded 2 times (x 79B)
Class com.android.build.gradle.internal.dsl.JniLibsPackagingImpl$AgpDecorated         : loaded 2 times (x 93B)
Class com.android.build.api.artifact.ArtifactKind$FILE                                : loaded 2 times (x 72B)
Class com.android.build.gradle.internal.dsl.AnnotationProcessorOptions                : loaded 2 times (x 102B)
Class com.android.build.gradle.internal.dsl.AarMetadataImpl                           : loaded 2 times (x 70B)
Class com.android.build.gradle.internal.dsl.decorator.SupportedPropertyType$Var$Boolean: loaded 2 times (x 74B)
Class com.android.build.gradle.internal.dsl.VariantDimensionBinaryCompatibilityFix    : loaded 2 times (x 70B)
Class org.jetbrains.kotlin.gradle.plugin.ProjectLocalConfigurations                   : loaded 2 times (x 71B)
Class org.jetbrains.kotlin.gradle.plugin.mpp.KotlinUsages$KotlinUsagesDisambiguation  : loaded 2 times (x 76B)
Class org.jetbrains.kotlin.tooling.core.Extras$Key$Companion                          : loaded 2 times (x 71B)
Class org.jetbrains.kotlin.tooling.core.Extras$Key                                    : loaded 2 times (x 72B)
Class com.android.build.gradle.internal.utils.GradleEnvironmentProviderImpl           : loaded 2 times (x 76B)
Class com.google.protobuf.Internal$LongList                                           : loaded 2 times (x 70B)
Class com.google.gson.JsonIOException                                                 : loaded 2 times (x 82B)
Class com.android.build.gradle.internal.tasks.SigningConfigWriterTask$CreationAction$handleProvider$1: loaded 2 times (x 127B)
Class com.android.build.gradle.options.OptionalBooleanOption                          : loaded 2 times (x 85B)
Class com.android.build.gradle.internal.plugins.BasePlugin$variantInputModel$2        : loaded 2 times (x 79B)
Class com.android.build.gradle.internal.variant.ApplicationVariantFactory             : loaded 2 times (x 106B)
Class org.gradle.accessors.dm.LibrariesForLibsInPluginsBlock$OkhttpLoggingLibraryAccessors: loaded 2 times (x 77B)
Class org.gradle.accessors.dm.LibrariesForLibsInPluginsBlock                          : loaded 2 times (x 85B)
Class jdk.internal.jimage.ImageReader$Directory                                       : loaded 2 times (x 84B)
Class org.jetbrains.kotlin.metadata.ProtoBuf$Expression$ConstantValue$1               : loaded 2 times (x 74B)
Class org.jetbrains.kotlin.descriptors.DescriptorVisibilities$10                      : loaded 2 times (x 76B)
Class kotlin.collections.ArrayAsCollection                                            : loaded 2 times (x 105B)
Class org.jetbrains.kotlin.metadata.ProtoBuf$TypeParameter$1                          : loaded 2 times (x 144B)
Class org.jetbrains.org.objectweb.asm.tree.LineNumberNode                             : loaded 2 times (x 79B)
Class kotlin.LazyKt__LazyKt                                                           : loaded 2 times (x 71B)
Class kotlin.text.StringsKt__StringBuilderJVMKt                                       : loaded 2 times (x 71B)
Class com.android.builder.internal.aapt.v2.Aapt2DaemonManager$leasingAapt2Daemon$1    : loaded 2 times (x 77B)
Class com.android.manifmerger.NavigationXmlDocumentData                               : loaded 2 times (x 72B)
Class [Lcom.android.manifmerger.ManifestSystemProperty$Profileable;                   : loaded 2 times (x 69B)
Class com.android.manifmerger.XmlNode$Name                                            : loaded 2 times (x 77B)
Class com.android.build.gradle.internal.tasks.GlobalSyntheticsMergeTask               : loaded 2 times (x 328B)
Class com.android.aapt.Resources$XmlElement$1                                         : loaded 2 times (x 151B)
Class com.android.aaptcompiler.AaptResourceType                                       : loaded 2 times (x 79B)
Class com.android.build.gradle.tasks.ProcessTestManifest$CreationAction$handleProvider$1: loaded 2 times (x 127B)
Class com.android.ide.common.symbols.SymbolIo$SymbolLineReader                        : loaded 2 times (x 73B)
Class com.android.build.gradle.internal.dependency.AarExtractor                       : loaded 2 times (x 72B)
Class com.android.build.gradle.internal.profile.TaskProfilingRecord                   : loaded 2 times (x 75B)
Class com.android.build.api.variant.impl.BuiltArtifactImpl                            : loaded 2 times (x 87B)
Class org.jetbrains.kotlin.gradle.tasks.configuration.AbstractKotlinCompileConfig$1$4 : loaded 2 times (x 75B)
Class [Lcom.sun.xml.bind.v2.runtime.property.StructureLoaderBuilder;                  : loaded 2 times (x 69B)
Class com.sun.xml.bind.v2.model.impl.RuntimeBuiltinLeafInfoImpl$26                    : loaded 2 times (x 136B)
Class com.sun.xml.bind.v2.model.impl.RuntimeBuiltinLeafInfoImpl$10$1                  : loaded 2 times (x 356B)
Class com.sun.xml.bind.v2.runtime.BinderImpl                                          : loaded 2 times (x 86B)
Class com.sun.xml.bind.v2.model.core.TypeInfo                                         : loaded 2 times (x 70B)
Class com.android.sdklib.repository.generated.common.v3.LibraryType                   : loaded 2 times (x 90B)
Class com.android.build.gradle.internal.PlatformComponents                            : loaded 2 times (x 72B)
Class com.android.build.gradle.internal.scope.InternalArtifactType$TEST_FIXTURES_LINT_PARTIAL_RESULTS: loaded 2 times (x 74B)
Class com.android.build.gradle.internal.utils.D8BackportedMethodsGenerator            : loaded 2 times (x 78B)
Class com.android.build.gradle.internal.cxx.logging.IssueReporterLoggingEnvironmentKt : loaded 2 times (x 71B)
Class com.android.build.gradle.internal.AndroidTestTaskManager$createVariantPreBuildTask$1: loaded 2 times (x 74B)
Class com.android.build.gradle.internal.scope.InternalArtifactType$D8_METADATA        : loaded 2 times (x 74B)
Class com.android.build.gradle.internal.tasks.OptimizeResourcesTask                   : loaded 2 times (x 332B)
Class com.android.build.gradle.internal.tasks.BundleToApkTask$CreationAction$handleProvider$1: loaded 2 times (x 127B)
Class com.android.build.gradle.internal.tasks.FinalizeBundleTask                      : loaded 2 times (x 328B)
Class com.android.build.gradle.internal.dependency.ShrinkerVersion$Companion$R8$2     : loaded 2 times (x 78B)
Class org.jetbrains.kotlin.gradle.plugin.sources.DefaultKotlinSourceSetKt             : loaded 2 times (x 71B)
Class com.android.build.gradle.internal.scope.InternalArtifactType$STABLE_RESOURCE_IDS_FILE: loaded 2 times (x 74B)
Class com.android.build.api.component.impl.features.AndroidResourcesCreationConfigImpl: loaded 2 times (x 90B)
Class com.android.build.api.variant.impl.ApplicationVariantImpl$packaging$2           : loaded 2 times (x 79B)
Class com.android.build.api.variant.impl.VariantImpl$buildConfigFields$2              : loaded 2 times (x 79B)
Class com.android.build.api.component.impl.ComponentImpl$builtInKaptSupportMode$2     : loaded 2 times (x 79B)
Class com.android.build.gradle.internal.core.dsl.features.OptimizationDslInfo         : loaded 2 times (x 70B)
Class com.google.common.collect.Lists$ReverseList$1                                   : loaded 2 times (x 99B)
Class com.android.builder.core.DefaultApiVersion                                      : loaded 2 times (x 77B)
Class com.android.build.gradle.internal.core.dsl.impl.ApplicationVariantDslInfoImpl$versionName$2: loaded 2 times (x 79B)
Class com.android.build.gradle.internal.core.dsl.impl.ComponentDslInfoImpl$1          : loaded 2 times (x 78B)
Class com.android.build.gradle.internal.utils.SdkUtilsKt                              : loaded 2 times (x 71B)
Class com.android.build.gradle.internal.lint.AndroidLintGlobalTask$GlobalCreationAction: loaded 2 times (x 91B)
Class com.android.build.gradle.internal.api.VariantFilter                             : loaded 2 times (x 80B)
Class com.android.build.gradle.internal.dsl.BundleOptionsTexture$AgpDecorated         : loaded 2 times (x 85B)
Class com.android.build.api.dsl.ManagedVirtualDevice                                  : loaded 2 times (x 70B)
Class com.android.build.gradle.internal.dsl.TestFixturesImpl_Decorated                : loaded 2 times (x 127B)
Class com.android.build.api.dsl.SdkComponents                                         : loaded 2 times (x 70B)
Class com.android.build.gradle.internal.coverage.JacocoOptions                        : loaded 2 times (x 85B)
Class com.android.build.api.artifact.ArtifactKind$DIRECTORY                           : loaded 2 times (x 72B)
Class com.android.build.gradle.internal.TaskManager$PreBuildCreationAction            : loaded 2 times (x 91B)
Class com.android.build.gradle.internal.attribution.CheckJetifierBuildService         : loaded 2 times (x 80B)
Class com.google.common.util.concurrent.AbstractFuture$SynchronizedHelper             : loaded 2 times (x 78B)
Class com.android.build.api.dsl.TestOptions                                           : loaded 2 times (x 70B)
Class com.android.build.api.dsl.AbiSplit                                              : loaded 2 times (x 70B)
Class com.android.build.api.dsl.LibraryVariantDimension                               : loaded 2 times (x 70B)
Class org.jetbrains.kotlin.gradle.plugin.mpp.HierarchyAttributeContainer$1            : loaded 2 times (x 78B)
Class org.jetbrains.kotlin.gradle.dsl.ToolchainSupport                                : loaded 2 times (x 70B)
Class org.jetbrains.kotlin.tooling.core.Extras                                        : loaded 2 times (x 70B)
Class org.jetbrains.kotlin.gradle.plugin.KotlinJsPluginWrapper                        : loaded 2 times (x 86B)
Class org.jetbrains.kotlin.gradle.fus.BuildUidService$Inject_                         : loaded 2 times (x 100B)
Class org.jetbrains.kotlin.statistics.metrics.NumberAnonymizationPolicy$RANDOM_10_PERCENT: loaded 2 times (x 85B)
Class org.jetbrains.kotlin.statistics.metrics.StringMetrics                           : loaded 2 times (x 80B)
Class org.jetbrains.kotlin.gradle.plugin.mpp.InternalKotlinTarget                     : loaded 2 times (x 70B)
Class org.jetbrains.kotlin.gradle.dsl.KotlinJvmOptions                                : loaded 2 times (x 70B)
Class com.android.build.gradle.internal.services.FakeDependencyJarBuildService$RegistrationAction: loaded 2 times (x 74B)
Class com.android.utils.EnvironmentProvider                                           : loaded 2 times (x 70B)
Class com.google.protobuf.InvalidProtocolBufferException                              : loaded 2 times (x 88B)
Class com.google.common.base.Predicates$CompositionPredicate                          : loaded 2 times (x 88B)
Class com.google.common.collect.ImmutableRangeSet$Builder                             : loaded 2 times (x 77B)
Class org.jetbrains.kotlin.descriptors.DescriptorVisibilities$11                      : loaded 2 times (x 76B)
Class org.jetbrains.kotlin.metadata.deserialization.BinaryVersion$Companion           : loaded 2 times (x 71B)
Class kotlin.UNINITIALIZED_VALUE                                                      : loaded 2 times (x 71B)
Class com.android.manifmerger.AttributeModel$BooleanValidator                         : loaded 2 times (x 75B)
Class org.jetbrains.kotlin.daemon.client.CompileServiceSession                        : loaded 2 times (x 72B)
Class org.jetbrains.kotlin.daemon.common.CompileService$CallResult$Good               : loaded 2 times (x 73B)
Class org.jetbrains.kotlin.gradle.plugin.internal.state.TaskLoggersKt                 : loaded 2 times (x 71B)
Class org.jetbrains.kotlin.gradle.internal.name.FqName$Companion                      : loaded 2 times (x 71B)
Class com.android.build.gradle.internal.SdkParsingUtilsKt                             : loaded 2 times (x 71B)
Class org.jetbrains.kotlin.com.google.common.cache.Cache                              : loaded 2 times (x 70B)
Class org.jetbrains.kotlin.gradle.plugin.CompositeSubpluginOption                     : loaded 2 times (x 72B)
Class com.android.aapt.ConfigurationOuterClass$Configuration$LayoutDirection          : loaded 2 times (x 87B)
Class com.android.sdklib.repository.generated.repository.v1.LayoutlibType             : loaded 2 times (x 74B)
Class com.android.build.gradle.tasks.MergeResources$Companion                         : loaded 2 times (x 71B)
Class org.jetbrains.kotlin.gradle.tasks.CompilerPluginOptions                         : loaded 2 times (x 72B)
Class org.jetbrains.kotlin.gradle.tasks.configuration.AbstractKotlinCompileConfig$1$5 : loaded 2 times (x 76B)
Class com.sun.xml.bind.v2.runtime.reflect.Accessor$1                                  : loaded 2 times (x 85B)
Class com.google.gson.LongSerializationPolicy$1                                       : loaded 2 times (x 80B)
Class com.sun.xml.bind.v2.runtime.unmarshaller.SAXConnector                           : loaded 2 times (x 101B)
Class com.android.sdklib.repository.generated.common.v3.ApiDetailsType                : loaded 2 times (x 107B)
Class [Lcom.sun.xml.bind.v2.model.annotation.Locatable;                               : loaded 2 times (x 69B)
Class com.sun.xml.bind.v2.model.impl.RuntimeBuiltinLeafInfoImpl$27                    : loaded 2 times (x 136B)
Class com.sun.xml.bind.v2.model.impl.ModelBuilder                                     : loaded 2 times (x 92B)
Class com.android.repository.impl.generated.generic.v1.ObjectFactory                  : loaded 2 times (x 75B)
Class com.android.repository.impl.generated.v1.ChannelRefType                         : loaded 2 times (x 77B)
Class com.android.build.gradle.internal.SdkComponentsBuildService$VersionedSdkLoader$adbExecutableProvider$1: loaded 2 times (x 75B)
Class com.android.build.gradle.internal.tasks.TestPreBuildTask                        : loaded 2 times (x 328B)
Class com.android.build.gradle.internal.tasks.DexArchiveBuilderTask$CreationAction$handleProvider$10: loaded 2 times (x 78B)
Class com.android.build.gradle.internal.tasks.MergeStartupProfileTask$CreationAction$handleProvider$1: loaded 2 times (x 127B)
Class com.android.build.gradle.internal.tasks.featuresplit.FeatureSetMetadataWriterTask$CreationAction$handleProvider$1: loaded 2 times (x 127B)
Class com.android.build.gradle.tasks.PackageApplication$CreationAction$handleProvider$operationRequest$1: loaded 2 times (x 127B)
Class com.android.build.api.variant.impl.SigningConfigImpl$storeFile$1                : loaded 2 times (x 75B)
Class com.android.build.gradle.internal.tasks.factory.features.DexingTaskCreationAction: loaded 2 times (x 70B)
Class org.jetbrains.kotlin.gradle.plugin.hierarchy.KotlinSourceSetTreeClassifier$Property: loaded 2 times (x 72B)
Class org.jetbrains.kotlin.gradle.dsl.KotlinCommonCompilerOptionsHelper               : loaded 2 times (x 71B)
Class com.android.build.gradle.tasks.MergeSourceSetFolders$MergeAssetCreationAction$handleProvider$1: loaded 2 times (x 127B)
Class com.android.build.gradle.internal.scope.InternalArtifactType$COMPILED_NAVIGATION_RES: loaded 2 times (x 74B)
Class com.android.build.gradle.internal.scope.InternalArtifactType$AGGREGATED_CODE_COVERAGE_HTML_REPORT: loaded 2 times (x 74B)
Class com.android.build.gradle.internal.VariantTaskManager$createTasks$1              : loaded 2 times (x 75B)
Class com.android.build.gradle.internal.tasks.ModuleMetadataWriterTask$CreationAction : loaded 2 times (x 90B)
Class com.android.build.gradle.internal.core.dsl.impl.DslInfoCommonKt$getTestComponentNamespace$2$1: loaded 2 times (x 75B)
Class com.android.build.api.variant.impl.ApplicationVariantImpl$addVariantOutput$1    : loaded 2 times (x 75B)
Class com.android.build.api.variant.impl.VariantImpl$resValues$2                      : loaded 2 times (x 79B)
Class com.android.build.gradle.internal.component.legacy.OldVariantApiLegacySupport   : loaded 2 times (x 70B)
Class com.android.build.gradle.internal.core.dsl.impl.ComponentDslInfoImpl$2          : loaded 2 times (x 78B)
Class com.android.build.api.variant.ScopedArtifacts$Scope                             : loaded 2 times (x 79B)
Class com.android.build.gradle.internal.dsl.AbiSplitOptions$AgpDecorated_Decorated    : loaded 2 times (x 144B)
Class com.android.build.gradle.internal.CompileOptions$AgpDecorated                   : loaded 2 times (x 97B)
Class com.android.build.gradle.internal.dsl.BundleOptions$AgpDecorated_Decorated      : loaded 2 times (x 195B)
Class com.android.build.gradle.internal.dsl.BuildFeaturesImpl                         : loaded 2 times (x 110B)
Class com.android.build.gradle.internal.dsl.ExternalNativeNdkBuildOptions             : loaded 2 times (x 109B)
Class com.android.build.gradle.internal.dsl.CmakeOptions                              : loaded 2 times (x 98B)
Class com.sun.xml.bind.v2.runtime.property.SingleReferenceNodeProperty                : loaded 2 times (x 102B)
Class com.google.wireless.android.sdk.stats.GradleBuildVariant$VariantType$1          : loaded 2 times (x 76B)
Class org.jetbrains.kotlin.gradle.internal.properties.PropertiesBuildService$property$1$valueFromGradleAndLocalProperties$1: loaded 2 times (x 75B)
Class org.jetbrains.kotlin.gradle.plugin.KotlinPluginWrapperKt$kotlinToolingVersion$2 : loaded 2 times (x 78B)
Class com.android.build.gradle.internal.errors.OptionInfo                             : loaded 2 times (x 72B)
Class com.android.build.gradle.internal.services.AndroidLocationsBuildService$AndroidDirectoryCreator$Params_Decorated: loaded 2 times (x 132B)
Class com.android.build.gradle.internal.ide.v2.GlobalSyncService$RegistrationAction   : loaded 2 times (x 74B)
Class com.android.build.gradle.internal.ide.dependencies.MavenCoordinatesCacheBuildService$Parameters: loaded 2 times (x 70B)
Class com.google.protobuf.Extension                                                   : loaded 2 times (x 85B)
Class com.google.wireless.android.sdk.stats.GradleBuildProfile                        : loaded 2 times (x 248B)
Class com.google.protobuf.MessageOrBuilder                                            : loaded 2 times (x 70B)
Class org.gradle.accessors.dm.LibrariesForLibsInPluginsBlock$KotlinxSerializationLibraryAccessors: loaded 2 times (x 77B)
Class org.gradle.internal.classloader.VisitableURLClassLoader$InstrumentingVisitableURLClassLoader: loaded 2 times (x 123B)
Class org.jetbrains.kotlin.descriptors.DescriptorVisibilities$12                      : loaded 2 times (x 76B)
Class org.jetbrains.kotlin.metadata.ProtoBuf$ClassOrBuilder                           : loaded 2 times (x 70B)
Class org.jetbrains.kotlin.metadata.ProtoBuf$ValueParameter                           : loaded 2 times (x 133B)
Class kotlin.comparisons.ComparisonsKt__ComparisonsKt                                 : loaded 2 times (x 71B)
Class kotlin.ranges.RangesKt__RangesKt                                                : loaded 2 times (x 71B)
Class kotlin.collections.SetsKt___SetsKt                                              : loaded 2 times (x 71B)
Class kotlin.sequences.SequencesKt__SequencesKt                                       : loaded 2 times (x 71B)
Class org.gradle.kotlin.dsl.AndroidTestImplementationConfigurationAccessorsKt         : loaded 2 times (x 71B)
Class com.android.build.gradle.internal.scope.InternalArtifactType$FEATURE_SHRUNK_JAVA_RES: loaded 2 times (x 74B)
Class com.android.manifmerger.CompositeNodeKeyResolver                                : loaded 2 times (x 78B)
Class org.jetbrains.kotlin.compilerRunner.KotlinCompilerRunnerUtils                   : loaded 2 times (x 71B)
Class org.jetbrains.kotlin.compilerRunner.GradleCompilerEnvironment                   : loaded 2 times (x 73B)
Class org.jetbrains.kotlin.gradle.tasks.CompileUsingKotlinDaemonWithNormalization$DefaultImpls: loaded 2 times (x 71B)
Class com.android.aaptcompiler.XmlResourceBuilder                                     : loaded 2 times (x 72B)
Class com.android.aaptcompiler.android.ResValue$DataType                              : loaded 2 times (x 79B)
Class com.android.zipflinger.Zip64$Policy                                             : loaded 2 times (x 79B)
Class com.android.build.gradle.internal.services.SymbolTableBuildService$Inject_      : loaded 2 times (x 99B)
Class com.android.resources.ResourceVisibility                                        : loaded 2 times (x 79B)
Class com.sun.xml.bind.v2.runtime.unmarshaller.StructureLoader$1                      : loaded 2 times (x 71B)
Class com.android.sdklib.IAndroidTarget                                               : loaded 2 times (x 70B)
Class com.google.wireless.android.sdk.stats.AndroidStudioEventOrBuilder               : loaded 2 times (x 70B)
Class com.android.build.gradle.tasks.MapSourceSetPathsTask$CreateAction$configure$8$2 : loaded 2 times (x 74B)
Class com.android.build.gradle.internal.res.GenerateLibraryRFileTask_Decorated        : loaded 2 times (x 401B)
Class org.jetbrains.kotlin.gradle.tasks.configuration.AbstractKotlinCompileConfig$1$6 : loaded 2 times (x 75B)
Class [Lorg.jetbrains.kotlin.gradle.tasks.KotlinCompilerExecutionStrategy;            : loaded 2 times (x 69B)
Class com.android.build.gradle.internal.tasks.ProcessJavaResTaskKt$getProjectJavaRes$2$1: loaded 2 times (x 74B)
Class com.google.gson.LongSerializationPolicy$2                                       : loaded 2 times (x 80B)
Class com.sun.xml.bind.v2.runtime.unmarshaller.UnmarshallerImpl                       : loaded 2 times (x 139B)
Class com.sun.xml.bind.v2.runtime.property.StructureLoaderBuilder                     : loaded 2 times (x 70B)
Class com.android.sdklib.repository.generated.addon.v1.ExtraDetailsType               : loaded 2 times (x 85B)
Class com.sun.xml.bind.v2.model.impl.RuntimeElementPropertyInfoImpl                   : loaded 2 times (x 139B)
Class com.sun.xml.bind.v2.model.impl.RuntimeBuiltinLeafInfoImpl$28                    : loaded 2 times (x 76B)
Class [Lcom.sun.xml.bind.v2.util.QNameMap$Entry;                                      : loaded 2 times (x 69B)
Class com.sun.xml.bind.unmarshaller.InfosetScanner                                    : loaded 2 times (x 70B)
Class org.jetbrains.kotlin.gradle.tasks.FailedCompilationException                    : loaded 2 times (x 82B)
Class [Lcom.android.build.gradle.internal.scope.InternalArtifactType;                 : loaded 2 times (x 69B)
Class com.android.build.gradle.internal.scope.InternalArtifactType$PREFAB_PACKAGE_CONFIGURATION: loaded 2 times (x 74B)
Class com.android.build.gradle.internal.api.TestVariantImpl                           : loaded 2 times (x 262B)
Class com.android.build.gradle.internal.dependency.ExtractProGuardRulesTransform$Parameters_Decorated: loaded 2 times (x 135B)
Class com.android.build.gradle.internal.SdkComponentsBuildService$sdkHandlerDelegate$1: loaded 2 times (x 79B)
Class com.android.tools.utp.gradle.api.UtpDependency                                  : loaded 2 times (x 79B)
Class com.android.build.gradle.internal.lint.LintModelWriterTask$Companion            : loaded 2 times (x 71B)
Class com.android.build.gradle.internal.tasks.DexArchiveBuilderTask$CreationAction$handleProvider$11: loaded 2 times (x 78B)
Class com.android.build.gradle.tasks.PackageApplication$CreationAction$handleProvider$operationRequest$2: loaded 2 times (x 127B)
Class org.jetbrains.kotlin.compose.compiler.gradle.ComposeCompilerGradleSubplugin$applyToCompilation$allPluginProperties$1$1: loaded 2 times (x 74B)
Class org.jetbrains.kotlin.gradle.utils.ProjectExtensionsKt                           : loaded 2 times (x 71B)
Class org.jetbrains.kotlin.gradle.plugin.hierarchy.KotlinSourceSetTreeClassifier      : loaded 2 times (x 70B)
Class org.jetbrains.kotlin.gradle.plugin.mpp.KotlinNativeTarget                       : loaded 2 times (x 167B)
Class org.jetbrains.kotlin.gradle.plugin.mpp.compilationImpl.KotlinCompilationAssociator: loaded 2 times (x 70B)
Class com.android.build.api.variant.impl.JniLibsApkPackagingImpl                      : loaded 2 times (x 86B)
Class com.android.build.api.variant.DexPackagingOptions                               : loaded 2 times (x 70B)
Class com.android.build.gradle.internal.tasks.CheckAarMetadataTask$CreationAction$handleProvider$1: loaded 2 times (x 127B)
Class com.android.build.api.artifact.SingleArtifact$ASSETS                            : loaded 2 times (x 74B)
Class com.android.build.gradle.internal.dependency.AndroidAttributes                  : loaded 2 times (x 72B)
Class com.android.build.gradle.internal.AndroidTestTaskManager$createTopLevelTasks$1  : loaded 2 times (x 74B)
Class com.android.build.gradle.internal.tasks.CompressAssetsTask$CreationAction       : loaded 2 times (x 90B)
Class com.android.build.gradle.tasks.CompileNavigationXmlTask$CreationAction          : loaded 2 times (x 91B)
Class com.android.build.api.component.impl.DeviceTestImpl$manifestPlaceholdersCreationConfig$2: loaded 2 times (x 79B)
Class com.android.build.gradle.internal.publishing.AndroidArtifacts$ArtifactType      : loaded 2 times (x 79B)
Class com.android.build.api.variant.impl.HasTestFixtures                              : loaded 2 times (x 70B)
Class com.android.build.gradle.internal.core.dsl.impl.ApplicationVariantDslInfoImpl$signingConfigResolver$2: loaded 2 times (x 79B)
Class com.android.build.gradle.internal.core.dsl.impl.DslInfoUtilsKt$computeMergedOptions$1: loaded 2 times (x 79B)
Class com.android.build.gradle.internal.tasks.ExtractProguardFiles$CreationAction     : loaded 2 times (x 90B)
Class com.google.gson.JsonObject                                                      : loaded 2 times (x 93B)
Class com.android.build.gradle.internal.dsl.BundleOptionsAiModelVersion$AgpDecorated_Decorated: loaded 2 times (x 130B)
Class com.android.build.gradle.internal.variant.LegacyVariantInputManager$1           : loaded 2 times (x 75B)
Class com.android.builder.internal.BaseConfigImpl$Companion                           : loaded 2 times (x 71B)
Class com.android.ide.common.blame.SourcePosition                                     : loaded 2 times (x 71B)
Class com.android.ide.common.gradle.DEV                                               : loaded 2 times (x 77B)
Class org.jetbrains.kotlin.gradle.plugin.KotlinSourceSetTree$Companion                : loaded 2 times (x 71B)
Class org.jetbrains.kotlin.gradle.plugin.KotlinGradleBuildServices$Parameters         : loaded 2 times (x 70B)
Class org.jetbrains.kotlin.gradle.plugin.statistics.BuildFusService$Companion$registerIfAbsent$1$1$1: loaded 2 times (x 75B)
Class org.jetbrains.kotlin.statistics.fileloggers.MetricsContainer$Companion          : loaded 2 times (x 71B)
Class com.android.aaptcompiler.Source$Companion                                       : loaded 2 times (x 71B)
Class com.android.build.gradle.internal.errors.DeprecationReporter$DeprecationTarget  : loaded 2 times (x 79B)
Class com.android.build.gradle.internal.plugins.BasePlugin$sdkComponentsBuildService$2: loaded 2 times (x 79B)
Class com.android.build.gradle.internal.core.dsl.TestedVariantDslInfo                 : loaded 2 times (x 70B)
Class com.android.build.gradle.internal.variant.AbstractAppVariantFactory             : loaded 2 times (x 106B)
Class org.gradle.internal.classloader.VisitableURLClassLoader$Spec                    : loaded 2 times (x 74B)
Class org.gradle.internal.classpath.DefaultClassPath                                  : loaded 2 times (x 90B)
Class org.jetbrains.kotlin.metadata.ProtoBuf$TypeAlias$1                              : loaded 2 times (x 144B)
Class org.jetbrains.org.objectweb.asm.Handler                                         : loaded 2 times (x 72B)
Class org.jetbrains.kotlin.incremental.DifferenceCalculator                           : loaded 2 times (x 73B)
Class org.jetbrains.kotlin.metadata.ProtoBuf$Annotation$Argument$ValueOrBuilder       : loaded 2 times (x 70B)
Class org.jetbrains.kotlin.com.intellij.util.io.DataExternalizer                      : loaded 2 times (x 70B)
Class kotlin.comparisons.ComparisonsKt                                                : loaded 2 times (x 71B)
Class kotlin.comparisons.ComparisonsKt___ComparisonsKt                                : loaded 2 times (x 71B)
Class org.jetbrains.kotlin.incremental.impl.ExtraClassInfoGenerator                   : loaded 2 times (x 73B)
Class kotlin.sequences.FilteringSequence                                              : loaded 2 times (x 75B)
Class [Lcom.android.aapt.ConfigurationOuterClass$Configuration$UiModeType;            : loaded 2 times (x 69B)
Class com.android.build.gradle.internal.scope.InternalArtifactType$MANAGED_DEVICE_ANDROID_TEST_ADDITIONAL_OUTPUT: loaded 2 times (x 74B)
Class com.android.build.gradle.internal.scope.InternalArtifactType$MAIN_DEX_LIST_FOR_BUNDLE: loaded 2 times (x 74B)
Class com.android.manifmerger.XmlAttribute                                            : loaded 2 times (x 87B)
Class org.jetbrains.kotlin.compilerRunner.OutputItemsCollector                        : loaded 2 times (x 70B)
Class org.jetbrains.kotlin.gradle.plugin.DefaultKotlinBasePlugin$addKotlinCompilerConfiguration$2$1$1: loaded 2 times (x 75B)
Class com.android.aapt.Resources$XmlNamespace$1                                       : loaded 2 times (x 151B)
Class com.google.protobuf.Utf8$Processor                                              : loaded 2 times (x 77B)
Class [Lcom.android.ide.common.resources.FileStatus;                                  : loaded 2 times (x 69B)
Class com.android.aapt.Resources$XmlElementOrBuilder                                  : loaded 2 times (x 70B)
Class com.google.wireless.android.sdk.stats.GradleTaskExecutionOrBuilder              : loaded 2 times (x 70B)
Class com.android.build.gradle.tasks.MapSourceSetPathsTask$CreateAction$configure$8$3 : loaded 2 times (x 79B)
Class com.android.build.gradle.internal.DependencyResourcesComputer$ResourceSourceSetInput: loaded 2 times (x 72B)
Class com.android.ide.common.resources.DataMap                                        : loaded 2 times (x 70B)
Class com.android.build.gradle.tasks.ExtractDeepLinksTask$BaseCreationAction$configure$1$1: loaded 2 times (x 74B)
Class com.android.build.gradle.internal.tasks.ProcessJavaResTaskKt$getProjectJavaRes$2$2: loaded 2 times (x 74B)
Class com.sun.xml.bind.api.impl.NameConverter                                         : loaded 2 times (x 70B)
Class com.sun.xml.bind.v2.model.core.NonElement                                       : loaded 2 times (x 70B)
Class com.sun.xml.bind.v2.ContextFactory                                              : loaded 2 times (x 71B)
Class com.android.repository.impl.meta.SchemaModuleUtil                               : loaded 2 times (x 71B)
Class com.android.build.gradle.internal.errors.SyncIssueReporterImpl$GlobalSyncIssueService$Inject_: loaded 2 times (x 102B)
Class org.jetbrains.kotlin.gradle.plugin.statistics.BuildFinishMetrics                : loaded 2 times (x 71B)
Class com.android.build.gradle.internal.scope.BuildArtifactType$JAVA_COMPILE_CLASSPATH: loaded 2 times (x 74B)
Class com.android.build.gradle.api.SourceKind                                         : loaded 2 times (x 79B)
Class com.android.build.gradle.tasks.factory.AndroidUnitTest                          : loaded 2 times (x 566B)
Class [Lcom.android.build.gradle.internal.tasks.DeviceProviderInstrumentTestTask$CreationAction$Type;: loaded 2 times (x 69B)
Class com.android.build.api.artifact.SingleArtifact$VERSION_CONTROL_INFO_FILE         : loaded 2 times (x 74B)
Class com.android.build.gradle.internal.tasks.DexArchiveBuilderTask$CreationAction$handleProvider$12: loaded 2 times (x 78B)
Class org.jetbrains.kotlin.compose.compiler.gradle.ComposeCompilerGradleSubplugin$applyToCompilation$allPluginProperties$1$2: loaded 2 times (x 74B)
Class [Lorg.jetbrains.kotlin.gradle.plugin.HasProject;                                : loaded 2 times (x 69B)
Class org.jetbrains.kotlin.gradle.utils.MutableObservableSetImpl                      : loaded 2 times (x 163B)
Class org.jetbrains.kotlin.gradle.plugin.mpp.compilationImpl.KotlinCompilationSourceSetInclusion$AddSourcesToCompileTask: loaded 2 times (x 70B)
Class org.jetbrains.kotlin.konan.target.Architecture                                  : loaded 2 times (x 79B)
Class com.android.build.gradle.internal.scope.InternalArtifactType$JAVAC              : loaded 2 times (x 74B)
Class com.android.build.gradle.internal.res.GenerateLibraryRFileTask$CreationAction$handleProvider$1: loaded 2 times (x 127B)
Class com.android.build.api.artifact.impl.OperationRequestsImplKt                     : loaded 2 times (x 71B)
Class com.android.build.gradle.internal.AndroidTestTaskManager$createTopLevelTasks$2  : loaded 2 times (x 75B)
Class com.android.build.gradle.internal.core.dsl.impl.ApplicationVariantDslInfoImpl$versionCode$2$versionCodeFromFlavors$1: loaded 2 times (x 78B)
Class com.android.build.api.component.impl.ComponentIdentityImpl                      : loaded 2 times (x 78B)
Class com.android.build.gradle.internal.tasks.factory.GlobalTaskNamesImpl             : loaded 2 times (x 81B)
Class com.android.build.gradle.internal.services.FakeDependencyJarBuildService$Inject_: loaded 2 times (x 102B)
Class com.android.build.gradle.internal.variant.LegacyVariantInputManager$2           : loaded 2 times (x 74B)
Class com.android.ide.common.xml.ManifestData$KeepClass                               : loaded 2 times (x 72B)
Class com.android.build.api.dsl.Splits                                                : loaded 2 times (x 70B)
Class com.android.build.gradle.internal.dsl.BundleOptionsStoreArchive                 : loaded 2 times (x 77B)
Class org.jetbrains.kotlin.gradle.dsl.DefaultToolchainSupport$wireToolchainToTasks$1  : loaded 2 times (x 75B)
Class org.jetbrains.kotlin.gradle.internal.properties.PropertiesBuildService$MemoizedCallable: loaded 2 times (x 75B)
Class org.jetbrains.kotlin.gradle.plugin.internal.DefaultMavenPublicationComponentAccessorFactory: loaded 2 times (x 76B)
Class org.jetbrains.kotlin.gradle.tasks.KotlinTasksProvider                           : loaded 2 times (x 72B)
Class org.jetbrains.kotlin.gradle.dsl.KotlinCommonCompilerOptions                     : loaded 2 times (x 70B)
Class com.google.protobuf.Reader                                                      : loaded 2 times (x 70B)
Class org.gradle.accessors.dm.LibrariesForLibsInPluginsBlock$KotlinPluginAccessors    : loaded 2 times (x 75B)
Class jdk.internal.jimage.decompressor.ZipDecompressorFactory                         : loaded 2 times (x 74B)
Class org.jetbrains.kotlin.metadata.ProtoBuf$Effect$1                                 : loaded 2 times (x 144B)
Class org.jetbrains.kotlin.metadata.ProtoBuf$Visibility                               : loaded 2 times (x 82B)
Class org.jetbrains.kotlin.metadata.jvm.deserialization.JvmMemberSignature$Field      : loaded 2 times (x 75B)
Class org.jetbrains.kotlin.metadata.ProtoBuf$ConstructorOrBuilder                     : loaded 2 times (x 70B)
Class org.jetbrains.kotlin.metadata.jvm.JvmProtoBuf                                   : loaded 2 times (x 71B)
Class com.android.build.gradle.internal.workeractions.WorkerActionServiceRegistry$registerServiceAsCloseable$2: loaded 2 times (x 76B)
Class org.jetbrains.kotlin.daemon.common.CompilerId$Companion                         : loaded 2 times (x 71B)
Class org.jetbrains.kotlin.compilerRunner.GradleCompilerRunnerWithWorkers$GradleKotlinCompilerWorkAction$Inject_: loaded 2 times (x 98B)
Class org.jetbrains.kotlin.buildtools.api.SourcesChanges$Unknown                      : loaded 2 times (x 73B)
Class org.jetbrains.kotlin.com.google.common.cache.CacheBuilder                       : loaded 2 times (x 72B)
Class org.jetbrains.kotlin.daemon.common.ReportCategory$Companion                     : loaded 2 times (x 71B)
Class com.android.utils.PositionXmlParser$ParserFactoryFunction                       : loaded 2 times (x 70B)
Class org.jetbrains.kotlin.gradle.tasks.AbstractKotlinCompile$friendPathsSet$1        : loaded 2 times (x 75B)
Class org.jetbrains.kotlin.build.report.metrics.BuildAttributes                       : loaded 2 times (x 72B)
Class com.android.build.gradle.tasks.JavaCompileKt                                    : loaded 2 times (x 71B)
Class com.android.build.gradle.tasks.ExtractDeepLinksTask$BaseCreationAction$configure$1$2: loaded 2 times (x 74B)
Class com.android.build.gradle.internal.tasks.ProcessJavaResTaskKt$getProjectJavaRes$2$3: loaded 2 times (x 75B)
Class com.google.gson.reflect.TypeToken                                               : loaded 2 times (x 75B)
Class com.sun.xml.bind.v2.runtime.unmarshaller.UnmarshallingContext$DefaultRootLoader : loaded 2 times (x 80B)
Class com.sun.xml.bind.v2.runtime.reflect.PrimitiveArrayListerLong                    : loaded 2 times (x 76B)
Class com.sun.xml.bind.v2.model.core.ClassInfo                                        : loaded 2 times (x 70B)
Class com.android.repository.impl.generated.v1.package-info                           : loaded 2 times (x 70B)
Class org.jetbrains.kotlin.statistics.metrics.OrMetricContainer                       : loaded 2 times (x 80B)
Class com.android.build.gradle.internal.tasks.UnsafeOutputsTask                       : loaded 2 times (x 325B)
Class com.android.build.gradle.internal.dependency.RecalculateStackFramesTransform$Inject_1: loaded 2 times (x 110B)
Class com.android.build.gradle.internal.lint.AndroidLintTask$FixSingleVariantCreationAction: loaded 2 times (x 95B)
Class com.android.build.gradle.internal.HostTestTaskManager$setupJavaCompilationTasks$1: loaded 2 times (x 75B)
Class com.android.build.gradle.internal.tasks.creationconfig.ProcessTestManifestCreationConfigKt: loaded 2 times (x 71B)
Class com.android.build.gradle.internal.tasks.DexArchiveBuilderTask$CreationAction$handleProvider$13: loaded 2 times (x 78B)
Class com.android.build.gradle.internal.tasks.PerModuleBundleTask$CreationAction$handleProvider$1: loaded 2 times (x 127B)
Class org.jetbrains.kotlin.compose.compiler.gradle.ComposeCompilerGradleSubplugin$applyToCompilation$allPluginProperties$1$3: loaded 2 times (x 75B)
Class org.jetbrains.kotlin.compose.compiler.gradle.internal.ComposeWithAgpConfig$AgpConfigurationProvider: loaded 2 times (x 70B)
Class org.jetbrains.kotlin.gradle.plugin.KotlinSourceSet$Companion                    : loaded 2 times (x 71B)
Class org.jetbrains.kotlin.gradle.plugin.mpp.compilationImpl.KotlinCompilationImpl    : loaded 2 times (x 140B)
Class [Lorg.jetbrains.kotlin.gradle.plugin.mpp.compilationImpl.factory.KotlinCompilationImplFactory$PostConfigure;: loaded 2 times (x 69B)
Class org.jetbrains.kotlin.konan.target.KonanTarget$MACOS_X64                         : loaded 2 times (x 78B)
Class com.android.build.gradle.tasks.JavaCompileCreationAction                        : loaded 2 times (x 90B)
Class com.android.build.gradle.internal.res.GenerateLibraryRFileTask$CreationAction$handleProvider$2: loaded 2 times (x 127B)
Class com.android.build.gradle.tasks.MergeSourceSetFolders                            : loaded 2 times (x 337B)
Class com.android.build.gradle.internal.AndroidTestTaskManager$createTopLevelTasks$3  : loaded 2 times (x 74B)
Class com.android.build.gradle.internal.scope.HostTestBuildFeaturesValuesImpl         : loaded 2 times (x 100B)
Class com.android.build.api.variant.impl.VariantImpl$buildConfigCreationConfig$2      : loaded 2 times (x 79B)
Class com.android.build.gradle.internal.dependency.SourceTypeAttributeKt              : loaded 2 times (x 71B)
Class com.android.build.api.artifact.impl.ArtifactsImpl$lookupProjectScopedArtifactsContainer$1: loaded 2 times (x 79B)
Class com.android.build.gradle.internal.dsl.PackagingOptions$AgpDecorated             : loaded 2 times (x 115B)
Class com.android.build.api.dsl.EmulatorControl                                       : loaded 2 times (x 70B)
Class com.android.build.gradle.internal.dsl.CompileSdkDelegate                        : loaded 2 times (x 89B)
Class com.android.build.gradle.internal.variant.LegacyVariantInputManager$3           : loaded 2 times (x 75B)
Class com.android.build.gradle.internal.dsl.AarMetadataImpl$AgpDecorated_Decorated    : loaded 2 times (x 137B)
Class com.android.build.gradle.internal.dsl.CoreNdkOptions                            : loaded 2 times (x 70B)
Class com.android.build.gradle.internal.dsl.decorator.AndroidPluginDslDecoratorKt     : loaded 2 times (x 71B)
Class com.android.build.gradle.internal.utils.KgpVersion$Companion                    : loaded 2 times (x 71B)
Class org.jetbrains.kotlin.konan.util.Named                                           : loaded 2 times (x 70B)
Class [Lorg.jetbrains.kotlin.gradle.report.BuildReportMode;                           : loaded 2 times (x 69B)
Class org.jetbrains.kotlin.statistics.metrics.BooleanOverridePolicy                   : loaded 2 times (x 85B)
Class org.jetbrains.kotlin.gradle.plugin.AbstractKotlinAndroidPluginWrapper           : loaded 2 times (x 86B)
Class com.android.build.gradle.internal.services.BuiltInKotlinServices$AvailabilityReason$BuiltInKotlinBooleanOptionEnabled: loaded 2 times (x 71B)
Class com.google.protobuf.AbstractMessage$BuilderParent                               : loaded 2 times (x 70B)
Class com.google.common.base.CharMatcher$Ascii                                        : loaded 2 times (x 112B)
Class com.android.manifmerger.OrphanXmlElement                                        : loaded 2 times (x 94B)
Class [Lcom.android.manifmerger.Actions$ActionType;                                   : loaded 2 times (x 69B)
Class com.android.build.gradle.internal.scope.InternalArtifactType$BUILT_IN_KAPT_INCREMENTAL_CACHE: loaded 2 times (x 74B)
Class com.android.build.gradle.internal.scope.InternalArtifactType$FEATURE_DATA_BINDING_BASE_FEATURE_INFO: loaded 2 times (x 74B)
Class com.android.build.gradle.internal.plugins.BasePlugin$bootClasspathConfig$2      : loaded 2 times (x 79B)
Class com.android.build.gradle.internal.plugins.AndroidPluginBaseServices$settingsExtension$2: loaded 2 times (x 79B)
Class com.google.common.collect.Sets$FilteredSet                                      : loaded 2 times (x 137B)
Class org.gradle.internal.classloader.ClassLoaderSpec                                 : loaded 2 times (x 71B)
Class kotlin.jvm.internal.FunctionReferenceImpl                                       : loaded 2 times (x 122B)
Class org.jetbrains.kotlin.descriptors.DeclarationDescriptorWithVisibility            : loaded 2 times (x 70B)
Class org.jetbrains.org.objectweb.asm.tree.AbstractInsnNode                           : loaded 2 times (x 78B)
Class org.jetbrains.org.objectweb.asm.tree.InnerClassNode                             : loaded 2 times (x 73B)
Class org.jetbrains.kotlin.protobuf.SmallSortedMap                                    : loaded 2 times (x 130B)
Class kotlin.collections.CollectionsKt___CollectionsJvmKt                             : loaded 2 times (x 71B)
Class com.android.build.gradle.internal.workeractions.WorkerActionServiceRegistry$registerServiceAsCloseable$3: loaded 2 times (x 78B)
Class com.android.build.gradle.internal.services.Aapt2Daemon                          : loaded 2 times (x 71B)
Class com.android.build.gradle.internal.scope.InternalArtifactType$DESUGAR_LIB_KEEP_RULES: loaded 2 times (x 74B)
Class com.android.build.gradle.internal.scope.InternalArtifactType$DESUGAR_LIB_DEX    : loaded 2 times (x 74B)
Class com.android.build.gradle.internal.scope.InternalArtifactType$BUILT_IN_KAPT_STUBS_INCREMENTAL_DATA: loaded 2 times (x 74B)
Class com.android.build.gradle.internal.scope.InternalArtifactType$ASM_INSTRUMENTED_PROJECT_JARS: loaded 2 times (x 74B)
Class [Lorg.jetbrains.kotlin.gradle.internal.config.JvmDefaultMode;                   : loaded 2 times (x 69B)
Class org.jetbrains.kotlin.gradle.internal.load.java.JvmAbi                           : loaded 2 times (x 71B)
Class com.android.aaptcompiler.XmlProcessor$process$3                                 : loaded 2 times (x 90B)
Class com.google.common.cache.CacheBuilderSpec$InitialCapacityParser                  : loaded 2 times (x 76B)
Class com.android.build.gradle.internal.tasks.MergeNativeLibsTask$Companion           : loaded 2 times (x 71B)
Class com.android.build.gradle.tasks.MapSourceSetPathsTask$CreateAction$configure$1   : loaded 2 times (x 74B)
Class org.jetbrains.kotlin.gradle.tasks.DefaultKotlinJavaToolchain$DefaultJavaToolchainSetter: loaded 2 times (x 75B)
Class org.jetbrains.kotlin.build.report.metrics.BuildAttributeKind                    : loaded 2 times (x 79B)
Class com.android.build.gradle.tasks.ExtractDeepLinksTask_Decorated                   : loaded 2 times (x 383B)
Class com.android.build.gradle.internal.AndroidJarInput_Decorated                     : loaded 2 times (x 128B)
Class com.google.gson.internal.sql.SqlTimestampTypeAdapter$1                          : loaded 2 times (x 75B)
Class com.google.gson.JsonPrimitive                                                   : loaded 2 times (x 93B)
Class com.sun.xml.bind.AccessorFactoryImpl                                            : loaded 2 times (x 81B)
Class com.sun.xml.bind.v2.model.core.MapPropertyInfo                                  : loaded 2 times (x 70B)
Class javax.xml.bind.ModuleUtil                                                       : loaded 2 times (x 71B)
Class com.android.repository.impl.meta.RepoPackageImpl$Archives                       : loaded 2 times (x 72B)
Class com.android.sdklib.repository.meta.SysImgFactory                                : loaded 2 times (x 72B)
Class com.android.build.gradle.internal.services.VersionedSdkLoaderService$sam$java_util_concurrent_Callable$0: loaded 2 times (x 75B)
Class org.jetbrains.kotlin.gradle.plugin.statistics.DaemonReuseCounter$Companion      : loaded 2 times (x 71B)
Class com.android.build.gradle.internal.VariantTaskManager$configureKotlinPluginTasksIfNecessary$1: loaded 2 times (x 79B)
Class com.android.build.gradle.internal.dependency.DexingOutputSplitTransformKt$registerTransformWithOutputType$1$1: loaded 2 times (x 75B)
Class com.android.build.gradle.internal.utils.DesugarLibConfigExtractor$Inject_1      : loaded 2 times (x 109B)
Class com.android.build.gradle.internal.dependency.MockableJarTransform$Parameters    : loaded 2 times (x 70B)
Class com.android.build.gradle.internal.cxx.logging.LoggingEnvironment                : loaded 2 times (x 70B)
Class com.android.build.gradle.internal.scope.InternalArtifactType$GLOBAL_SYNTHETICS_MIXED_SCOPE: loaded 2 times (x 74B)
Class org.jetbrains.kotlin.compose.compiler.gradle.ComposeCompilerGradleSubplugin$applyToCompilation$allPluginProperties$1$4: loaded 2 times (x 74B)
Class org.jetbrains.kotlin.gradle.plugin.mpp.KotlinCompilationsKt$moduleNameForCompilation$1: loaded 2 times (x 75B)
Class org.jetbrains.kotlin.gradle.plugin.mpp.KotlinCompilationsKt$addSourcesToKotlinCompileTask$1: loaded 2 times (x 75B)
Class org.jetbrains.kotlin.gradle.plugin.diagnostics.TransformActionUsingKotlinToolingDiagnostics$Parameters: loaded 2 times (x 70B)
Class org.jetbrains.kotlin.compilerRunner.CompilerSystemPropertiesService$Companion$registerIfAbsent$2$1: loaded 2 times (x 79B)
Class com.android.build.gradle.internal.tasks.creationconfig.JavaCompileCreationConfigKt: loaded 2 times (x 71B)
Class com.android.build.gradle.internal.tasks.creationconfig.BaseJavaPreCompileTaskCreationConfig: loaded 2 times (x 98B)
Class com.android.build.gradle.internal.res.GenerateLibraryRFileTask$CreationAction$handleProvider$3: loaded 2 times (x 127B)
Class com.android.build.gradle.internal.TaskManager$MergeType$MERGE                   : loaded 2 times (x 80B)
Class com.android.build.gradle.internal.scope.InternalArtifactType$MANIFEST_METADATA  : loaded 2 times (x 74B)
Class com.android.build.api.component.impl.features.OptimizationCreationConfigImpl$consumerProguardFilePaths$2: loaded 2 times (x 79B)
Class com.android.build.gradle.internal.AndroidTestTaskManager$createTopLevelTasks$4  : loaded 2 times (x 75B)
Class com.android.build.api.variant.impl.VariantImpl$renderscriptCreationConfig$2     : loaded 2 times (x 79B)
Class com.android.build.gradle.internal.component.TestFixturesCreationConfig          : loaded 2 times (x 70B)
Class com.android.build.gradle.internal.plugins.BasePlugin$createAndroidTasks$1       : loaded 2 times (x 77B)
Class com.android.build.gradle.internal.lint.AndroidLintGlobalTask$LintFixCreationAction: loaded 2 times (x 91B)
Class com.android.build.gradle.internal.lint.AndroidLintGlobalTask$BaseGlobalCreationAction: loaded 2 times (x 91B)
Class com.android.build.gradle.ProguardFiles                                          : loaded 2 times (x 71B)
Class com.android.builder.core.DefaultDexOptions                                      : loaded 2 times (x 99B)
Class com.android.build.gradle.api.ApkVariant                                         : loaded 2 times (x 70B)
Class com.android.build.gradle.internal.dsl.ResourcesPackagingImpl$AgpDecorated_Decorated: loaded 2 times (x 129B)
Class com.android.build.gradle.internal.variant.LegacyVariantInputManager$4           : loaded 2 times (x 74B)
Class com.android.build.gradle.internal.api.artifact.SourceArtifactType$KEEP_RULES    : loaded 2 times (x 74B)
Class com.android.build.gradle.internal.api.artifact.SourceArtifactType$RENDERSCRIPT  : loaded 2 times (x 74B)
Class com.android.build.gradle.internal.dsl.NdkOptions_Decorated                      : loaded 2 times (x 166B)
Class com.android.build.gradle.internal.dsl.decorator.DslDecorator$ManagedProperty    : loaded 2 times (x 72B)
Class org.jetbrains.kotlin.metadata.deserialization.MetadataVersion$Companion         : loaded 2 times (x 71B)
Class [Lorg.jetbrains.kotlin.statistics.metrics.NumberOverridePolicy;                 : loaded 2 times (x 69B)
Class org.jetbrains.kotlin.gradle.internal.properties.PropertiesBuildService$GradleProperty: loaded 2 times (x 70B)
Class org.jetbrains.kotlin.gradle.utils.StoredPropertyKt$projectStoredProperty$1      : loaded 2 times (x 78B)
Class org.jetbrains.kotlin.gradle.internal.Kapt3GradleSubplugin$Companion             : loaded 2 times (x 71B)
Class com.android.prefs.VariableType                                                  : loaded 2 times (x 79B)
Class org.jetbrains.kotlin.inline.InlineUtilKt                                        : loaded 2 times (x 71B)
Class com.android.tools.analytics.Environment                                         : loaded 2 times (x 73B)
Class com.android.build.gradle.internal.errors.DeprecationReporter                    : loaded 2 times (x 70B)
Class com.android.build.gradle.options.ApiStage$Stable                                : loaded 2 times (x 72B)
Class com.android.build.gradle.internal.crash.CrashReporting                          : loaded 2 times (x 71B)
Class com.android.build.api.variant.Component                                         : loaded 2 times (x 70B)
Class org.gradle.accessors.dm.LibrariesForLibsInPluginsBlock$AndroidxNavigationLibraryAccessors: loaded 2 times (x 77B)
Class org.gradle.accessors.dm.LibrariesForLibs$AndroidxEspressoLibraryAccessors       : loaded 2 times (x 77B)
Class org.gradle.accessors.dm.LibrariesForLibs$VersionAccessors                       : loaded 2 times (x 90B)
Class com.google.common.io.ByteSource$EmptyByteSource                                 : loaded 2 times (x 85B)
Class kotlin.Unit                                                                     : loaded 2 times (x 71B)
Class kotlin.TuplesKt                                                                 : loaded 2 times (x 71B)
Class org.jetbrains.kotlin.incremental.IncrementalJvmCacheKt                          : loaded 2 times (x 71B)
Class org.jetbrains.kotlin.protobuf.SmallSortedMap$EmptySet                           : loaded 2 times (x 71B)
Class org.jetbrains.kotlin.protobuf.MessageLite                                       : loaded 2 times (x 70B)
Class org.jetbrains.kotlin.load.kotlin.header.KotlinClassHeader$Kind$Companion        : loaded 2 times (x 71B)
Class kotlin.sequences.SequencesKt___SequencesJvmKt                                   : loaded 2 times (x 71B)
Class com.android.build.gradle.internal.scope.InternalArtifactType$JACOCO_CONFIG_RESOURCES: loaded 2 times (x 74B)
Class org.jetbrains.org.objectweb.asm.tree.Util                                       : loaded 2 times (x 71B)
Class org.jetbrains.kotlin.gradle.plugin.diagnostics.ToolingDiagnostic$Severity       : loaded 2 times (x 79B)
Class com.android.aapt.ConfigurationOuterClass$Configuration$NavHidden$1              : loaded 2 times (x 76B)
Class com.android.aaptcompiler.ResourceUtilsKt                                        : loaded 2 times (x 71B)
Class com.android.zipflinger.Zip64                                                    : loaded 2 times (x 71B)
Class com.google.common.cache.CacheBuilderSpec$WriteDurationParser                    : loaded 2 times (x 76B)
Class com.google.common.collect.RegularImmutableTable$Values                          : loaded 2 times (x 207B)
Class com.android.ide.common.symbols.SymbolIo$ReadConfiguration$1                     : loaded 2 times (x 81B)
Class [Lorg.jetbrains.kotlin.metadata.ProtoBuf$Modality;                              : loaded 2 times (x 69B)
Class org.gradle.internal.classloader.ClassLoaderHierarchy                            : loaded 2 times (x 70B)
Class jdk.internal.jimage.BasicImageReader                                            : loaded 2 times (x 95B)
Class com.android.resources.ResourceType                                              : loaded 2 times (x 79B)
Class com.android.build.gradle.tasks.MapSourceSetPathsTask$CreateAction$configure$2   : loaded 2 times (x 74B)
Class org.jetbrains.kotlin.gradle.tasks.K2MultiplatformStructure$RefinesEdge          : loaded 2 times (x 72B)
Class [Lcom.google.gson.ReflectionAccessFilter$FilterResult;                          : loaded 2 times (x 69B)
Class com.google.gson.JsonElement                                                     : loaded 2 times (x 92B)
Class com.sun.xml.bind.DatatypeConverterImpl                                          : loaded 2 times (x 111B)
Class com.sun.xml.bind.v2.ClassFactory                                                : loaded 2 times (x 71B)
Class com.android.sdklib.repository.generated.addon.v2.MavenType                      : loaded 2 times (x 80B)
Class com.android.repository.impl.generated.v2.LicenseRefType                         : loaded 2 times (x 77B)
Class com.android.sdklib.repository.AndroidSdkHandler$DefaultInstanceProvider         : loaded 2 times (x 75B)
Class com.android.repository.api.ProgressIndicatorAdapter                             : loaded 2 times (x 107B)
Class org.jetbrains.kotlin.statistics.BuildSessionLogger$Companion$listProfileFiles$lambda$4$$inlined$sortedBy$1: loaded 2 times (x 89B)
Class com.android.build.gradle.internal.VariantTaskManager$configureKotlinPluginTasksIfNecessary$2: loaded 2 times (x 79B)
Class com.android.build.gradle.internal.SdkComponentsBuildService$VersionedSdkLoader  : loaded 2 times (x 72B)
Class com.android.build.gradle.internal.dependency.ShrinkerVersion                    : loaded 2 times (x 75B)
Class org.jetbrains.kotlin.compose.compiler.gradle.ComposeCompilerGradleSubplugin$applyToCompilation$allPluginProperties$1$5: loaded 2 times (x 74B)
Class org.jetbrains.kotlin.gradle.tasks.configuration.TaskConfigAction$configureTask$1: loaded 2 times (x 79B)
Class com.android.build.gradle.internal.scope.InternalArtifactType$LOCAL_ONLY_SYMBOL_LIST: loaded 2 times (x 74B)
Class com.android.build.gradle.internal.tasks.CheckAarMetadataTask$CreationAction     : loaded 2 times (x 90B)
Class com.android.build.gradle.tasks.MergeResources$CreationAction$handleProvider$1   : loaded 2 times (x 78B)
Class com.android.build.gradle.tasks.MergeResources$CreationAction                    : loaded 2 times (x 94B)
Class com.android.build.gradle.internal.core.dsl.impl.SigningConfigResolver$Companion : loaded 2 times (x 71B)
Class com.android.build.gradle.internal.variant.VariantComponentInfo                  : loaded 2 times (x 72B)
Class com.android.build.api.variant.impl.ApplicationVariantImpl$targetSdk$2           : loaded 2 times (x 79B)
Class com.android.build.api.variant.GeneratesAar                                      : loaded 2 times (x 70B)
Class com.android.build.api.variant.Aidl                                              : loaded 2 times (x 70B)
Class com.google.protobuf.Internal$ListAdapter$Converter                              : loaded 2 times (x 70B)
Class com.android.build.gradle.internal.tasks.factory.BootClasspathConfigImpl$fullBootClasspath$2: loaded 2 times (x 79B)
Class com.android.build.gradle.internal.dsl.BundleOptionsDeviceGroup$AgpDecorated     : loaded 2 times (x 85B)
Class com.android.build.gradle.internal.dsl.EmulatorControl                           : loaded 2 times (x 83B)
Class com.android.build.gradle.internal.dsl.TestOptions_Decorated                     : loaded 2 times (x 171B)
Class com.android.build.gradle.internal.variant.LegacyVariantInputManager$5           : loaded 2 times (x 75B)
Class com.google.common.cache.LocalCache$ValueIterator                                : loaded 2 times (x 86B)
Class com.android.build.gradle.internal.plugins.AndroidPluginBaseServices             : loaded 2 times (x 78B)
Class com.android.build.gradle.api.ViewBindingOptions                                 : loaded 2 times (x 70B)
Class com.android.build.api.dsl.Split                                                 : loaded 2 times (x 70B)
Class com.android.build.api.dsl.LibraryDefaultConfig                                  : loaded 2 times (x 70B)
Class org.jetbrains.kotlin.gradle.dsl.JvmTarget                                       : loaded 2 times (x 79B)
Class org.jetbrains.kotlin.gradle.internal.ClassLoadersCachingBuildService            : loaded 2 times (x 76B)
Class org.jetbrains.kotlin.gradle.plugin.internal.DefaultJavaExecTaskParametersCompatibility$Factory: loaded 2 times (x 76B)
Class org.jetbrains.kotlin.gradle.plugin.VariantImplementationFactoriesConfigurator$Companion: loaded 2 times (x 71B)
Class [Lcom.android.builder.model.v2.ide.ProjectType;                                 : loaded 2 times (x 69B)
Class com.android.tools.analytics.CommonMetricsData$GarbageCollectionStatsDiffs       : loaded 2 times (x 71B)
Class com.android.build.gradle.internal.ClasspathVerifier                             : loaded 2 times (x 71B)
Class com.android.build.gradle.options.Version                                        : loaded 2 times (x 80B)
Class com.android.build.gradle.internal.plugins.BasePlugin$versionedSdkLoaderService$2: loaded 2 times (x 79B)
Class com.android.build.gradle.internal.plugins.AppPlugin$1                           : loaded 2 times (x 86B)
Class Settings_gradle$1$1                                                             : loaded 2 times (x 74B)
Class org.jetbrains.kotlin.cli.common.ModuleVisibilityHelperImpl                      : loaded 2 times (x 74B)
Class kotlin.ranges.RangesKt                                                          : loaded 2 times (x 71B)
Class com.android.build.gradle.internal.scope.InternalArtifactType$RUNTIME_R_CLASS_SOURCES: loaded 2 times (x 74B)
Class com.android.build.gradle.internal.scope.InternalArtifactType$ANNOTATIONS_TYPEDEF_FILE: loaded 2 times (x 74B)
Class com.android.manifmerger.XmlNode$NamespaceAwareName                              : loaded 2 times (x 77B)
Class org.jetbrains.kotlin.config.Services$Builder                                    : loaded 2 times (x 72B)
Class org.jetbrains.kotlin.gradle.tasks.KotlinCompile$createCompilerArguments$1$3$1   : loaded 2 times (x 79B)
Class android.aapt.pb.internal.ResourcesInternal                                      : loaded 2 times (x 71B)
Class com.google.protobuf.CodedOutputStream$UnsafeDirectNioEncoder                    : loaded 2 times (x 110B)
Class com.google.common.collect.StandardTable$CellIterator                            : loaded 2 times (x 83B)
Class com.android.ide.common.symbols.SymbolIo$ReadConfiguration$2                     : loaded 2 times (x 81B)
Class com.android.build.gradle.internal.plugins.BasePlugin$dslServices$2              : loaded 2 times (x 79B)
Class com.android.build.gradle.tasks.MapSourceSetPathsTask$CreateAction$configure$3   : loaded 2 times (x 74B)
Class com.android.ide.common.resources.FileValidity                                   : loaded 2 times (x 76B)
Class [Lorg.jetbrains.kotlin.compilerRunner.KotlinCompilerArgumentsLogLevel;          : loaded 2 times (x 69B)
Class org.jetbrains.kotlin.gradle.tasks.KotlinCompile_Decorated                       : loaded 2 times (x 599B)
Class com.android.build.gradle.internal.dependency.JdkImageTransformKt$getJdkImageFromTransform$1$1: loaded 2 times (x 75B)
Class com.google.gson.internal.bind.CollectionTypeAdapterFactory                      : loaded 2 times (x 75B)
Class com.sun.xml.bind.v2.runtime.reflect.ListIterator                                : loaded 2 times (x 70B)
Class com.sun.xml.bind.v2.model.impl.RuntimeModelBuilder$IDTransducerImpl             : loaded 2 times (x 88B)
Class com.android.sdklib.repository.generated.repository.v1.PlatformDetailsType       : loaded 2 times (x 120B)
Class javax.xml.bind.annotation.XmlElementRefs                                        : loaded 2 times (x 70B)
Class com.sun.xml.bind.v2.model.runtime.RuntimeElement                                : loaded 2 times (x 70B)
Class com.android.repository.impl.generated.v2.LicenseType                            : loaded 2 times (x 87B)
Class com.android.repository.impl.generated.v1.RepositoryType                         : loaded 2 times (x 86B)
Class com.android.sdklib.repository.generated.common.v2.LibraryType                   : loaded 2 times (x 90B)
Class com.android.sdklib.repository.generated.sysimg.v3.ObjectFactory                 : loaded 2 times (x 75B)
Class [Lcom.android.build.gradle.internal.SdkLocator$SdkLocationSource;               : loaded 2 times (x 69B)
Class [Lcom.android.build.gradle.internal.SdkType;                                    : loaded 2 times (x 69B)
Class com.android.build.gradle.internal.scope.BuildArtifactType                       : loaded 2 times (x 74B)
Class com.android.build.gradle.internal.api.AndroidArtifactVariantImpl                : loaded 2 times (x 230B)
Class com.android.build.gradle.internal.dependency.ModelArtifactCompatibilityRule     : loaded 2 times (x 76B)
Class com.android.build.gradle.internal.dependency.DesugarGraph                       : loaded 2 times (x 75B)
Class com.android.build.gradle.internal.dependency.DexingRegistration$ComponentSpecificParameters$Companion: loaded 2 times (x 71B)
Class com.android.build.gradle.internal.utils.DesugarLibUtils$registerDesugarLibConfigExtractorTransformIfAbsent$1: loaded 2 times (x 74B)
Class com.android.build.gradle.internal.dependency.MockableJarTransform               : loaded 2 times (x 78B)
Class com.android.build.gradle.internal.cxx.logging.ThreadLoggingEnvironment          : loaded 2 times (x 82B)
Class com.android.build.gradle.internal.tasks.CheckJetifierTask$CreationAction        : loaded 2 times (x 90B)
Class com.android.build.gradle.internal.lint.AndroidLintAnalysisTask                  : loaded 2 times (x 342B)
Class com.android.build.gradle.internal.tasks.ExtractVersionControlInfoTask$CreationAction: loaded 2 times (x 90B)
Class com.android.build.gradle.internal.tasks.MergeNativeDebugMetadataTask            : loaded 2 times (x 327B)
Class com.android.build.gradle.internal.tasks.BundleToApkTask                         : loaded 2 times (x 329B)
Class com.android.build.gradle.internal.tasks.ApplicationTaskManager$doCreateTasksForVariant$r8DexStartupOptimizationEnabled$1: loaded 2 times (x 74B)
Class com.android.build.gradle.internal.tasks.DexMergingAction                        : loaded 2 times (x 79B)
Class org.jetbrains.kotlin.compose.compiler.gradle.ComposeCompilerGradleSubplugin$applyToCompilation$allPluginProperties$1$6: loaded 2 times (x 74B)
Class org.jetbrains.kotlin.gradle.targets.js.dsl.KotlinWasmSubTargetContainerDsl      : loaded 2 times (x 70B)
Class org.jetbrains.kotlin.gradle.plugin.internal.BuildIdService$Companion            : loaded 2 times (x 71B)
Class com.android.build.api.component.impl.HostTestImpl$buildConfigCreationConfig$2   : loaded 2 times (x 79B)
Class com.android.build.api.component.impl.DeviceTestImpl$renderscript$2              : loaded 2 times (x 79B)
Class com.android.build.api.component.impl.DeviceTestImpl$signingConfig$2             : loaded 2 times (x 79B)
Class com.android.build.api.variant.GeneratesTestApkBuilder                           : loaded 2 times (x 70B)
Class com.android.build.gradle.internal.plugins.BasePlugin$createAndroidTasks$3       : loaded 2 times (x 79B)
Class com.android.build.gradle.internal.lint.AndroidLintGlobalTask$UpdateBaselineCreationAction: loaded 2 times (x 91B)
Class com.android.build.gradle.internal.ide.v2.ModelBuilder$Companion                 : loaded 2 times (x 71B)
Class com.android.build.gradle.internal.api.TestedVariant                             : loaded 2 times (x 70B)
Class com.google.wireless.android.sdk.stats.GradleBuildSplits                         : loaded 2 times (x 219B)
Class com.android.build.gradle.internal.variant.LegacyVariantInputManager$6           : loaded 2 times (x 74B)
Class com.android.build.gradle.internal.errors.AndroidProblemReporterProvider$Parameters$Inject_: loaded 2 times (x 106B)
Class com.android.ide.common.gradle.Version$Companion$ParseState                      : loaded 2 times (x 70B)
Class org.jetbrains.kotlin.gradle.utils.StoredPropertyStorage                         : loaded 2 times (x 72B)
Class org.jetbrains.kotlin.gradle.plugin.KotlinSourceSetContainer                     : loaded 2 times (x 70B)
Class com.android.build.gradle.internal.services.Aapt2ThreadPoolBuildServiceKt        : loaded 2 times (x 71B)
Class com.android.tools.analytics.HostData$memoryBean$2                               : loaded 2 times (x 78B)
Class com.android.build.gradle.internal.errors.AndroidProblemReporterProvider$Inject_ : loaded 2 times (x 96B)
Class com.android.build.gradle.options.SyncOptions$ErrorFormatMode                    : loaded 2 times (x 79B)
Class com.android.build.gradle.internal.errors.SyncIssueReporter                      : loaded 2 times (x 76B)
Class com.android.build.gradle.internal.plugins.AppPlugin$2                           : loaded 2 times (x 86B)
Class com.android.build.gradle.internal.dsl.InternalTestedExtension                   : loaded 2 times (x 70B)
Class com.google.common.hash.Hashing$ChecksumType                                     : loaded 2 times (x 88B)
Class org.gradle.internal.classloader.VisitableURLClassLoader                         : loaded 2 times (x 117B)
Class org.jetbrains.kotlin.inline.InlineFunction                                      : loaded 2 times (x 75B)
Class kotlin.collections.ArraysUtilJVM                                                : loaded 2 times (x 71B)
Class kotlin.jvm.functions.Function0                                                  : loaded 2 times (x 70B)
Class com.android.build.gradle.internal.scope.InternalArtifactType$FIXED_STACK_FRAMES_ASM_INSTRUMENTED_PROJECT_CLASSES: loaded 2 times (x 74B)
Class com.android.manifmerger.AttributeModel$Hexadecimal32BitsWithMinimumValue        : loaded 2 times (x 75B)
Class org.jetbrains.kotlin.daemon.common.CompilationOptions$Companion                 : loaded 2 times (x 71B)
Class com.android.ide.common.symbols.SymbolTableBuilder                               : loaded 2 times (x 78B)
Class android.aapt.pb.internal.ResourcesInternal$CompiledFile$SymbolOrBuilder         : loaded 2 times (x 70B)
Class [Lcom.android.aapt.ConfigurationOuterClass$Configuration$Navigation;            : loaded 2 times (x 69B)
Class [Lcom.android.aaptcompiler.Plural$Type;                                         : loaded 2 times (x 69B)
Class com.android.ide.common.symbols.SymbolUtils                                      : loaded 2 times (x 71B)
Class com.android.ide.common.symbols.SymbolIo$ReadConfiguration$3                     : loaded 2 times (x 81B)
Class com.android.build.gradle.tasks.MapSourceSetPathsTask$CreateAction$configure$4   : loaded 2 times (x 74B)
Class com.android.build.gradle.internal.DependencyResourcesComputer_Decorated         : loaded 2 times (x 141B)
Class com.android.build.gradle.internal.tasks.creationconfig.JavaCompileCreationConfigKt$computeJavaSourceWithoutDependencies$1$1: loaded 2 times (x 79B)
Class com.android.build.gradle.internal.signing.SigningConfigDataProvider             : loaded 2 times (x 72B)
Class com.android.build.gradle.internal.tasks.ProcessJavaResTaskKt$getProjectJavaRes$1: loaded 2 times (x 75B)
Class com.sun.xml.bind.v2.runtime.unmarshaller.Scope                                  : loaded 2 times (x 72B)
Class javax.xml.bind.helpers.DefaultValidationEventHandler                            : loaded 2 times (x 75B)
Class [Ljavax.xml.bind.annotation.adapters.XmlJavaTypeAdapter;                        : loaded 2 times (x 69B)
Class javax.xml.bind.annotation.XmlElement$DEFAULT                                    : loaded 2 times (x 71B)
Class com.sun.xml.bind.v2.runtime.InternalBridge                                      : loaded 2 times (x 87B)
Class com.android.build.gradle.internal.SdkLocator$SdkLocationSource$TEST_SDK_DIRECTORY: loaded 2 times (x 80B)
Class com.android.build.api.component.impl.OldVariantApiLegacySupportImpl$getVariantOutputs$1: loaded 2 times (x 75B)
Class com.android.build.gradle.internal.api.BaseVariantOutputImpl                     : loaded 2 times (x 112B)
Class com.android.build.gradle.internal.ApiObjectFactory                              : loaded 2 times (x 73B)
Class com.android.build.gradle.internal.utils.D8BackportedMethodsGenerator$Parameters : loaded 2 times (x 70B)
Class com.android.build.gradle.internal.lint.LintTaskManager$createLintTasks$variantLintTask$2$1: loaded 2 times (x 75B)
Class com.android.build.gradle.internal.dependency.SubtractingArtifactCollection$SubtractingArtifactResult$artifactResults$1: loaded 2 times (x 79B)
Class com.android.build.gradle.internal.scope.Java8LangSupport                        : loaded 2 times (x 79B)
Class org.jetbrains.kotlin.compose.compiler.gradle.ComposeCompilerGradleSubplugin$applyToCompilation$allPluginProperties$1$7: loaded 2 times (x 74B)
Class org.jetbrains.kotlin.gradle.plugin.mpp.compilationImpl.factory.ConfigurationNaming: loaded 2 times (x 70B)
Class [Lorg.jetbrains.kotlin.tooling.core.HasExtras;                                  : loaded 2 times (x 69B)
Class org.jetbrains.kotlin.gradle.plugin.mpp.compilationImpl.DefaultKotlinCompilationPostConfigureKt: loaded 2 times (x 71B)
Class org.jetbrains.kotlin.gradle.internal.IdeaKt$isInIdeaEnvironment$1               : loaded 2 times (x 74B)
Class org.jetbrains.kotlin.gradle.tasks.configuration.BaseKotlinCompileConfig$configureCommonParameters$1: loaded 2 times (x 74B)
Class com.android.build.api.variant.impl.ResourcesApkPackagingImpl$excludes$1         : loaded 2 times (x 75B)
Class com.android.build.gradle.tasks.MergeResources$CreationAction$handleProvider$3   : loaded 2 times (x 78B)
Class com.android.build.gradle.internal.attributes.VariantAttr$ImplFactory            : loaded 2 times (x 75B)
Class com.android.build.gradle.internal.core.dsl.impl.VariantDslInfoImpl$initApplicationId$2: loaded 2 times (x 75B)
Class com.android.build.api.variant.DependenciesInfoBuilder                           : loaded 2 times (x 70B)
Class com.android.build.gradle.internal.core.dsl.impl.VariantDslInfoImpl$applicationId$2: loaded 2 times (x 79B)
Class com.android.build.gradle.internal.plugins.DslContainerProvider$lock$1           : loaded 2 times (x 74B)
Class com.android.build.gradle.internal.tasks.factory.TaskFactory                     : loaded 2 times (x 70B)
Class com.android.builder.core.DexOptions                                             : loaded 2 times (x 70B)
Class com.android.build.gradle.internal.dsl.LintImpl$AgpDecorated                     : loaded 2 times (x 223B)
Class com.android.build.gradle.internal.api.DefaultAndroidSourceSet                   : loaded 2 times (x 227B)
Class com.google.common.base.Converter$FunctionBasedConverter                         : loaded 2 times (x 90B)
Class com.google.common.util.concurrent.AbstractFuture$Waiter                         : loaded 2 times (x 72B)
Class com.android.build.gradle.internal.dependency.SourceSetManager                   : loaded 2 times (x 72B)
Class org.jetbrains.kotlin.gradle.dsl.DefaultToolchainSupport$wireToolchainToTasks$1$1: loaded 2 times (x 75B)
Class org.jetbrains.kotlin.gradle.utils.SingleActionPerProject                        : loaded 2 times (x 73B)
Class org.jetbrains.kotlin.gradle.plugin.DefaultKotlinBasePlugin                      : loaded 2 times (x 82B)
Class com.android.prefs.AbstractAndroidLocations                                      : loaded 2 times (x 82B)
Class com.google.protobuf.ExtensionRegistryLite                                       : loaded 2 times (x 74B)
Class com.android.ide.common.repository.AgpVersion$Companion                          : loaded 2 times (x 71B)
Class com.android.build.gradle.internal.plugins.AndroidPluginBaseServices$optionService$2: loaded 2 times (x 79B)
Class com.android.build.gradle.internal.plugins.AppPlugin$3                           : loaded 2 times (x 86B)
Class com.android.build.api.variant.AndroidComponentsExtension                        : loaded 2 times (x 70B)
Class org.gradle.accessors.dm.LibrariesForLibsInPluginsBlock$OkhttpLibraryAccessors   : loaded 2 times (x 83B)
Class com.google.common.collect.ImmutableList$SerializedForm                          : loaded 2 times (x 73B)
Class Settings_gradle                                                                 : loaded 2 times (x 124B)
Class org.gradle.internal.Cast                                                        : loaded 2 times (x 71B)
Class org.gradle.api.Action                                                           : loaded 2 times (x 70B)
Class [Lorg.jetbrains.kotlin.metadata.ProtoBuf$VersionRequirement$VersionKind;        : loaded 2 times (x 69B)
Class org.jetbrains.kotlin.protobuf.CodedOutputStream                                 : loaded 2 times (x 72B)
Class org.jetbrains.kotlin.metadata.ProtoBuf$Annotation                               : loaded 2 times (x 109B)
Class org.jetbrains.org.objectweb.asm.tree.TypeInsnNode                               : loaded 2 times (x 78B)
Class kotlin.jvm.functions.Function1                                                  : loaded 2 times (x 70B)
Class com.android.build.api.variant.impl.SerializableApplicationMultiOutputHandler    : loaded 2 times (x 84B)
Class org.jetbrains.kotlin.daemon.client.KotlinCompilerClientKt                       : loaded 2 times (x 71B)
Class org.jetbrains.kotlin.compilerRunner.CompilerEnvironment                         : loaded 2 times (x 73B)
Class org.jetbrains.kotlin.cli.common.messages.GradleStyleMessageRenderer             : loaded 2 times (x 78B)
Class org.jetbrains.kotlin.com.google.common.cache.LocalCache$LocalManualCache        : loaded 2 times (x 99B)
Class org.jetbrains.kotlin.com.google.common.base.Suppliers                           : loaded 2 times (x 71B)
Class android.aapt.pb.internal.ResourcesInternal$CompiledFile$1                       : loaded 2 times (x 151B)
Class com.android.aapt.ConfigurationOuterClass$Configuration$UiModeNight              : loaded 2 times (x 87B)
Class com.android.aapt.ConfigurationOuterClass$Configuration$WideColorGamut$1         : loaded 2 times (x 76B)
Class com.android.aaptcompiler.AaptResourceTypeKt                                     : loaded 2 times (x 71B)
Class com.android.ide.common.symbols.SymbolIo$ReadConfiguration$4                     : loaded 2 times (x 81B)
Class com.android.ide.common.symbols.SymbolIo$ReadConfiguration                       : loaded 2 times (x 81B)
Class com.google.protobuf.MapField                                                    : loaded 2 times (x 89B)
Class com.android.build.gradle.tasks.MapSourceSetPathsTask$CreateAction$configure$10  : loaded 2 times (x 74B)
Class com.android.build.gradle.tasks.MapSourceSetPathsTask$CreateAction$configure$5   : loaded 2 times (x 74B)
Class com.android.build.gradle.tasks.MergeResources$CreationAction$configure$1        : loaded 2 times (x 75B)
Class com.google.gson.internal.bind.TreeTypeAdapter                                   : loaded 2 times (x 75B)
Class com.google.gson.internal.sql.SqlTimeTypeAdapter                                 : loaded 2 times (x 74B)
Class com.sun.xml.bind.v2.runtime.unmarshaller.LocatorEx                              : loaded 2 times (x 70B)
Class com.android.sdklib.repository.meta.DetailsTypes$MavenType                       : loaded 2 times (x 70B)
Class com.sun.xml.bind.v2.model.core.ElementPropertyInfo                              : loaded 2 times (x 70B)
Class com.sun.xml.bind.v2.model.impl.RuntimeElementInfoImpl                           : loaded 2 times (x 119B)
Class com.android.repository.api.RemotePackage                                        : loaded 2 times (x 70B)
Class com.android.sdklib.repository.generated.sysimg.v1.package-info                  : loaded 2 times (x 70B)
Class com.android.sdklib.repository.meta.DetailsTypes$SourceDetailsType               : loaded 2 times (x 70B)
Class org.jetbrains.kotlin.gradle.plugin.statistics.KotlinBuildStatsBeanService$close$1: loaded 2 times (x 79B)
Class org.jetbrains.kotlin.statistics.metrics.StatisticsValuesConsumer$DefaultImpls   : loaded 2 times (x 71B)
Class com.android.build.gradle.internal.dependency.DexingOutputSplitTransformKt       : loaded 2 times (x 71B)
Class com.android.build.gradle.internal.attribution.CheckJetifierBuildService$Parameters: loaded 2 times (x 70B)
Class com.android.build.gradle.internal.lint.AndroidLintTextOutputTask$LintVitalCreationAction$handleProvider$1: loaded 2 times (x 127B)
Class com.android.build.gradle.internal.test.AbstractTestDataImpl$testCoverageEnabled$1: loaded 2 times (x 79B)
Class com.android.builder.profile.NameAnonymizer                                      : loaded 2 times (x 72B)
Class org.jetbrains.kotlin.compose.compiler.gradle.ComposeCompilerGradleSubplugin$applyToCompilation$allPluginProperties$1$8: loaded 2 times (x 76B)
Class org.jetbrains.kotlin.gradle.plugin.mpp.compilationImpl.KotlinCompilationCompilerOptionsFromTargetConfigurator: loaded 2 times (x 74B)
Class org.jetbrains.kotlin.gradle.plugin.mpp.compilationImpl.factory.DefaultKotlinCompilationSourceSetsContainerFactory$DefaultDefaultSourceSetNaming: loaded 2 times (x 74B)
Class [Lorg.jetbrains.kotlin.gradle.plugin.mpp.compilationImpl.DefaultKotlinCompilationFriendPathsResolver$FriendArtifactResolver;: loaded 2 times (x 69B)
Class org.jetbrains.kotlin.gradle.internal.IdeaKt$isInIdeaEnvironment$2               : loaded 2 times (x 74B)
Class org.jetbrains.kotlin.gradle.tasks.configuration.BaseKotlinCompileConfig$configureCommonParameters$2: loaded 2 times (x 75B)
Class com.android.build.gradle.tasks.MergeResources$CreationAction$handleProvider$4   : loaded 2 times (x 78B)
Class com.android.build.gradle.internal.component.NestedComponentCreationConfig       : loaded 2 times (x 70B)
Class com.android.build.api.variant.TestedComponentPackaging                          : loaded 2 times (x 70B)
Class [Lcom.android.builder.errors.IssueReporter$Type;                                : loaded 2 times (x 69B)
Class com.android.build.gradle.internal.core.InternalBaseVariant$MergedFlavor         : loaded 2 times (x 70B)
Class com.android.build.gradle.internal.core.dsl.impl.DslInfoBuilder                  : loaded 2 times (x 72B)
Class com.android.build.gradle.internal.plugins.DslContainerProvider$lock$2           : loaded 2 times (x 74B)
Class com.android.build.api.artifact.impl.PropertyAdapter                             : loaded 2 times (x 70B)
Class com.android.build.gradle.ProguardFiles$ProguardFile                             : loaded 2 times (x 79B)
Class com.android.build.gradle.internal.cxx.configure.NativeModelBuilderOutcomeOrBuilder: loaded 2 times (x 70B)
Class com.android.builder.testing.api.DeviceProvider                                  : loaded 2 times (x 77B)
Class com.android.build.gradle.internal.dsl.ExternalNativeBuild$AgpDecorated_Decorated: loaded 2 times (x 144B)
Class com.android.build.gradle.internal.dsl.DeviceGroupFactory                        : loaded 2 times (x 75B)
Class com.google.protobuf.CodedInputStream$UnsafeDirectNioDecoder                     : loaded 2 times (x 120B)
Class org.jetbrains.kotlin.gradle.plugin.internal.ConfigurationCacheStartParameterAccessorKt: loaded 2 times (x 71B)
Class com.android.build.api.dsl.Ndk                                                   : loaded 2 times (x 70B)
Class com.android.build.api.dsl.BundleStoreArchive                                    : loaded 2 times (x 70B)
Class com.android.build.api.dsl.BundleCodeTransparency                                : loaded 2 times (x 70B)
Class com.android.ide.common.gradle.Version$Companion                                 : loaded 2 times (x 71B)
Class org.jetbrains.kotlin.gradle.plugin.GradleUtilsKt                                : loaded 2 times (x 71B)
Class org.jetbrains.kotlin.gradle.internal.properties.PropertiesBuildService$Params$Inject_: loaded 2 times (x 106B)
Class org.jetbrains.kotlin.gradle.internal.properties.PropertiesBuildService          : loaded 2 times (x 76B)
Class org.jetbrains.kotlin.gradle.plugin.BuildFinishedListenerService$Companion$registerIfAbsent$1$1$1: loaded 2 times (x 75B)
Class com.android.builder.profile.ThreadRecorder                                      : loaded 2 times (x 76B)
Class org.jetbrains.kotlin.gradle.plugin.KotlinPlatformType$Companion                 : loaded 2 times (x 71B)
Class org.jetbrains.kotlin.gradle.plugin.KotlinPlatformType$DisambiguationRule        : loaded 2 times (x 76B)
Class com.android.tools.analytics.AnalyticsSettingsData$Companion                     : loaded 2 times (x 71B)
Class com.android.build.gradle.internal.plugins.AndroidPluginBaseServices$optionService$2$1: loaded 2 times (x 78B)
Class com.android.build.gradle.internal.core.dsl.ApplicationVariantDslInfo            : loaded 2 times (x 70B)
Class com.android.build.gradle.internal.variant.DimensionCombination                  : loaded 2 times (x 70B)
Class com.android.build.gradle.internal.core.dsl.VariantDslInfo                       : loaded 2 times (x 70B)
Class com.android.build.gradle.internal.variant.VariantFactory                        : loaded 2 times (x 70B)
Class com.google.common.collect.HashBiMap                                             : loaded 2 times (x 143B)
Class jdk.internal.jimage.decompressor.ZipDecompressor                                : loaded 2 times (x 75B)
Class [Lorg.jetbrains.kotlin.metadata.jvm.JvmProtoBuf$StringTableTypes$Record$Operation;: loaded 2 times (x 69B)
Class [Lorg.jetbrains.kotlin.load.kotlin.header.KotlinClassHeader$Kind;               : loaded 2 times (x 69B)
Class kotlin.jvm.functions.Function2                                                  : loaded 2 times (x 70B)
Class com.android.manifmerger.XmlDocument                                             : loaded 2 times (x 94B)
Class org.jetbrains.kotlin.compilerRunner.GradleCompilerRunnerWithWorkers$GradleKotlinCompilerWorkAction: loaded 2 times (x 78B)
Class org.jetbrains.kotlin.com.google.common.cache.LocalCache$ValueReference          : loaded 2 times (x 70B)
Class com.google.protobuf.Utf8$SafeProcessor                                          : loaded 2 times (x 77B)
Class com.android.aapt.ConfigurationOuterClass$Configuration$Navigation               : loaded 2 times (x 87B)
Class com.android.ide.common.symbols.SymbolIo$ReadConfiguration$5                     : loaded 2 times (x 81B)
Class com.android.build.gradle.tasks.MapSourceSetPathsTask$CreateAction$configure$6   : loaded 2 times (x 74B)
Class com.android.build.gradle.tasks.MergeResources$CreationAction$configure$2        : loaded 2 times (x 75B)
Class org.jetbrains.kotlin.gradle.tasks.KotlinCompile$javaSources$1                   : loaded 2 times (x 75B)
Class org.jetbrains.kotlin.incremental.IncrementalCompilationFeatures                 : loaded 2 times (x 71B)
Class com.google.gson.internal.bind.TypeAdapters$20                                   : loaded 2 times (x 75B)
Class com.sun.xml.bind.v2.runtime.unmarshaller.StructureLoader                        : loaded 2 times (x 78B)
Class com.sun.xml.bind.v2.runtime.reflect.Accessor$SetterOnlyReflection               : loaded 2 times (x 85B)
Class com.sun.xml.bind.v2.model.impl.ElementPropertyInfoImpl                          : loaded 2 times (x 123B)
Class com.sun.xml.bind.v2.model.impl.TypeInfoSetImpl$1                                : loaded 2 times (x 80B)
Class com.sun.xml.bind.v2.model.runtime.RuntimeArrayInfo                              : loaded 2 times (x 70B)
Class com.android.repository.impl.generated.generic.v2.ObjectFactory                  : loaded 2 times (x 75B)
Class com.android.repository.impl.generated.v1.DependenciesType                       : loaded 2 times (x 75B)
Class com.android.build.gradle.internal.scope.InternalArtifactType$LINT_VITAL_LINT_MODEL: loaded 2 times (x 74B)
Class com.android.build.gradle.internal.dependency.IdentityTransform$Parameters_Decorated: loaded 2 times (x 135B)
Class com.android.build.gradle.internal.cxx.gradle.generator.CxxConfigurationModelKt$ENABLE_CHECK_CONFIG_TIME_CONSTRUCTION$2: loaded 2 times (x 78B)
Class com.android.build.gradle.internal.scope.InternalArtifactType$UNIT_TEST_CONFIG_DIRECTORY: loaded 2 times (x 74B)
Class com.android.build.api.variant.impl.ResSourceDirectoriesImpl                     : loaded 2 times (x 92B)
Class com.android.build.gradle.tasks.ProcessTestManifest                              : loaded 2 times (x 353B)
Class com.android.build.gradle.internal.tasks.ExtractNativeDebugMetadataTask          : loaded 2 times (x 332B)
Class com.android.build.gradle.internal.scope.InternalArtifactType$EXTERNAL_FILE_LIB_DEX_ARCHIVES: loaded 2 times (x 74B)
Class org.jetbrains.kotlin.compose.compiler.gradle.ComposeCompilerGradleSubplugin$applyToCompilation$allPluginProperties$1$9: loaded 2 times (x 76B)
Class org.jetbrains.kotlin.gradle.plugin.diagnostics.KotlinToolingDiagnosticsCollector: loaded 2 times (x 76B)
Class com.android.build.gradle.internal.scope.InternalArtifactType$COMPILE_APP_CLASSES_JAR: loaded 2 times (x 74B)
Class com.android.build.api.variant.impl.DexPackagingOptionsImpl                      : loaded 2 times (x 75B)
Class com.android.build.gradle.internal.tasks.MergeNativeLibsTaskKt                   : loaded 2 times (x 71B)
Class com.android.build.gradle.internal.scope.InternalArtifactType$ANDROID_RES_SOURCE_SET_PATH_MAP: loaded 2 times (x 74B)
Class com.android.build.gradle.tasks.MergeResources$CreationAction$handleProvider$5   : loaded 2 times (x 78B)
Class com.android.build.api.component.impl.MutableListBackedUpWithListProperty        : loaded 2 times (x 205B)
Class com.android.build.api.variant.VariantExtensionConfig                            : loaded 2 times (x 70B)
Class com.android.build.gradle.internal.core.dsl.AndroidTestComponentDslInfo          : loaded 2 times (x 70B)
Class com.android.build.api.variant.impl.VariantOutputConfigurationImplKt$WhenMappings: loaded 2 times (x 71B)
Class com.android.build.gradle.internal.dependency.VariantDependencies                : loaded 2 times (x 76B)
Class com.android.build.gradle.internal.plugins.DslContainerProvider$lock$3           : loaded 2 times (x 74B)
Class com.android.builder.model.v2.models.ndk.NativeModelBuilderParameter             : loaded 2 times (x 70B)
Class com.google.wireless.android.sdk.stats.GradleProjectOptionsSettings              : loaded 2 times (x 220B)
Class com.android.build.gradle.internal.api.artifact.SourceArtifactType               : loaded 2 times (x 74B)
Class com.android.build.gradle.internal.dsl.decorator.annotation.RuntimeGuardedExperimentalApi: loaded 2 times (x 70B)
Class com.android.build.api.dsl.AgpTestSuite                                          : loaded 2 times (x 70B)
Class com.android.build.api.dsl.MaxSdkVersion                                         : loaded 2 times (x 70B)
Class [Lcom.android.build.gradle.internal.dsl.decorator.SupportedPropertyType;        : loaded 2 times (x 69B)
Class org.jetbrains.kotlin.tooling.core.MutableExtrasImpl                             : loaded 2 times (x 165B)
Class org.jetbrains.kotlin.gradle.plugin.statistics.KotlinBuildStatsMXBean            : loaded 2 times (x 70B)
Class org.jetbrains.kotlin.gradle.utils.FileUtilsKt                                   : loaded 2 times (x 71B)
Class com.android.build.api.dsl.DynamicFeatureVariantDimension                        : loaded 2 times (x 70B)
Class com.android.build.gradle.internal.dsl.decorator.SupportedPropertyType$Collection$Set: loaded 2 times (x 74B)
Class com.android.build.gradle.internal.dsl.ConsumerKeepRulesImpl                     : loaded 2 times (x 92B)
Class com.android.build.gradle.internal.dsl.VcsInfoImpl                               : loaded 2 times (x 77B)
Class [Lcom.android.tools.analytics.Environment$EnvironmentVariable;                  : loaded 2 times (x 69B)
Class com.android.SdkConstants                                                        : loaded 2 times (x 71B)
Class com.android.build.gradle.internal.services.R8D8ThreadPoolBuildService$Companion : loaded 2 times (x 71B)
Class com.android.build.gradle.internal.dsl.CompileSdkSpecImpl                        : loaded 2 times (x 86B)
Class com.android.build.api.instrumentation.manageddevice.ManagedDeviceRegistry       : loaded 2 times (x 70B)
Class com.android.build.gradle.internal.services.GlobalServiceRegistrationAction$execute$1: loaded 2 times (x 75B)
Class com.android.build.gradle.internal.services.RunOnceBuildService                  : loaded 2 times (x 70B)
Class com.google.common.cache.RemovalCause$1                                          : loaded 2 times (x 80B)
Class org.gradle.internal.classpath.DefaultClassPath$ImmutableUniqueList$Builder      : loaded 2 times (x 75B)
Class org.jetbrains.kotlin.serialization.deserialization.ProtoEnumFlags               : loaded 2 times (x 71B)
Class org.jetbrains.kotlin.incremental.classpathDiff.PackageFacadeKotlinClassSnapshot : loaded 2 times (x 76B)
Class org.jetbrains.kotlin.protobuf.Internal$EnumLite                                 : loaded 2 times (x 70B)
Class kotlin.jvm.functions.Function3                                                  : loaded 2 times (x 70B)
Class kotlin.collections.MapsKt___MapsJvmKt                                           : loaded 2 times (x 71B)
Class com.android.build.gradle.internal.scope.InternalArtifactType$LEGACY_MULTIDEX_MAIN_DEX_LIST: loaded 2 times (x 74B)
Class com.android.build.gradle.internal.scope.InternalArtifactType$ASM_INSTRUMENTED_PROJECT_CLASSES: loaded 2 times (x 74B)
Class com.android.manifmerger.AttributeModel$Hexadecimal32Bits                        : loaded 2 times (x 75B)
Class org.jetbrains.kotlin.daemon.common.LoopbackNetworkInterface                     : loaded 2 times (x 71B)
Class org.jetbrains.kotlin.compilerRunner.GradleKotlinCompilerWork$compileWithDaemonOrFallbackImpl$1$3: loaded 2 times (x 79B)
Class com.android.aaptcompiler.Reference$Type                                         : loaded 2 times (x 79B)
Class com.google.common.collect.RowSortedTable                                        : loaded 2 times (x 70B)
Class com.android.ide.common.symbols.SymbolIo$ReadConfiguration$6                     : loaded 2 times (x 81B)
Class com.android.build.gradle.internal.dsl.CoreExternalNativeCmakeOptions            : loaded 2 times (x 70B)
Class com.android.ide.common.resources.FileStatus                                     : loaded 2 times (x 79B)
Class com.google.wireless.android.sdk.stats.GradleTaskExecution                       : loaded 2 times (x 205B)
Class com.android.build.gradle.internal.dependency.JdkImageTransform$Inject_1         : loaded 2 times (x 110B)
Class com.android.build.gradle.internal.dependency.JdkImageTransformKt$registerJdkImageTransform$1: loaded 2 times (x 75B)
Class com.android.build.api.dsl.AndroidSourceFile                                     : loaded 2 times (x 70B)
Class com.google.gson.internal.bind.TypeAdapters$21                                   : loaded 2 times (x 75B)
Class com.google.gson.FieldNamingPolicy$1                                             : loaded 2 times (x 83B)
Class com.sun.xml.bind.v2.runtime.unmarshaller.Intercepter                            : loaded 2 times (x 70B)
Class [Ljavax.xml.bind.annotation.XmlAccessOrder;                                     : loaded 2 times (x 69B)
Class javax.xml.bind.annotation.adapters.XmlJavaTypeAdapters                          : loaded 2 times (x 70B)
Class com.android.sdklib.repository.meta.AddonFactory                                 : loaded 2 times (x 74B)
Class com.android.sdklib.repository.AndroidSdkHandler$Companion                       : loaded 2 times (x 71B)
Class com.android.build.gradle.internal.SdkDirectLoadingStrategy$Companion            : loaded 2 times (x 71B)
Class com.android.build.gradle.internal.scope.InternalArtifactType$FULL_JAR           : loaded 2 times (x 74B)
Class com.android.build.gradle.internal.dependency.DexingRegistration$ComponentSpecificParameters: loaded 2 times (x 72B)
Class com.android.build.gradle.internal.utils.DesugarLibUtils                         : loaded 2 times (x 71B)
Class com.android.build.gradle.internal.dependency.AarResourcesCompilerTransform$Inject_1: loaded 2 times (x 109B)
Class com.android.build.gradle.internal.cxx.configure.NdkLocator                      : loaded 2 times (x 72B)
Class com.android.build.api.variant.impl.TestVariantImpl                              : loaded 2 times (x 681B)
Class com.android.build.gradle.internal.tasks.SdkDependencyDataGeneratorTask$CreationAction: loaded 2 times (x 90B)
Class com.android.build.gradle.internal.tasks.BundleReportDependenciesTask            : loaded 2 times (x 327B)
Class com.android.build.gradle.internal.tasks.CheckDuplicateClassesTask               : loaded 2 times (x 326B)
Class org.jetbrains.kotlin.gradle.plugin.mpp.KotlinCompilationFactory$DefaultImpls    : loaded 2 times (x 71B)
Class org.jetbrains.kotlin.gradle.plugin.mpp.compilationImpl.factory.DefaultKotlinCompilationDependencyConfigurationsFactory: loaded 2 times (x 75B)
Class com.android.build.api.variant.JniLibsTestedApkPackaging                         : loaded 2 times (x 70B)
Class com.android.build.gradle.internal.scope.InternalArtifactType$JAVA_RES           : loaded 2 times (x 74B)
Class com.android.build.gradle.tasks.MergeResources$CreationAction$handleProvider$6   : loaded 2 times (x 78B)
Class [Lcom.android.build.gradle.tasks.MergeResources$Flag;                           : loaded 2 times (x 69B)
Class com.android.build.gradle.internal.dependency.ProvidedClasspathSubtractor$excludes$1: loaded 2 times (x 79B)
Class com.android.build.api.component.impl.features.OptimizationCreationConfigImpl    : loaded 2 times (x 85B)
Class com.android.build.gradle.internal.dependency.VariantDependencies$WhenMappings   : loaded 2 times (x 71B)
Class com.android.build.api.variant.impl.CodeTransparencyImpl                         : loaded 2 times (x 75B)
Class com.android.build.api.variant.InternalSources                                   : loaded 2 times (x 70B)
Class com.android.build.gradle.internal.plugins.DslContainerProvider$lock$4           : loaded 2 times (x 75B)
Class com.android.build.api.dsl.CompileSdkReleaseSpec                                 : loaded 2 times (x 70B)
Class com.android.build.gradle.internal.core.InternalBaseVariant                      : loaded 2 times (x 70B)
Class com.android.build.gradle.internal.scope.DelayedActionsExecutor                  : loaded 2 times (x 72B)
Class org.jetbrains.kotlin.gradle.internal.properties.PropertiesBuildService$Companion$registerIfAbsent$1: loaded 2 times (x 75B)
Class org.jetbrains.kotlin.gradle.plugin.internal.DefaultConfigurationCacheStartParameterAccessorVariantFactory: loaded 2 times (x 76B)
Class org.jetbrains.kotlin.gradle.dsl.KotlinCommonCompilerToolOptions                 : loaded 2 times (x 70B)
Class com.android.build.gradle.internal.plugins.BasePlugin$Companion$createAndroidJdkImageConfiguration$1: loaded 2 times (x 74B)
Class [Lcom.android.prefs.LocationValue;                                              : loaded 2 times (x 69B)
Class com.android.build.gradle.internal.dsl.ManagedDevices                            : loaded 2 times (x 80B)
Class com.android.build.gradle.internal.dsl.CmakeOptions$AgpDecorated_Decorated       : loaded 2 times (x 146B)
Class com.android.build.gradle.internal.dsl.SdkComponentsImpl_Decorated               : loaded 2 times (x 130B)
Class com.android.utils.Environment                                                   : loaded 2 times (x 74B)
Class com.android.build.gradle.internal.plugins.LibraryPlugin                         : loaded 2 times (x 97B)
Class com.android.build.gradle.AssetPackPluginKt                                      : loaded 2 times (x 71B)
Class org.gradle.accessors.dm.LibrariesForLibsInPluginsBlock$KotlinxLibraryAccessors  : loaded 2 times (x 78B)
Class com.google.common.cache.RemovalCause$2                                          : loaded 2 times (x 80B)
Class com.google.common.collect.AbstractRangeSet                                      : loaded 2 times (x 114B)
Class org.jetbrains.kotlin.incremental.impl.ConstantValueExternalizer                 : loaded 2 times (x 76B)
Class org.jetbrains.kotlin.protobuf.RopeByteString                                    : loaded 2 times (x 110B)
Class kotlin.collections.EmptySet                                                     : loaded 2 times (x 122B)
Class org.jetbrains.kotlin.metadata.jvm.deserialization.JvmNameResolverBase           : loaded 2 times (x 80B)
Class org.jetbrains.org.objectweb.asm.tree.IincInsnNode                               : loaded 2 times (x 78B)
Class org.jetbrains.org.objectweb.asm.tree.MultiANewArrayInsnNode                     : loaded 2 times (x 79B)
Class org.jetbrains.kotlin.incremental.classpathDiff.impl.BasicClassInfo$Companion    : loaded 2 times (x 71B)
Class kotlin.collections.CollectionsKt___CollectionsKt                                : loaded 2 times (x 71B)
Class com.android.manifmerger.Actions$NodeRecord                                      : loaded 2 times (x 77B)
Class com.android.manifmerger.MergingReport$Builder                                   : loaded 2 times (x 87B)
Class com.android.manifmerger.ManifestModel$NoKeyNodeResolver                         : loaded 2 times (x 77B)
Class com.android.manifmerger.ManifestSystemProperty$Document                         : loaded 2 times (x 85B)
Class org.jetbrains.kotlin.com.google.common.cache.CacheLoader                        : loaded 2 times (x 74B)
Class org.jetbrains.kotlin.com.google.common.cache.AbstractCache$StatsCounter         : loaded 2 times (x 70B)
Class org.jetbrains.kotlin.gradle.internal.ClassLoadersCachingBuildService$Parameters$Inject_: loaded 2 times (x 106B)
Class com.android.ide.common.symbols.Symbol$BasicStyleableSymbol                      : loaded 2 times (x 81B)
Class com.android.aapt.ConfigurationOuterClass$Configuration$KeysHidden               : loaded 2 times (x 87B)
Class com.android.aapt.ConfigurationOuterClass$Configuration                          : loaded 2 times (x 238B)
Class com.android.utils.PathUtils                                                     : loaded 2 times (x 71B)
Class com.android.build.gradle.tasks.MapSourceSetPathsTask$CreateAction$configure$8   : loaded 2 times (x 79B)
Class com.android.build.gradle.tasks.KotlinCompileCreationActionKt$configureKotlinJvmCompile$1: loaded 2 times (x 79B)
Class org.jetbrains.kotlin.build.report.metrics.BuildPerformanceMetrics$Companion     : loaded 2 times (x 71B)
Class com.android.build.gradle.internal.services.FakeDependencyJarBuildService$FakeDependencyJarCreator$Params: loaded 2 times (x 70B)
Class com.android.build.gradle.internal.tasks.ProcessJavaResTaskKt                    : loaded 2 times (x 71B)
Class com.google.gson.internal.bind.TypeAdapters$22                                   : loaded 2 times (x 75B)
Class com.google.gson.internal.Excluder$1                                             : loaded 2 times (x 74B)
Class com.google.gson.FieldNamingPolicy$2                                             : loaded 2 times (x 83B)
Class [Lcom.sun.xml.bind.v2.runtime.property.PropertyImpl;                            : loaded 2 times (x 69B)
Class com.sun.xml.bind.v2.runtime.IllegalAnnotationException                          : loaded 2 times (x 86B)
Class com.sun.xml.bind.v2.model.impl.RuntimeEnumLeafInfoImpl                          : loaded 2 times (x 149B)
Class javax.xml.bind.JAXBIntrospector                                                 : loaded 2 times (x 73B)
Class com.android.repository.api.SettingsController                                   : loaded 2 times (x 70B)
Class com.android.build.gradle.internal.scope.InternalArtifactType$AIDL_PARCELABLE    : loaded 2 times (x 74B)
Class com.android.build.gradle.internal.dependency.AarTransform$Companion             : loaded 2 times (x 71B)
Class com.android.build.api.variant.impl.FlatSourceDirectoriesForJavaImpl$internalGenerators$2$1: loaded 2 times (x 76B)
Class com.android.build.api.variant.SourceDirectories                                 : loaded 2 times (x 70B)
Class com.android.build.gradle.internal.lint.AndroidLintAnalysisTask$PerComponentCreationAction: loaded 2 times (x 90B)
Class com.android.build.gradle.internal.core.dsl.DynamicFeatureVariantDslInfo         : loaded 2 times (x 70B)
Class com.android.build.gradle.internal.tasks.DexMergingTask$CreationAction$WhenMappings: loaded 2 times (x 71B)
Class com.android.build.gradle.internal.tasks.CheckDuplicateClassesTask$CreationAction: loaded 2 times (x 90B)
Class com.android.build.gradle.internal.tasks.MergeJavaResourceTask                   : loaded 2 times (x 360B)
Class [Lorg.jetbrains.kotlin.gradle.plugin.sources.ConsistencyCheck;                  : loaded 2 times (x 69B)
Class com.android.build.gradle.tasks.MergeSourceSetFolders$MergeAssetBaseCreationAction: loaded 2 times (x 91B)
Class com.android.build.gradle.internal.tasks.ProcessNavigationXmlTask                : loaded 2 times (x 331B)
Class com.android.build.gradle.internal.scope.InternalArtifactType$CHECK_MANIFEST_RESULT: loaded 2 times (x 74B)
Class com.android.build.api.component.impl.OldVariantApiLegacySupportImpl             : loaded 2 times (x 89B)
Class com.android.build.api.component.impl.features.OptimizationCreationConfigImpl$proguardFiles$2: loaded 2 times (x 79B)
Class com.android.build.gradle.internal.scope.InternalArtifactType$NESTED_RESOURCES_VALIDATION_REPORT: loaded 2 times (x 74B)
Class com.android.build.gradle.internal.HostTestTaskManager$createTopLevelTasksCore$1 : loaded 2 times (x 75B)
Class com.android.build.gradle.internal.core.MergedExternalNativeBuildOptions         : loaded 2 times (x 87B)
Class com.android.build.api.variant.impl.ApplicationVariantImpl$dexing$2              : loaded 2 times (x 79B)
Class com.android.build.gradle.internal.VariantManager$getFlavorSelection$1           : loaded 2 times (x 78B)
Class com.android.build.gradle.internal.dsl.ModulePropertyKey                         : loaded 2 times (x 70B)
Class com.android.build.gradle.internal.core.dsl.impl.ComponentDslInfoImpl$androidResourcesDsl$2: loaded 2 times (x 79B)
Class com.android.build.gradle.internal.VariantManager$getLazyManifestParser$1        : loaded 2 times (x 79B)
Class com.android.build.gradle.internal.plugins.DslContainerProvider$lock$5           : loaded 2 times (x 75B)
Class com.android.build.gradle.internal.dsl.BundleOptionsStoreArchive$AgpDecorated    : loaded 2 times (x 81B)
Class com.android.build.gradle.internal.dsl.ApplicationExtensionImpl$AgpDecorated_Decorated: loaded 2 times (x 468B)
Class com.android.build.gradle.internal.tasks.SigningConfigUtils$Companion$gson$2     : loaded 2 times (x 78B)
Class org.jetbrains.kotlin.gradle.plugin.statistics.FlowActionBuildFusService$Companion: loaded 2 times (x 71B)
Class org.jetbrains.kotlin.gradle.report.ReportingSettings                            : loaded 2 times (x 72B)
Class org.jetbrains.kotlin.statistics.metrics.StringAnonymizationPolicy$ComponentVersionAnonymizer: loaded 2 times (x 78B)
Class org.jetbrains.kotlin.gradle.plugin.KotlinBasePluginWrapper                      : loaded 2 times (x 86B)
Class com.android.build.gradle.internal.plugins.BasePlugin$Companion$createAndroidJdkImageConfiguration$2: loaded 2 times (x 74B)
Class com.android.build.gradle.internal.ManagedDeviceUtilsKt                          : loaded 2 times (x 71B)
Class com.android.build.api.artifact.impl.SingleInitialProviderRequestImpl$on$2       : loaded 2 times (x 75B)
Class com.google.gson.TypeAdapter$1                                                   : loaded 2 times (x 74B)
Class com.android.build.api.annotations.ReplacedByIncubating                          : loaded 2 times (x 70B)
Class com.android.build.gradle.internal.attributes.VariantAttr                        : loaded 2 times (x 70B)
Class com.android.build.gradle.internal.services.GlobalServiceRegistrationAction      : loaded 2 times (x 73B)
Class org.gradle.accessors.dm.LibrariesForLibsInPluginsBlock$AndroidxActivityLibraryAccessors: loaded 2 times (x 77B)
Class com.google.common.cache.RemovalCause$3                                          : loaded 2 times (x 80B)
Class org.gradle.api.GradleException                                                  : loaded 2 times (x 82B)
Class org.jetbrains.kotlin.incremental.PackagePartProtoData                           : loaded 2 times (x 72B)
Class kotlin.reflect.KDeclarationContainer                                            : loaded 2 times (x 70B)
Class org.jetbrains.org.objectweb.asm.SymbolTable$Entry                               : loaded 2 times (x 74B)
Class org.jetbrains.org.objectweb.asm.tree.LocalVariableAnnotationNode                : loaded 2 times (x 82B)
Class org.jetbrains.kotlin.metadata.deserialization.BinaryVersion                     : loaded 2 times (x 74B)
Class kotlin.text.StringsKt___StringsJvmKt                                            : loaded 2 times (x 71B)
Class com.android.build.gradle.internal.scope.InternalArtifactType$SHRUNK_RESOURCES_BINARY_FORMAT: loaded 2 times (x 74B)
Class com.android.build.gradle.internal.scope.InternalArtifactType$METADATA_FEATURE_MANIFEST: loaded 2 times (x 74B)
Class org.jetbrains.kotlin.daemon.common.StringPropMapper$3                           : loaded 2 times (x 125B)
Class com.android.ide.common.xml.ManifestData$Activity                                : loaded 2 times (x 72B)
Class com.android.aapt.ConfigurationOuterClass$Configuration$KeysHidden$1             : loaded 2 times (x 76B)
Class com.android.build.gradle.tasks.MapSourceSetPathsTask$CreateAction$configure$9   : loaded 2 times (x 74B)
Class com.android.build.gradle.tasks.KotlinCompileCreationActionKt$configureKotlinJvmCompile$2: loaded 2 times (x 79B)
Class com.google.gson.internal.bind.TypeAdapters$23                                   : loaded 2 times (x 75B)
Class com.google.gson.FieldNamingPolicy$3                                             : loaded 2 times (x 83B)
Class com.android.repository.impl.generated.v1.PatchType                              : loaded 2 times (x 87B)
Class com.sun.xml.bind.v2.runtime.reflect.Accessor$ReadOnlyFieldReflection            : loaded 2 times (x 85B)
Class com.sun.xml.bind.v2.model.core.AttributePropertyInfo                            : loaded 2 times (x 70B)
Class com.sun.xml.bind.v2.model.impl.RuntimeReferencePropertyInfoImpl                 : loaded 2 times (x 141B)
Class javax.xml.bind.Binder                                                           : loaded 2 times (x 85B)
Class javax.xml.bind.JAXBContext                                                      : loaded 2 times (x 78B)
Class [Lcom.android.repository.Revision$PreviewComparison;                            : loaded 2 times (x 69B)
Class com.android.builder.sdk.SdkLibData                                              : loaded 2 times (x 77B)
Class org.jetbrains.kotlin.gradle.plugin.statistics.NonSynchronizedMetricsContainer$MetricDescriptor: loaded 2 times (x 75B)
Class com.android.build.gradle.internal.scope.InternalArtifactType$CONSUMER_PROGUARD_DIR: loaded 2 times (x 74B)
Class com.android.build.gradle.internal.tasks.SigningReportTask                       : loaded 2 times (x 314B)
Class com.android.build.gradle.internal.tasks.ListingFileRedirectTask$CreationAction$handleProvider$1: loaded 2 times (x 127B)
Class com.android.build.gradle.internal.res.LinkApplicationAndroidResourcesTask$CreationAction: loaded 2 times (x 96B)
Class com.android.build.gradle.tasks.ProcessApplicationManifest$CreationAction$handleProvider$1: loaded 2 times (x 127B)
Class com.android.build.gradle.internal.HostTestTaskManager$createTopLevelTasksCore$2 : loaded 2 times (x 75B)
Class com.android.build.api.instrumentation.FramesComputationMode                     : loaded 2 times (x 79B)
Class com.android.build.api.variant.DependenciesInfo                                  : loaded 2 times (x 70B)
Class com.android.build.gradle.internal.VariantManager$getFlavorSelection$2           : loaded 2 times (x 79B)
Class com.android.build.api.variant.impl.GlobalVariantBuilderConfigImpl               : loaded 2 times (x 77B)
Class com.android.build.gradle.internal.plugins.DslContainerProvider$lock$6           : loaded 2 times (x 75B)
Class com.android.build.gradle.internal.dsl.TargetSdkSpecImpl$AgpDecorated_Decorated  : loaded 2 times (x 129B)
Class com.android.build.gradle.internal.lint.AndroidLintGlobalTask$LintFixCreationAction$Companion: loaded 2 times (x 71B)
Class com.android.build.api.artifact.impl.SinglePropertyAdapter                       : loaded 2 times (x 78B)
Class com.android.build.api.artifact.impl.TypedStorageProvider                        : loaded 2 times (x 72B)
Class com.android.build.gradle.internal.plugins.BasePlugin$globalConfig$2$1           : loaded 2 times (x 79B)
Class com.android.build.gradle.internal.dsl.TestOptions$suites$2                      : loaded 2 times (x 79B)
Class com.android.build.gradle.internal.dsl.VariantDimensionBinaryCompatibilityFixParent: loaded 2 times (x 70B)
Class com.android.ide.common.gradle.Version                                           : loaded 2 times (x 75B)
Class org.jetbrains.kotlin.gradle.dsl.JvmDefaultMode                                  : loaded 2 times (x 79B)
Class org.jetbrains.kotlin.gradle.plugin.ProjectLocalConfigurations$ProjectLocalCompatibility: loaded 2 times (x 76B)
Class org.jetbrains.kotlin.gradle.plugin.internal.DefaultMavenPublicationComponentAccessor: loaded 2 times (x 75B)
Class org.jetbrains.kotlin.gradle.plugin.internal.DefaultProjectIsolationStartParameterAccessor$Factory: loaded 2 times (x 76B)
Class org.jetbrains.kotlin.gradle.dsl.KotlinJvmCompilerOptions                        : loaded 2 times (x 70B)
Class com.android.build.gradle.internal.services.VersionedSdkLoaderService$versionedSdkLoader$2$1: loaded 2 times (x 75B)
Class com.android.build.gradle.internal.ide.dependencies.LibraryDependencyCacheBuildService$Parameters: loaded 2 times (x 70B)
Class com.google.wireless.android.sdk.stats.GradleBuildMemorySample                   : loaded 2 times (x 203B)
Class com.android.build.gradle.internal.res.Aapt2FromMaven$Companion$create$aapt2Directory$1$1: loaded 2 times (x 74B)
Class com.android.build.gradle.internal.res.LinkApplicationAndroidResourcesTask       : loaded 2 times (x 375B)
Class com.android.build.gradle.options.ProjectOptions$OptionValue                     : loaded 2 times (x 72B)
Class com.android.build.api.dsl.ApkExtension                                          : loaded 2 times (x 70B)
Class org.gradle.accessors.dm.LibrariesForLibs$OkhttpLoggingLibraryAccessors          : loaded 2 times (x 77B)
Class org.gradle.accessors.dm.LibrariesForLibs$AndroidxComposeUiTestLibraryAccessors  : loaded 2 times (x 78B)
Class com.google.common.cache.RemovalCause$4                                          : loaded 2 times (x 80B)
Class jdk.internal.jimage.ImageStrings                                                : loaded 2 times (x 70B)
Class org.jetbrains.kotlin.metadata.ProtoBuf$EnumEntry$1                              : loaded 2 times (x 144B)
Class org.jetbrains.kotlin.metadata.ProtoBuf$Type$Argument$Projection                 : loaded 2 times (x 82B)
Class org.jetbrains.org.objectweb.asm.tree.InvokeDynamicInsnNode                      : loaded 2 times (x 78B)
Class kotlin.collections.MapsKt___MapsKt                                              : loaded 2 times (x 71B)
Class kotlin.io.FilesKt                                                               : loaded 2 times (x 71B)
Class kotlin.collections.ArraysKt___ArraysKt                                          : loaded 2 times (x 71B)
Class com.android.manifmerger.AttributeModel$Builder                                  : loaded 2 times (x 78B)
Class org.jetbrains.kotlin.daemon.common.ReportSeverity$Companion                     : loaded 2 times (x 71B)
Class org.jetbrains.kotlin.daemon.common.DaemonWithMetadata                           : loaded 2 times (x 72B)
Class org.jetbrains.kotlin.daemon.common.LoopbackNetworkInterface$AbstractClientLoopbackSocketFactory: loaded 2 times (x 72B)
Class org.jetbrains.kotlin.daemon.common.InitialClientInformation                     : loaded 2 times (x 75B)
Class org.jetbrains.kotlin.gradle.tasks.CompilerPluginOptionsKt                       : loaded 2 times (x 71B)
Class android.aapt.pb.internal.ResourcesInternal$CompiledFile$Symbol                  : loaded 2 times (x 199B)
Class com.android.aapt.Resources$SourcePosition                                       : loaded 2 times (x 195B)
Class [Lcom.android.aapt.ConfigurationOuterClass$Configuration$KeysHidden;            : loaded 2 times (x 69B)
Class com.google.common.collect.AbstractTable$CellSet                                 : loaded 2 times (x 136B)
Class com.android.build.gradle.internal.scope.InternalArtifactType$COMPILE_AND_RUNTIME_R_CLASS_JAR: loaded 2 times (x 74B)
Class org.jetbrains.kotlin.gradle.plugin.mpp.compilationImpl.factory.DefaultKotlinCompilationSourceSetsContainerFactory: loaded 2 times (x 75B)
Class com.android.build.gradle.internal.tasks.NonIncrementalTaskKt                    : loaded 2 times (x 71B)
Class org.jetbrains.kotlin.buildtools.api.SourcesChanges                              : loaded 2 times (x 70B)
Class com.google.gson.internal.bind.TypeAdapters$34$1                                 : loaded 2 times (x 74B)
Class com.google.gson.internal.bind.TypeAdapters$24                                   : loaded 2 times (x 75B)
Class com.google.gson.FieldNamingPolicy$4                                             : loaded 2 times (x 83B)
Class com.sun.xml.bind.v2.runtime.reflect.PrimitiveArrayListerBoolean                 : loaded 2 times (x 76B)
Class com.sun.xml.bind.v2.runtime.property.Property                                   : loaded 2 times (x 70B)
Class com.android.sdklib.repository.generated.sysimg.v3.SysImgDetailsType             : loaded 2 times (x 138B)
Class com.android.repository.api.RepositorySource                                     : loaded 2 times (x 70B)
Class com.sun.xml.bind.v2.model.impl.ClassInfoImpl$1                                  : loaded 2 times (x 71B)
Class com.sun.xml.bind.v2.runtime.reflect.Accessor$GetterOnlyReflection               : loaded 2 times (x 85B)
Class javax.xml.bind.annotation.XmlMixed                                              : loaded 2 times (x 70B)
Class com.sun.xml.bind.v2.model.nav.ReflectionNavigator                               : loaded 2 times (x 123B)
Class com.sun.xml.bind.v2.model.annotation.AnnotationReader                           : loaded 2 times (x 70B)
Class com.android.repository.impl.generated.v1.LicenseType                            : loaded 2 times (x 87B)
Class com.android.sdklib.repository.generated.common.v1.LibraryType                   : loaded 2 times (x 90B)
Class com.android.sdklib.repository.meta.DetailsTypes$AddonDetailsType                : loaded 2 times (x 70B)
Class com.android.sdklib.repository.legacy.remote.internal.DownloadCache              : loaded 2 times (x 77B)
Class com.android.build.gradle.internal.scope.InternalArtifactType$PUBLIC_RES         : loaded 2 times (x 74B)
Class com.android.build.gradle.internal.publishing.PublishingSpecs$Companion$1        : loaded 2 times (x 78B)
Class org.jetbrains.kotlin.konan.target.HostManager$Companion$targetAliases$2         : loaded 2 times (x 78B)
Class com.android.build.api.variant.impl.JniLibsTestedApkPackagingImpl$testOnly$1     : loaded 2 times (x 75B)
Class com.android.build.gradle.internal.tasks.CompressAssetsTask$CreationAction$handleProvider$1: loaded 2 times (x 127B)
Class com.android.build.api.component.impl.features.AndroidResourcesCreationConfigImpl$pseudoLocalesEnabled$2: loaded 2 times (x 79B)
Class com.android.build.gradle.tasks.ProcessMultiApkApplicationManifest$CreationAction: loaded 2 times (x 90B)
Class com.android.build.gradle.tasks.ProcessApplicationManifest$CreationAction$handleProvider$2: loaded 2 times (x 127B)
Class com.android.build.gradle.internal.tasks.PrepareLintJarForPublish                : loaded 2 times (x 321B)
Class com.android.build.gradle.internal.VariantTaskManager$Companion                  : loaded 2 times (x 71B)
Class com.android.build.api.variant.VariantOutputConfiguration                        : loaded 2 times (x 70B)
Class com.android.build.gradle.internal.core.dsl.impl.ApplicationVariantDslInfoImpl$versionCode$2: loaded 2 times (x 79B)
Class com.android.build.gradle.internal.tasks.ExtractProguardFiles$CreationAction$handleProvider$1: loaded 2 times (x 127B)
Class com.android.build.gradle.internal.dsl.SdkComponentsImpl$ndkDirectory$2          : loaded 2 times (x 79B)
Class com.google.wireless.android.sdk.stats.GradleBuildProject$CompileOptionsOrBuilder: loaded 2 times (x 70B)
Class com.android.build.gradle.internal.dsl.Splits$AgpDecorated_Decorated             : loaded 2 times (x 129B)
Class com.android.repository.Revision$Precision                                       : loaded 2 times (x 79B)
Class com.android.build.api.dsl.ApplicationInstallation                               : loaded 2 times (x 70B)
Class com.android.build.api.dsl.ConfigurableFiles                                     : loaded 2 times (x 70B)
Class org.jetbrains.kotlin.gradle.utils.Completable                                   : loaded 2 times (x 72B)
Class org.jetbrains.kotlin.gradle.plugin.DefaultKotlinBasePlugin$addKotlinCompilerConfiguration$2$1: loaded 2 times (x 75B)
Class org.jetbrains.kotlin.gradle.plugin.statistics.KotlinBuildStatsServicesRegistry$Companion: loaded 2 times (x 71B)
Class org.jetbrains.kotlin.gradle.plugin.internal.DefaultCompatibilityConventionRegistrar$Factory: loaded 2 times (x 76B)
Class com.android.builder.internal.StringCachingService                               : loaded 2 times (x 70B)
Class com.google.protobuf.Internal$EnumLiteMap                                        : loaded 2 times (x 70B)
Class com.google.wireless.android.sdk.stats.GradleBuildMemorySample$1                 : loaded 2 times (x 151B)
Class com.android.build.gradle.internal.tasks.UninstallTask                           : loaded 2 times (x 330B)
Class com.android.build.gradle.options.FeatureStage$Experimental                      : loaded 2 times (x 72B)
Class [Lcom.android.build.gradle.internal.errors.DeprecationReporter$DeprecationTarget;: loaded 2 times (x 69B)
Class com.android.build.gradle.internal.services.ProjectServices                      : loaded 2 times (x 72B)
Class org.gradle.accessors.dm.LibrariesForLibsInPluginsBlock$AndroidxDatastoreLibraryAccessors: loaded 2 times (x 77B)
Class com.google.common.cache.RemovalCause$5                                          : loaded 2 times (x 80B)
Class com.google.common.collect.Maps$AbstractFilteredMap                              : loaded 2 times (x 127B)
Class com.google.common.hash.ImmutableSupplier                                        : loaded 2 times (x 70B)
Class org.jetbrains.kotlin.metadata.jvm.JvmProtoBuf$JvmPropertySignature$Builder      : loaded 2 times (x 141B)
Class [Lorg.jetbrains.org.objectweb.asm.Symbol;                                       : loaded 2 times (x 69B)
Class kotlin.collections.MapsKt__MapWithDefaultKt                                     : loaded 2 times (x 71B)
Class com.android.build.api.variant.impl.BuiltArtifactTypeAdapter                     : loaded 2 times (x 75B)
Class com.android.manifmerger.ManifestSystemProperty$Instrumentation                  : loaded 2 times (x 85B)
Class org.jetbrains.kotlin.gradle.internal.config.JvmDefaultMode                      : loaded 2 times (x 79B)
Class android.aapt.pb.internal.ResourcesInternal$CompiledFile$Builder                 : loaded 2 times (x 313B)
Class com.android.aaptcompiler.ResourceNameInfo                                       : loaded 2 times (x 72B)
Class com.google.common.cache.LocalCache$WriteThroughEntry                            : loaded 2 times (x 79B)
Class com.android.build.gradle.internal.tasks.BundleToStandaloneApkTask               : loaded 2 times (x 328B)
Class com.android.zipflinger.Sources                                                  : loaded 2 times (x 71B)
Class com.android.build.gradle.internal.dependency.SubtractingArtifactCollection$SubtractingArtifactResult$initFileCollection$1: loaded 2 times (x 75B)
Class com.android.build.gradle.internal.services.UsesAapt2ThreadPoolBuildService      : loaded 2 times (x 70B)
Class com.android.build.gradle.internal.profile.AnalyticsService$Params$Inject_       : loaded 2 times (x 120B)
Class com.android.build.gradle.internal.res.ParseLibraryResourcesTask_Decorated       : loaded 2 times (x 388B)
Class org.jetbrains.kotlin.gradle.tasks.DefaultKotlinJavaToolchain$DefaultJdkSetter   : loaded 2 times (x 76B)
Class com.android.build.gradle.internal.publishing.OutputSpecImpl                     : loaded 2 times (x 78B)
Class com.google.gson.internal.bind.TypeAdapters$25                                   : loaded 2 times (x 75B)
Class com.google.gson.FieldNamingPolicy$5                                             : loaded 2 times (x 83B)
Class com.sun.xml.bind.v2.model.impl.PropertyInfoImpl$1                               : loaded 2 times (x 71B)
Class javax.xml.bind.annotation.XmlInlineBinaryData                                   : loaded 2 times (x 70B)
Class com.sun.xml.bind.v2.runtime.Location                                            : loaded 2 times (x 70B)
Class javax.xml.bind.JAXBContextFactory                                               : loaded 2 times (x 70B)
Class com.android.build.gradle.internal.SystemPropertiesFactory                       : loaded 2 times (x 71B)
Class com.android.build.gradle.internal.scope.InternalArtifactType$DATA_BINDING_ARTIFACT: loaded 2 times (x 74B)
Class com.android.build.gradle.internal.publishing.PublishingSpecs$Companion$2        : loaded 2 times (x 78B)
Class com.android.build.gradle.internal.dependency.ExtractNavigationXmlTransform$Inject_1: loaded 2 times (x 109B)
Class com.android.build.gradle.internal.dependency.ClassesDirToClassesTransform$Inject_1: loaded 2 times (x 109B)
Class com.android.build.gradle.internal.services.Aapt2Input                           : loaded 2 times (x 70B)
Class com.android.build.gradle.internal.SdkLocationSourceSet                          : loaded 2 times (x 72B)
Class com.android.build.gradle.internal.scope.InternalArtifactType$ANDROID_TEST_LINT_PARTIAL_RESULTS: loaded 2 times (x 74B)
Class com.android.build.api.variant.impl.SigningConfigImpl$storeType$1                : loaded 2 times (x 75B)
Class org.jetbrains.kotlin.gradle.dsl.KotlinVersion$Companion                         : loaded 2 times (x 71B)
Class org.jetbrains.kotlin.gradle.plugin.mpp.KotlinOnlyTarget                         : loaded 2 times (x 153B)
Class com.android.build.gradle.tasks.KotlinTaskCreationAction                         : loaded 2 times (x 76B)
Class com.android.build.gradle.tasks.ProcessApplicationManifest$CreationAction$handleProvider$3: loaded 2 times (x 127B)
Class com.android.build.gradle.internal.scope.InternalArtifactType$APK_IDE_MODEL      : loaded 2 times (x 74B)
Class com.android.build.gradle.internal.ScreenshotTestTaskManager                     : loaded 2 times (x 82B)
Class com.android.build.api.component.impl.HostTestImpl$androidResourcesCreationConfig$2: loaded 2 times (x 79B)
Class com.android.build.gradle.internal.variant.TestVariantData                       : loaded 2 times (x 72B)
Class com.android.build.gradle.internal.scope.MutableTaskContainer                    : loaded 2 times (x 96B)
Class com.android.build.api.attributes.AgpVersionAttr$Companion                       : loaded 2 times (x 71B)
Class com.android.build.api.variant.impl.DeviceTestBuilderImpl$Companion              : loaded 2 times (x 71B)
Class com.android.build.gradle.internal.core.MergedOptimization                       : loaded 2 times (x 76B)
Class com.android.build.gradle.internal.core.dsl.impl.ComponentDslInfoImpl            : loaded 2 times (x 120B)
Class com.android.build.gradle.internal.manifest.ManifestValueSource$Params           : loaded 2 times (x 70B)
Class com.android.build.gradle.internal.services.VariantBuilderServicesImpl           : loaded 2 times (x 88B)
Class com.android.build.gradle.internal.dsl.BundleOptionsDensity$AgpDecorated_Decorated: loaded 2 times (x 125B)
Class com.android.build.gradle.internal.dsl.AdbOptions                                : loaded 2 times (x 87B)
Class com.android.build.api.artifact.ArtifactKind                                     : loaded 2 times (x 72B)
Class com.android.build.gradle.internal.dsl.PackagingOptions                          : loaded 2 times (x 111B)
Class com.android.build.api.dsl.JavaCompileOptions                                    : loaded 2 times (x 70B)
Class com.android.build.gradle.internal.dsl.BundleOptionsTexture                      : loaded 2 times (x 81B)
Class org.bouncycastle.operator.OperatorCreationException                             : loaded 2 times (x 82B)
Class org.jetbrains.kotlin.gradle.dsl.DefaultToolchainSupport                         : loaded 2 times (x 76B)
Class org.jetbrains.kotlin.gradle.plugin.VariantImplementationFactories$Inject_       : loaded 2 times (x 106B)
Class org.jetbrains.kotlin.gradle.plugin.internal.CustomPropertiesFileValueSource     : loaded 2 times (x 82B)
Class org.jetbrains.kotlin.gradle.InternalKotlinGradlePluginApi                       : loaded 2 times (x 70B)
Class com.android.build.gradle.internal.plugins.BasePlugin$versionedSdkLoaderService$2$1: loaded 2 times (x 79B)
Class [Lcom.android.prefs.VariableType;                                               : loaded 2 times (x 69B)
Class com.android.build.api.variant.impl.ArtifactMetadataProcessor$Companion$handleFinalizedByForType$1$1$1: loaded 2 times (x 75B)
Class com.google.protobuf.LazyStringList                                              : loaded 2 times (x 70B)
Class com.android.utils.Environment$Companion                                         : loaded 2 times (x 71B)
Class com.android.build.gradle.internal.plugins.VersionCheckPlugin$apply$1            : loaded 2 times (x 79B)
Class org.gradle.accessors.dm.LibrariesForLibs$AndroidPluginAccessors                 : loaded 2 times (x 74B)
Class com.google.common.hash.HashCode$IntHashCode                                     : loaded 2 times (x 80B)
Class com.google.common.collect.Iterables$4                                           : loaded 2 times (x 81B)
Class org.jetbrains.kotlin.incremental.ProtoData                                      : loaded 2 times (x 71B)
Class org.jetbrains.kotlin.metadata.ProtoBuf$VersionRequirementTable$1                : loaded 2 times (x 144B)
Class org.jetbrains.kotlin.metadata.ProtoBuf$Contract                                 : loaded 2 times (x 107B)
Class kotlin.collections.CollectionsKt__MutableCollectionsJVMKt                       : loaded 2 times (x 71B)
Class kotlin.enums.EnumEntriesKt                                                      : loaded 2 times (x 71B)
Class kotlin.text.StringsKt___StringsKt                                               : loaded 2 times (x 71B)
Class com.android.build.gradle.internal.services.Aapt2DaemonBuildService$getManager$2$1: loaded 2 times (x 78B)
Class com.android.build.gradle.internal.scope.InternalArtifactType$MERGED_DEPENDENCIES_SYMBOL_LIST: loaded 2 times (x 74B)
Class com.android.build.api.variant.impl.BuiltArtifactsLoaderImpl                     : loaded 2 times (x 75B)
Class com.android.manifmerger.AttributeModel$1                                        : loaded 2 times (x 81B)
Class org.jetbrains.kotlin.cli.common.messages.GradleStyleMessageRenderer$WhenMappings: loaded 2 times (x 71B)
Class com.android.sdklib.repository.meta.DetailsTypes$PlatformDetailsType$LayoutlibType: loaded 2 times (x 73B)
Class org.jetbrains.kotlin.com.google.common.base.Supplier                            : loaded 2 times (x 70B)
Class com.android.zipflinger.ZipArchive                                               : loaded 2 times (x 95B)
Class com.android.ide.common.symbols.SymbolTable$getSymbolByResourceType$$inlined$sortedBy$1: loaded 2 times (x 89B)
Class com.android.ide.common.symbols.Symbol$BasicNormalSymbol                         : loaded 2 times (x 80B)
Class com.android.sdklib.util.CacheByCanonicalPath                                    : loaded 2 times (x 72B)
Class com.android.repository.impl.generated.v1.ObjectFactory                          : loaded 2 times (x 107B)
Class com.google.common.base.Splitter$1$1                                             : loaded 2 times (x 86B)
Class com.android.build.gradle.internal.DependencyResourcesComputer                   : loaded 2 times (x 79B)
Class org.jetbrains.kotlin.gradle.tasks.TaskOutputsBackup                             : loaded 2 times (x 72B)
Class com.android.build.api.variant.impl.FlatSourceDirectoriesImpl$getAsFileTreesForOldVariantAPI$1: loaded 2 times (x 75B)
Class com.google.gson.internal.bind.ArrayTypeAdapter                                  : loaded 2 times (x 74B)
Class com.google.gson.internal.bind.TypeAdapters$26                                   : loaded 2 times (x 75B)
Class com.google.gson.FieldNamingPolicy$6                                             : loaded 2 times (x 83B)
Class com.sun.xml.bind.v2.runtime.JaxBeanInfo$1                                       : loaded 2 times (x 77B)
Class javax.xml.bind.ValidationEvent                                                  : loaded 2 times (x 70B)
Class com.sun.xml.bind.v2.model.impl.Utils                                            : loaded 2 times (x 71B)
Class com.android.repository.api.Channel                                              : loaded 2 times (x 81B)
Class com.android.sdklib.repository.meta.Library                                      : loaded 2 times (x 89B)
Class com.android.sdklib.repository.generated.sysimg.v4.ObjectFactory                 : loaded 2 times (x 75B)
Class com.android.build.gradle.internal.PlatformToolsComponents$Companion$build$fileExists$1: loaded 2 times (x 75B)
Class com.android.build.gradle.internal.SdkComponentsBuildService$VersionedSdkLoader$coreForSystemModulesProvider$1: loaded 2 times (x 75B)
Class com.android.build.gradle.internal.publishing.PublishingSpecs$Companion$3        : loaded 2 times (x 78B)
Class com.android.build.gradle.internal.scope.InternalArtifactType$FEATURE_NAME       : loaded 2 times (x 74B)
Class com.android.build.gradle.internal.scope.InternalArtifactType$AAPT_PROGUARD_FILE : loaded 2 times (x 74B)
Class com.android.build.api.artifact.SingleArtifact$OBFUSCATION_MAPPING_FILE          : loaded 2 times (x 74B)
Class com.android.build.gradle.internal.dependency.DexingOutputSplitTransform$DexOutput: loaded 2 times (x 79B)
Class com.android.build.gradle.internal.dependency.LibrarySymbolTableTransform$Inject_1: loaded 2 times (x 109B)
Class com.android.build.gradle.internal.NdkHandlerInput                               : loaded 2 times (x 73B)
Class com.android.build.gradle.internal.scope.InternalArtifactType$CODE_COVERAGE      : loaded 2 times (x 74B)
Class com.android.build.api.variant.impl.FileBasedDirectoryEntryImpl                  : loaded 2 times (x 85B)
Class com.android.build.gradle.internal.scope.InternalArtifactType$NATIVE_SYMBOL_TABLES: loaded 2 times (x 74B)
Class [Lcom.android.build.gradle.internal.scope.Java8LangSupport;                     : loaded 2 times (x 69B)
Class com.android.build.gradle.internal.tasks.MergeGeneratedProguardFilesCreationAction$Companion: loaded 2 times (x 71B)
Class org.jetbrains.kotlin.gradle.internal.CompilerOptionsDslHelpersKt                : loaded 2 times (x 71B)
Class org.jetbrains.kotlin.gradle.internal.transforms.BuildToolsApiClasspathEntrySnapshotTransform$Inject_1: loaded 2 times (x 113B)
Class org.jetbrains.kotlin.konan.target.Family                                        : loaded 2 times (x 79B)
Class com.android.build.gradle.internal.component.KmpComponentCreationConfig          : loaded 2 times (x 70B)
Class com.android.build.gradle.tasks.ProcessApplicationManifest$CreationAction$handleProvider$4: loaded 2 times (x 74B)
Class com.android.build.gradle.tasks.ProcessApplicationManifest                       : loaded 2 times (x 355B)
Class com.android.build.gradle.internal.scope.AndroidTestBuildFeatureValuesImpl       : loaded 2 times (x 100B)
Class com.android.build.gradle.internal.plugins.BasePlugin$variantManager$2$1         : loaded 2 times (x 79B)
Class com.android.build.gradle.internal.tasks.factory.GlobalTaskCreationConfigImpl$Companion: loaded 2 times (x 71B)
Class com.android.build.api.dsl.UnitTestOptions                                       : loaded 2 times (x 70B)
Class com.android.builder.core.ToolsRevisionUtils                                     : loaded 2 times (x 71B)
Class com.sun.xml.bind.v2.model.impl.ArrayInfoImpl                                    : loaded 2 times (x 98B)
Class com.android.builder.model.BaseConfig                                            : loaded 2 times (x 70B)
Class com.android.build.gradle.internal.dsl.AndroidSourceSetFactory                   : loaded 2 times (x 77B)
Class [Lcom.google.wireless.android.sdk.stats.GradleBuildVariant$VariantType;         : loaded 2 times (x 69B)
Class [Lcom.android.ide.common.gradle.Separator;                                      : loaded 2 times (x 69B)
Class org.jetbrains.kotlin.gradle.internal.properties.NativePropertiesLoader$konanDataDirProperty$1: loaded 2 times (x 75B)
Class org.jetbrains.kotlin.gradle.plugin.KotlinGradleBuildServices$Inject_            : loaded 2 times (x 100B)
Class org.jetbrains.kotlin.gradle.plugin.KotlinGradleBuildServices$Companion$registerIfAbsent$2$1: loaded 2 times (x 79B)
Class org.jetbrains.kotlin.gradle.plugin.statistics.BuildFusService$Parameters_Decorated: loaded 2 times (x 139B)
Class org.jetbrains.kotlin.gradle.plugin.PropertiesProvider$keepIncrementalCompilationCachesInMemory$1: loaded 2 times (x 79B)
Class org.jetbrains.kotlin.gradle.plugin.VariantImplementationFactoriesConfigurator$Inject_: loaded 2 times (x 96B)
Class org.jetbrains.kotlin.tooling.core.HasMutableExtras                              : loaded 2 times (x 70B)
Class com.android.prefs.QueryResult                                                   : loaded 2 times (x 82B)
Class com.android.tools.analytics.HostData$runtimeBean$2                              : loaded 2 times (x 78B)
Class com.google.protobuf.MutabilityOracle                                            : loaded 2 times (x 70B)
Class com.google.protobuf.GeneratedMessageV3$Builder                                  : loaded 2 times (x 278B)
Class com.android.build.gradle.options.ApiStage$Removed                               : loaded 2 times (x 72B)
Class com.android.build.gradle.internal.plugins.BasePlugin$apply$1                    : loaded 2 times (x 75B)
Class com.google.common.collect.Iterables$5                                           : loaded 2 times (x 81B)
Class org.gradle.internal.IoActions                                                   : loaded 2 times (x 71B)
Class org.jetbrains.kotlin.metadata.jvm.deserialization.JvmNameResolverBase$WhenMappings: loaded 2 times (x 71B)
Class org.jetbrains.kotlin.incremental.ProtoDifferenceUtilsKt                         : loaded 2 times (x 71B)
Class org.jetbrains.kotlin.descriptors.Visibilities$Local                             : loaded 2 times (x 79B)
Class org.jetbrains.kotlin.protobuf.WireFormat                                        : loaded 2 times (x 71B)
Class org.jetbrains.kotlin.metadata.jvm.deserialization.BitEncoding                   : loaded 2 times (x 71B)
Class [Lorg.jetbrains.kotlin.com.intellij.util.io.DataExternalizer;                   : loaded 2 times (x 69B)
Class org.jetbrains.org.objectweb.asm.Attribute                                       : loaded 2 times (x 75B)
Class org.jetbrains.org.objectweb.asm.Label                                           : loaded 2 times (x 72B)
Class com.android.build.gradle.internal.scope.InternalArtifactType$JAVA_DOC_DIR       : loaded 2 times (x 74B)
Class com.android.build.api.artifact.SingleArtifact$PUBLIC_ANDROID_RESOURCES_LIST     : loaded 2 times (x 74B)
Class com.android.manifmerger.PreValidator                                            : loaded 2 times (x 71B)
Class com.android.manifmerger.AttributeModel$2                                        : loaded 2 times (x 81B)
Class com.android.manifmerger.ManifestSystemProperty$Application                      : loaded 2 times (x 85B)
Class org.jetbrains.kotlin.cli.common.arguments.InternalArgument                      : loaded 2 times (x 70B)
Class org.jetbrains.kotlin.com.google.common.util.concurrent.AbstractFuture$Failure   : loaded 2 times (x 72B)
Class org.jetbrains.kotlin.com.google.common.cache.LocalCache$NullEntry               : loaded 2 times (x 98B)
Class org.jetbrains.kotlin.com.google.common.cache.CacheLoader$1                      : loaded 2 times (x 75B)
Class org.jetbrains.kotlin.com.google.common.cache.LocalCache$EntryFactory$1          : loaded 2 times (x 83B)
Class org.jetbrains.kotlin.com.google.common.util.concurrent.UncheckedExecutionException: loaded 2 times (x 82B)
Class org.jetbrains.kotlin.com.google.common.cache.CacheBuilder$1                     : loaded 2 times (x 85B)
Class com.android.aapt.Resources$ItemOrBuilder                                        : loaded 2 times (x 70B)
Class com.google.protobuf.Android                                                     : loaded 2 times (x 71B)
Class com.sun.xml.bind.v2.model.impl.ModelBuilder$1                                   : loaded 2 times (x 76B)
Class com.android.ide.common.symbols.SymbolTable                                      : loaded 2 times (x 73B)
Class com.google.common.collect.SingletonImmutableTable                               : loaded 2 times (x 139B)
Class com.google.common.collect.StandardTable$RowMap                                  : loaded 2 times (x 127B)
Class com.android.ide.common.resources.FileValidity$FileStatus                        : loaded 2 times (x 79B)
Class org.jetbrains.kotlin.gradle.internal.Kapt3KotlinGradleSubpluginKt               : loaded 2 times (x 71B)
Class com.google.gson.internal.reflect.ReflectionHelper                               : loaded 2 times (x 71B)
Class com.google.gson.internal.bind.TypeAdapters$27                                   : loaded 2 times (x 75B)
Class com.google.gson.FieldNamingPolicy$7                                             : loaded 2 times (x 83B)
Class com.sun.xml.bind.v2.runtime.property.ArrayERProperty$ReceiverImpl               : loaded 2 times (x 75B)
Class [Ljavax.xml.bind.annotation.XmlElement;                                         : loaded 2 times (x 69B)
Class com.sun.xml.bind.v2.runtime.reflect.Utils$1                                     : loaded 2 times (x 77B)
Class javax.xml.bind.annotation.XmlAccessType                                         : loaded 2 times (x 79B)
Class javax.xml.bind.annotation.XmlType                                               : loaded 2 times (x 70B)
Class com.sun.xml.bind.v2.model.annotation.XmlEnumQuick                               : loaded 2 times (x 91B)
Class com.sun.xml.bind.v2.model.annotation.RuntimeInlineAnnotationReader              : loaded 2 times (x 106B)
Class com.android.build.gradle.internal.publishing.PublishingSpecs$Companion$4        : loaded 2 times (x 78B)
Class com.android.build.gradle.tasks.GenerateBuildConfig                              : loaded 2 times (x 338B)
Class com.android.build.gradle.tasks.AidlCompile                                      : loaded 2 times (x 330B)
Class com.android.build.gradle.internal.dependency.RecalculateStackFramesTransform$Companion$registerRecalculateStackFramesTransform$1$1: loaded 2 times (x 75B)
Class com.android.build.gradle.internal.dependency.RecalculateStackFramesTransform    : loaded 2 times (x 79B)
Class com.android.build.gradle.internal.lint.AndroidLintAnalysisTask$Companion$registerOutputArtifacts$1: loaded 2 times (x 127B)
Class com.android.build.gradle.internal.coverage.tasks.CodeCoverageCollectionTask     : loaded 2 times (x 334B)
Class com.android.build.gradle.internal.coverage.tasks.CodeCoverageCollectionTask$BaseCoverageCollectionCreationAction: loaded 2 times (x 91B)
Class com.android.build.api.artifact.SingleArtifact$BUNDLE                            : loaded 2 times (x 74B)
Class com.android.build.gradle.internal.tasks.ApplicationTaskManager$doCreateTasksForVariant$d8DexStartupOptimizationEnabled$1: loaded 2 times (x 74B)
Class com.android.build.gradle.internal.scope.InternalArtifactType$DEX_METADATA_DIRECTORY: loaded 2 times (x 74B)
Class org.jetbrains.kotlin.konan.target.KonanTarget$LINUX_ARM32_HFP                   : loaded 2 times (x 78B)
Class org.jetbrains.kotlin.gradle.dsl.KotlinJvmCompile                                : loaded 2 times (x 70B)
Class com.android.build.gradle.internal.scope.InternalArtifactType$ANNOTATION_PROCESSOR_LIST: loaded 2 times (x 74B)
Class com.android.build.gradle.tasks.GenerateManifestJarTask$CreationAction           : loaded 2 times (x 90B)
Class com.android.build.gradle.internal.tasks.ExtractNativeDebugMetadataTask$CreationAction: loaded 2 times (x 91B)
Class com.android.build.gradle.internal.core.dsl.InstrumentedTestComponentDslInfo     : loaded 2 times (x 70B)
Class com.android.build.api.variant.impl.VariantImpl$pseudoLocalesEnabled$2           : loaded 2 times (x 79B)
Class com.android.build.api.component.impl.ComponentImpl$oldVariantApiLegacySupport$2 : loaded 2 times (x 79B)
Class com.android.build.gradle.internal.core.dsl.impl.DslInfoBuilder$Companion        : loaded 2 times (x 71B)
Class com.android.build.gradle.internal.api.ReadOnlyObjectProvider                    : loaded 2 times (x 76B)
Class com.android.builder.core.LibraryRequest                                         : loaded 2 times (x 72B)
Class com.google.common.base.Enums                                                    : loaded 2 times (x 71B)
Class com.android.builder.model.VectorDrawablesOptions                                : loaded 2 times (x 70B)
Class com.sun.xml.bind.v2.runtime.property.Utils                                      : loaded 2 times (x 71B)
Class com.android.build.gradle.internal.dsl.MaxSdkSpecImpl                            : loaded 2 times (x 79B)
Class com.android.build.gradle.internal.dsl.DefaultConfig                             : loaded 2 times (x 438B)
Class org.jetbrains.kotlin.statistics.BuildSession                                    : loaded 2 times (x 72B)
Class org.jetbrains.kotlin.statistics.metrics.BooleanOverridePolicy$OR                : loaded 2 times (x 85B)
Class org.jetbrains.kotlin.gradle.plugin.UsesVariantImplementationFactories           : loaded 2 times (x 70B)
Class org.jetbrains.kotlin.gradle.internal.Kapt3GradleSubplugin                       : loaded 2 times (x 83B)
Class com.android.build.gradle.internal.services.AndroidLocationsBuildService$AndroidDirectoryCreator$Inject_: loaded 2 times (x 111B)
Class com.android.build.api.variant.MultiOutputHandler                                : loaded 2 times (x 70B)
Class com.android.build.gradle.internal.scope.InternalArtifactType$AAPT_FRIENDLY_MERGED_MANIFESTS: loaded 2 times (x 74B)
Class [Lcom.android.build.gradle.options.BooleanOption;                               : loaded 2 times (x 69B)
Class com.android.build.gradle.internal.services.ServiceRegistrationAction$execute$1  : loaded 2 times (x 75B)
Class [Lcom.google.common.util.concurrent.DirectExecutor;                             : loaded 2 times (x 69B)
Class org.gradle.accessors.dm.LibrariesForLibs$AndroidxLifecycleViewmodelLibraryAccessors: loaded 2 times (x 77B)
Class com.google.common.collect.ImmutableRangeSet$ComplementRanges                    : loaded 2 times (x 207B)
Class org.gradle.internal.classloader.SystemClassLoaderSpec                           : loaded 2 times (x 71B)
Class [Lorg.jetbrains.kotlin.metadata.ProtoBuf$Effect$EffectType;                     : loaded 2 times (x 69B)
Class kotlin.reflect.KAnnotatedElement                                                : loaded 2 times (x 70B)
Class org.jetbrains.org.objectweb.asm.Frame                                           : loaded 2 times (x 73B)
Class org.jetbrains.kotlin.incremental.classpathDiff.DirectoryOrJarReader$Companion   : loaded 2 times (x 71B)
Class kotlin.jvm.internal.Intrinsics                                                  : loaded 2 times (x 71B)
Class com.android.build.gradle.internal.workeractions.DecoratedWorkParameters         : loaded 2 times (x 70B)
Class com.android.build.api.artifact.impl.ArtifactTransformationRequestImpl$submit$2$1: loaded 2 times (x 75B)
Class [Lcom.android.manifmerger.ConvertibleName;                                      : loaded 2 times (x 69B)
Class com.android.manifmerger.AttributeModel$3                                        : loaded 2 times (x 81B)
Class [Lcom.android.manifmerger.ManifestSystemProperty$Manifest;                      : loaded 2 times (x 69B)
Class org.jetbrains.kotlin.daemon.common.IncrementalCompilationOptions$Companion      : loaded 2 times (x 71B)
Class com.android.manifmerger.DocumentModel                                           : loaded 2 times (x 70B)
Class org.jetbrains.kotlin.daemon.common.FileAgeComparator                            : loaded 2 times (x 89B)
Class org.jetbrains.kotlin.daemon.common.DaemonJVMOptions$restMapper$1                : loaded 2 times (x 137B)
Class org.jetbrains.kotlin.compilerRunner.ArgumentsToStrings                          : loaded 2 times (x 71B)
Class org.jetbrains.kotlin.gradle.utils.CompilerArgsUtilsKt                           : loaded 2 times (x 71B)
Class org.jetbrains.kotlin.gradle.tasks.CacheableTasksKt$cacheOnlyIfEnabledForKotlin$1$1: loaded 2 times (x 74B)
Class org.jetbrains.kotlin.com.google.common.cache.LocalCache$EntryFactory$2          : loaded 2 times (x 83B)
Class org.jetbrains.kotlin.com.google.common.cache.CacheBuilder$2                     : loaded 2 times (x 79B)
Class com.google.common.collect.DenseImmutableTable$ImmutableArrayMap                 : loaded 2 times (x 132B)
Class com.google.common.collect.Queues                                                : loaded 2 times (x 71B)
Class com.android.build.gradle.internal.dependency.JdkImageTransform                  : loaded 2 times (x 79B)
Class com.google.gson.internal.bind.TypeAdapters$EnumTypeAdapter                      : loaded 2 times (x 74B)
Class com.google.gson.internal.bind.TypeAdapters$28                                   : loaded 2 times (x 75B)
Class [Lcom.google.gson.LongSerializationPolicy;                                      : loaded 2 times (x 69B)
Class com.sun.xml.bind.v2.runtime.Utils$1                                             : loaded 2 times (x 77B)
Class com.sun.xml.bind.v2.runtime.reflect.PrimitiveArrayListerFloat                   : loaded 2 times (x 76B)
Class com.sun.xml.bind.v2.util.FlattenIterator                                        : loaded 2 times (x 79B)
Class com.sun.xml.bind.v2.model.impl.RuntimeElementInfoImpl$RuntimePropertyImpl       : loaded 2 times (x 160B)
Class com.sun.xml.bind.v2.model.runtime.RuntimePropertyInfo                           : loaded 2 times (x 70B)
Class com.sun.xml.bind.v2.model.annotation.XmlElementRefsQuick                        : loaded 2 times (x 91B)
Class javax.xml.bind.annotation.XmlElementRef                                         : loaded 2 times (x 70B)
Class com.android.repository.impl.generated.v1.ArchivesType                           : loaded 2 times (x 75B)
Class com.android.sdklib.BuildToolInfo                                                : loaded 2 times (x 76B)
Class com.android.build.gradle.internal.EnvironmentVariablesPropertiesFactory         : loaded 2 times (x 71B)
Class com.android.build.gradle.internal.publishing.PublishingSpecs$Companion$5        : loaded 2 times (x 78B)
Class com.android.build.gradle.internal.publishing.LibraryVariantSpecBuilder          : loaded 2 times (x 90B)
Class com.android.build.gradle.internal.dependency.RecalculateStackFramesTransform$Companion$registerRecalculateStackFramesTransform$1$2: loaded 2 times (x 77B)
Class com.android.build.gradle.internal.dependency.DexingRegistration                 : loaded 2 times (x 71B)
Class com.android.build.gradle.internal.dependency.ExtractProGuardRulesTransform$Companion: loaded 2 times (x 71B)
Class com.android.build.gradle.internal.SdkComponentsBuildService$VersionedNdkHandler : loaded 2 times (x 72B)
Class com.android.build.api.variant.DynamicFeatureVariant                             : loaded 2 times (x 70B)
Class com.android.build.gradle.internal.tasks.creationconfig.TestComponentProcessTestManifestCreationConfig: loaded 2 times (x 138B)
Class com.android.build.gradle.internal.tasks.ApplicationTaskManager$createDynamicBundleTask$1: loaded 2 times (x 75B)
Class com.android.build.gradle.internal.services.R8D8ThreadPoolBuildService$Parameters_Decorated: loaded 2 times (x 127B)
Class org.jetbrains.kotlin.gradle.plugin.mpp.compilationImpl.factory.KotlinCompilationImplFactory$PostConfigure: loaded 2 times (x 70B)
Class org.jetbrains.kotlin.gradle.tasks.configuration.BaseKotlinCompileConfig$1$1     : loaded 2 times (x 75B)
Class com.android.build.gradle.internal.res.GenerateLibraryRFileTask                  : loaded 2 times (x 342B)
Class com.android.build.gradle.internal.scope.InternalArtifactType$MERGED_RES_BLAME_FOLDER: loaded 2 times (x 74B)
Class com.android.build.gradle.internal.AndroidTestTaskManager                        : loaded 2 times (x 82B)
Class com.android.build.gradle.internal.core.dsl.impl.HostTestComponentDslInfoImpl$namespace$2: loaded 2 times (x 79B)
Class com.android.build.api.variant.DeviceTest                                        : loaded 2 times (x 70B)
Class com.android.build.api.variant.TestFixtures                                      : loaded 2 times (x 70B)
Class com.android.build.gradle.internal.core.dsl.impl.ConsumableComponentDslInfoImpl$renderscriptDslInfo$2: loaded 2 times (x 79B)
Class com.android.build.gradle.internal.dsl.SdkComponentsImpl$aidl$2                  : loaded 2 times (x 79B)
Class com.android.build.gradle.internal.dsl.CmakeOptions$AgpDecorated                 : loaded 2 times (x 102B)
Class com.android.build.gradle.internal.dependency.SourceSetManager$createConfigurationsForSourceSet$createKaptConfiguration$1: loaded 2 times (x 79B)
Class com.android.build.gradle.internal.dsl.JavaCompileOptions$AgpDecorated           : loaded 2 times (x 86B)
Class com.android.build.api.dsl.NdkBuildFlags                                         : loaded 2 times (x 70B)
Class com.android.build.gradle.internal.dsl.CoreExternalNativeNdkBuildOptions         : loaded 2 times (x 70B)
Class com.google.common.base.CaseFormat                                               : loaded 2 times (x 83B)
Class com.android.build.gradle.internal.dsl.DefaultConfig$AgpDecorated_Decorated      : loaded 2 times (x 517B)
Class com.android.ide.common.resources.ResourcePreprocessor                           : loaded 2 times (x 70B)
Class com.android.builder.symbols.BytecodeRClassWriterKt                              : loaded 2 times (x 71B)
Class org.jetbrains.kotlin.gradle.plugin.mpp.AbstractKotlinTarget$kotlinComponents$2  : loaded 2 times (x 79B)
Class org.jetbrains.kotlin.gradle.plugin.KotlinPlatformType$CompatibilityRule         : loaded 2 times (x 76B)
Class org.jetbrains.kotlin.gradle.internal.properties.NativePropertiesLoader$actualNativeHomeDirectory$1: loaded 2 times (x 75B)
Class org.jetbrains.kotlin.gradle.internal.properties.NativePropertiesKt              : loaded 2 times (x 71B)
Class org.jetbrains.kotlin.gradle.plugin.BuildEventsListenerRegistryHolder            : loaded 2 times (x 72B)
Class [Lorg.jetbrains.kotlin.statistics.metrics.BooleanOverridePolicy;                : loaded 2 times (x 69B)
Class com.android.aapt.Resources$XmlElement$Builder                                   : loaded 2 times (x 313B)
Class com.android.build.api.variant.CanMinifyCodeBuilder                              : loaded 2 times (x 70B)
Class com.google.common.collect.FluentIterable                                        : loaded 2 times (x 81B)
Class org.jetbrains.kotlin.metadata.ProtoBuf$Type$Argument                            : loaded 2 times (x 110B)
Class org.jetbrains.kotlin.incremental.KotlinClassInfo                                : loaded 2 times (x 72B)
Class org.jetbrains.org.objectweb.asm.tree.ClassNode                                  : loaded 2 times (x 91B)
Class org.jetbrains.kotlin.load.kotlin.FileBasedKotlinClass$InnerClassesInfo          : loaded 2 times (x 74B)
Class kotlin.collections.MapsKt                                                       : loaded 2 times (x 71B)
Class kotlin.collections.CollectionsKt__IterablesKt                                   : loaded 2 times (x 71B)
Class org.gradle.kotlin.dsl.ImplementationConfigurationAccessorsKt                    : loaded 2 times (x 71B)
Class com.android.build.gradle.internal.scope.InternalArtifactType$VERIFIED_LIBRARY_CLASSES: loaded 2 times (x 74B)
Class com.android.manifmerger.IntentNodeKeyResolver                                   : loaded 2 times (x 78B)
Class org.jetbrains.kotlin.gradle.internal.ClassLoadersCachingBuildService$getClassLoader$1: loaded 2 times (x 75B)
Class com.android.manifmerger.AttributeModel$4                                        : loaded 2 times (x 81B)
Class [Lcom.android.manifmerger.ManifestSystemProperty;                               : loaded 2 times (x 69B)
Class org.jetbrains.kotlin.statistics.metrics.ConcatMetricContainer                   : loaded 2 times (x 77B)
Class org.jetbrains.kotlin.com.google.common.util.concurrent.AbstractFuture$UnsafeAtomicHelper$1: loaded 2 times (x 76B)
Class org.jetbrains.kotlin.com.google.common.cache.LocalCache$EntryFactory$3          : loaded 2 times (x 83B)
Class org.jetbrains.kotlin.com.google.common.cache.CacheBuilder$3                     : loaded 2 times (x 72B)
Class com.google.common.cache.CacheBuilderSpec$KeyStrengthParser                      : loaded 2 times (x 76B)
Class com.android.manifmerger.ManifestMerger2$FileStreamProvider                      : loaded 2 times (x 72B)
Class com.android.ide.common.build.CommonBuiltArtifact                                : loaded 2 times (x 70B)
Class org.jetbrains.kotlin.gradle.tasks.GradleCompileTaskProvider                     : loaded 2 times (x 72B)
Class com.android.build.gradle.internal.tasks.ProcessJavaResTask_Decorated            : loaded 2 times (x 629B)
Class com.android.ide.common.process.ProcessException                                 : loaded 2 times (x 82B)
Class com.google.gson.internal.bind.MapTypeAdapterFactory                             : loaded 2 times (x 75B)
Class com.google.gson.internal.bind.TypeAdapters$29                                   : loaded 2 times (x 75B)
Class com.google.gson.JsonNull                                                        : loaded 2 times (x 92B)
Class javax.xml.bind.annotation.W3CDomHandler                                         : loaded 2 times (x 85B)
Class com.sun.xml.bind.v2.runtime.reflect.TransducedAccessor$IDREFTransducedAccessorImpl: loaded 2 times (x 80B)
Class com.sun.xml.bind.v2.runtime.unmarshaller.WildcardLoader                         : loaded 2 times (x 79B)
Class com.sun.xml.bind.v2.runtime.unmarshaller.XsiTypeLoader                          : loaded 2 times (x 78B)
Class com.sun.xml.bind.v2.runtime.reflect.AdaptedAccessor                             : loaded 2 times (x 85B)
Class com.sun.xml.bind.v2.model.impl.LeafInfoImpl                                     : loaded 2 times (x 102B)
Class com.android.sdklib.repository.generated.addon.v1.LibrariesType                  : loaded 2 times (x 75B)
Class com.android.sdklib.repository.AndroidSdkHandler                                 : loaded 2 times (x 72B)
Class [Lcom.android.sdklib.repository.legacy.remote.internal.DownloadCache$Strategy;  : loaded 2 times (x 69B)
Class com.android.build.gradle.internal.GradleLocalPropertiesFactory$get$propertiesContent$1: loaded 2 times (x 75B)
Class com.android.build.gradle.internal.dependency.RecalculateStackFramesTransform$Parameters_Decorated: loaded 2 times (x 138B)
Class com.android.build.gradle.internal.scope.InternalArtifactType$DEVICE_PROVIDER_CODE_COVERAGE: loaded 2 times (x 74B)
Class com.android.build.api.variant.impl.FlatSourceDirectoriesForJavaImpl$internalGenerators$2: loaded 2 times (x 79B)
Class com.android.build.gradle.tasks.TestResultsCollectionTask$AggregatedTestResultsCollectionCreationAction: loaded 2 times (x 91B)
Class com.android.build.gradle.internal.tasks.ApplicationTaskManager$createDynamicBundleTask$2: loaded 2 times (x 75B)
Class org.jetbrains.kotlin.gradle.plugin.mpp.compilationImpl.factory.KotlinCompilationDependencyConfigurationsFactoriesKt: loaded 2 times (x 71B)
Class org.jetbrains.kotlin.gradle.plugin.mpp.compilationImpl.DefaultKotlinCompilationFriendPathsResolver: loaded 2 times (x 75B)
Class org.jetbrains.kotlin.gradle.tasks.configuration.BaseKotlinCompileConfig$registerBuildToolsApiTransformations$1: loaded 2 times (x 75B)
Class org.jetbrains.kotlin.gradle.tasks.configuration.AbstractKotlinCompileConfigKt$sam$org_gradle_api_Action$0: loaded 2 times (x 75B)
Class org.jetbrains.kotlin.gradle.plugin.internal.BuildIdService                      : loaded 2 times (x 76B)
Class com.android.build.gradle.internal.res.ParseLibraryResourcesTask                 : loaded 2 times (x 335B)
Class com.android.build.gradle.internal.res.LinkApplicationAndroidResourcesTask$CreationAction$handleProvider$1: loaded 2 times (x 127B)
Class com.android.build.gradle.internal.TaskManager$MergeType$PACKAGE                 : loaded 2 times (x 80B)
Class com.android.build.gradle.internal.tasks.ValidateResourcesTask                   : loaded 2 times (x 327B)
Class com.android.build.gradle.internal.coverage.tasks.CodeCoverageReportTask$AggregatedCoverageReportCreationAction$handleProvider$1: loaded 2 times (x 127B)
Class com.android.build.gradle.internal.services.BuiltInKotlinSupportMode$Supported$BuiltInKotlinBooleanOptionEnabled: loaded 2 times (x 71B)
Class com.android.build.gradle.internal.core.dsl.impl.AndroidTestComponentDslInfoImpl$signingConfigResolver$2: loaded 2 times (x 79B)
Class com.android.build.api.variant.SigningConfig                                     : loaded 2 times (x 70B)
Class com.android.build.gradle.internal.component.features.DexingCreationConfig       : loaded 2 times (x 70B)
Class com.android.build.api.variant.Renderscript                                      : loaded 2 times (x 70B)
Class com.android.build.gradle.internal.dependency.SourceTypeCompatibilityRule        : loaded 2 times (x 76B)
Class org.jetbrains.kotlin.gradle.plugin.KotlinCompilerPluginSupportPlugin$DefaultImpls: loaded 2 times (x 71B)
Class org.jetbrains.kotlin.gradle.plugin.SubpluginArtifact                            : loaded 2 times (x 72B)
Class com.android.build.gradle.internal.dsl.BaseAppModuleExtension_Decorated          : loaded 2 times (x 540B)
Class com.android.build.gradle.internal.api.artifact.SourceArtifactType$JNI           : loaded 2 times (x 74B)
Class com.android.manifmerger.ManifestSystemPropertyKt$createOrGetElement$1           : loaded 2 times (x 77B)
Class com.android.build.gradle.internal.dsl.LibraryAndroidResourcesImpl               : loaded 2 times (x 121B)
Class com.android.build.gradle.internal.model.CoreExternalNativeBuild                 : loaded 2 times (x 70B)
Class com.android.build.api.dsl.ApplicationProductFlavor                              : loaded 2 times (x 70B)
Class org.jetbrains.kotlin.gradle.dsl.KotlinVersion                                   : loaded 2 times (x 79B)
Class org.jetbrains.kotlin.gradle.internal.properties.NativePropertiesLoader$actualNativeHomeDirectory$2: loaded 2 times (x 74B)
Class org.jetbrains.kotlin.gradle.utils.StoredPropertyKt                              : loaded 2 times (x 71B)
Class org.jetbrains.kotlin.incremental.classpathDiff.DirectoryOrJarReader             : loaded 2 times (x 70B)
Class com.google.protobuf.AbstractProtobufList                                        : loaded 2 times (x 229B)
Class kotlin.collections.CollectionsKt__ReversedViewsKt                               : loaded 2 times (x 71B)
Class com.google.common.util.concurrent.ListeningScheduledExecutorService             : loaded 2 times (x 70B)
Class org.gradle.accessors.dm.LibrariesForLibs$AndroidxLibraryAccessors               : loaded 2 times (x 84B)
Class jdk.internal.jrtfs.JrtFileSystem                                                : loaded 2 times (x 102B)
Class org.jetbrains.kotlin.resolve.scopes.receivers.Receiver                          : loaded 2 times (x 70B)
Class org.jetbrains.kotlin.metadata.ProtoBuf$Modality$1                               : loaded 2 times (x 74B)
Class org.jetbrains.org.objectweb.asm.tree.TypeAnnotationNode                         : loaded 2 times (x 81B)
Class kotlin.KotlinNullPointerException                                               : loaded 2 times (x 83B)
Class kotlin.sequences.SequencesKt__SequenceBuilderKt                                 : loaded 2 times (x 71B)
Class org.jetbrains.kotlin.build.report.metrics.BuildMetrics                          : loaded 2 times (x 72B)
Class com.android.manifmerger.AttributeModel$5                                        : loaded 2 times (x 81B)
Class org.jetbrains.kotlin.daemon.common.ClientUtilsKt                                : loaded 2 times (x 71B)
Class kotlin.sequences.FilteringSequence$iterator$1                                   : loaded 2 times (x 79B)
Class [Lorg.jetbrains.kotlin.com.google.common.cache.LocalCache$EntryFactory;         : loaded 2 times (x 69B)
Class org.jetbrains.kotlin.com.google.common.cache.LocalCache$EntryFactory$4          : loaded 2 times (x 83B)
Class org.jetbrains.kotlin.com.google.common.base.PairwiseEquivalence                 : loaded 2 times (x 83B)
Class com.android.aapt.Resources$XmlNamespaceOrBuilder                                : loaded 2 times (x 70B)
Class com.android.aapt.ConfigurationOuterClass$Configuration$GrammaticalGender$1      : loaded 2 times (x 76B)
Class com.android.aaptcompiler.Plural$Type                                            : loaded 2 times (x 79B)
Class com.android.aaptcompiler.ConfigDescription                                      : loaded 2 times (x 77B)
Class com.android.builder.internal.aapt.v2.Aapt2Exception                             : loaded 2 times (x 82B)
Class kotlin.io.FilesKt__FileTreeWalkKt                                               : loaded 2 times (x 71B)
Class org.jetbrains.kotlin.gradle.internal.build.SourcesUtilsKt                       : loaded 2 times (x 71B)
Class javax.xml.bind.ValidationEventLocator                                           : loaded 2 times (x 70B)
Class com.sun.xml.bind.v2.runtime.ElementBeanInfoImpl$IntercepterLoader               : loaded 2 times (x 81B)
Class com.android.sdklib.repository.generated.repository.v2.PlatformDetailsType       : loaded 2 times (x 120B)
Class [Lcom.sun.xml.bind.v2.model.impl.PropertyInfoImpl;                              : loaded 2 times (x 69B)
Class com.sun.xml.bind.v2.model.annotation.XmlElementDeclQuick                        : loaded 2 times (x 96B)
Class com.android.repository.impl.generated.v2.ChannelRefType                         : loaded 2 times (x 77B)
Class com.android.build.gradle.internal.SdkComponentsBuildService$VersionedSdkLoader$emulatorDirectoryProvider$1: loaded 2 times (x 75B)
Class com.android.repository.impl.downloader.LocalFileAwareDownloader                 : loaded 2 times (x 84B)
Class com.android.build.gradle.internal.publishing.PublishingSpecs$VariantSpecBuilder : loaded 2 times (x 70B)
Class com.android.build.api.variant.impl.SourceDirectoriesImpl                        : loaded 2 times (x 86B)
Class com.android.build.gradle.internal.tasks.ValidateSigningTask$CreationAction      : loaded 2 times (x 90B)
Class com.android.build.gradle.internal.tasks.CheckDuplicateClassesTask$CreationAction$handleProvider$1: loaded 2 times (x 127B)
Class org.jetbrains.kotlin.gradle.plugin.mpp.compilationImpl.KotlinCompilationSourceSetsContainerKt: loaded 2 times (x 71B)
Class org.jetbrains.kotlin.gradle.tasks.configuration.BaseKotlinCompileConfig$registerBuildToolsApiTransformations$2: loaded 2 times (x 75B)
Class org.jetbrains.kotlin.gradle.tasks.KotlinJvmCompile                              : loaded 2 times (x 70B)
Class com.android.build.api.variant.impl.ResourcesPackagingImpl$excludes$1            : loaded 2 times (x 75B)
Class com.android.build.gradle.internal.res.LinkApplicationAndroidResourcesTask$CreationAction$handleProvider$2: loaded 2 times (x 127B)
Class com.android.build.api.component.impl.HostTestImpl_Decorated                     : loaded 2 times (x 483B)
Class com.android.build.gradle.internal.services.BuiltInKaptSupportMode               : loaded 2 times (x 71B)
Class com.android.build.gradle.internal.cxx.configure.NativeModelBuilderOutcome$Builder: loaded 2 times (x 322B)
Class com.android.build.gradle.internal.variant.VariantModelImpl                      : loaded 2 times (x 87B)
Class com.android.build.api.variant.VariantSelector                                   : loaded 2 times (x 70B)
Class com.android.build.gradle.api.InstallableVariant                                 : loaded 2 times (x 70B)
Class com.android.build.gradle.internal.dsl.LintImpl$AgpDecorated_Decorated           : loaded 2 times (x 303B)
Class com.android.build.gradle.internal.dsl.PackagingOptions$AgpDecorated_Decorated   : loaded 2 times (x 162B)
Class com.android.build.gradle.internal.dsl.CoreProductFlavor                         : loaded 2 times (x 70B)
Class com.android.build.api.dsl.BuildType                                             : loaded 2 times (x 70B)
Class com.android.ide.common.gradle.Version$Companion$ParseState$EMPTY                : loaded 2 times (x 74B)
Class org.jetbrains.kotlin.gradle.internal.properties.NativePropertiesLoader$actualNativeHomeDirectory$3: loaded 2 times (x 75B)
Class org.jetbrains.kotlin.gradle.report.BuildReportMode                              : loaded 2 times (x 79B)
Class org.jetbrains.kotlin.statistics.metrics.StringAnonymizationPolicy$RegexControlled: loaded 2 times (x 79B)
Class org.jetbrains.kotlin.statistics.ValueAnonymizer                                 : loaded 2 times (x 70B)
Class org.jetbrains.kotlin.gradle.plugin.VariantImplementationFactories$Companion$getProvider$2$1$1: loaded 2 times (x 75B)
Class org.jetbrains.kotlin.gradle.plugin.internal.ProjectIsolationStartParameterAccessor$Factory: loaded 2 times (x 70B)
Class com.android.tools.analytics.HostData$graphicsEnvironment$2                      : loaded 2 times (x 78B)
Class com.google.protobuf.Message$Builder                                             : loaded 2 times (x 70B)
Class com.android.tools.analytics.Environment$EnvironmentVariable                     : loaded 2 times (x 79B)
Class com.android.build.gradle.internal.errors.AndroidProblemReporterProvider$Parameters_Decorated: loaded 2 times (x 130B)
Class com.android.build.gradle.internal.errors.AndroidProblemReporterProvider$Parameters: loaded 2 times (x 70B)
Class org.gradle.accessors.dm.LibrariesForLibs$RetrofitConverterKotlinxLibraryAccessors: loaded 2 times (x 77B)
Class jdk.internal.jimage.decompressor.CompressedResourceHeader                       : loaded 2 times (x 71B)
Class org.jetbrains.kotlin.metadata.ProtoBuf$VersionRequirement                       : loaded 2 times (x 116B)
Class kotlin.ranges.RangesKt___RangesKt                                               : loaded 2 times (x 71B)
Class com.android.build.gradle.internal.scope.InternalArtifactType$GENERATED_LOCALE_CONFIG: loaded 2 times (x 74B)
Class org.jetbrains.kotlin.load.kotlin.FileBasedKotlinClass$OuterAndInnerName         : loaded 2 times (x 72B)
Class [Lcom.android.manifmerger.AttributeOperationType;                               : loaded 2 times (x 69B)
Class [Lcom.android.manifmerger.ManifestModel$NodeTypes;                              : loaded 2 times (x 69B)
Class com.android.manifmerger.AttributeModel$6                                        : loaded 2 times (x 81B)
Class org.jetbrains.kotlin.daemon.common.OSKind                                       : loaded 2 times (x 79B)
Class [Lorg.jetbrains.kotlin.com.google.common.cache.LocalCache$NullEntry;            : loaded 2 times (x 69B)
Class org.jetbrains.kotlin.com.google.common.cache.LocalCache$EntryFactory$5          : loaded 2 times (x 83B)
Class org.jetbrains.kotlin.com.google.common.cache.CacheBuilder$OneWeigher            : loaded 2 times (x 82B)
Class org.jetbrains.kotlin.metadata.ProtoBuf$ContractOrBuilder                        : loaded 2 times (x 70B)
Class com.android.aapt.Resources$Item                                                 : loaded 2 times (x 220B)
Class [Lcom.android.aapt.ConfigurationOuterClass$Configuration$Touchscreen;           : loaded 2 times (x 69B)
Class com.android.aaptcompiler.Reference                                              : loaded 2 times (x 75B)
Class com.android.aaptcompiler.ResourceName                                           : loaded 2 times (x 75B)
Class com.android.build.gradle.internal.tasks.NewIncrementalTask$taskAction$$inlined$recordTaskAction$1: loaded 2 times (x 75B)
Class com.android.build.gradle.internal.tasks.MergeNativeLibsTaskKt$getExternalNativeLibs$1: loaded 2 times (x 74B)
Class com.android.build.gradle.tasks.MergeResources_Decorated                         : loaded 2 times (x 414B)
Class com.android.build.gradle.internal.tasks.factory.GlobalTaskCreationConfigImpl$platformAttrs$2$attributes$1: loaded 2 times (x 74B)
Class org.jetbrains.kotlin.gradle.tasks.DefaultKotlinJavaToolchain$javaExecutable$1   : loaded 2 times (x 75B)
Class org.jetbrains.kotlin.build.report.metrics.BuildAttribute                        : loaded 2 times (x 79B)
Class com.android.build.gradle.tasks.JavaCompileOptionsForRoom                        : loaded 2 times (x 75B)
Class com.android.ide.common.repository.AgpVersion$Companion$WhenMappings             : loaded 2 times (x 71B)
Class com.google.gson.internal.bind.DefaultDateTypeAdapter$DateType$1                 : loaded 2 times (x 73B)
Class com.sun.xml.bind.v2.runtime.property.SingleMapNodeProperty$1                    : loaded 2 times (x 78B)
Class javax.xml.bind.annotation.XmlList                                               : loaded 2 times (x 70B)
Class com.sun.xml.bind.v2.model.core.EnumLeafInfo                                     : loaded 2 times (x 70B)
Class com.android.build.gradle.internal.SupportToolsComponents                        : loaded 2 times (x 72B)
Class com.android.build.gradle.internal.PlatformToolsComponents                       : loaded 2 times (x 72B)
Class [Lcom.android.build.gradle.internal.SdkLocator$PropertyLocation;                : loaded 2 times (x 69B)
Class com.android.repository.io.FileOpUtils                                           : loaded 2 times (x 71B)
Class org.jetbrains.kotlin.gradle.plugin.statistics.KotlinBuildStatsLoggerService$reportBuildFinished$1: loaded 2 times (x 79B)
Class org.jetbrains.org.objectweb.asm.TypeReference                                   : loaded 2 times (x 80B)
Class com.android.build.gradle.internal.scope.InternalArtifactType$LINT_VITAL_INTERMEDIATE_TEXT_REPORT: loaded 2 times (x 74B)
Class com.android.build.gradle.internal.scope.InternalArtifactType$LINT_MODEL         : loaded 2 times (x 74B)
Class com.android.build.gradle.tasks.ProcessTestManifest$CreationAction               : loaded 2 times (x 90B)
Class com.android.build.gradle.internal.tasks.ExtractApksTask$CreationAction$handleProvider$1: loaded 2 times (x 127B)
Class com.android.build.gradle.internal.tasks.ParseIntegrityConfigTask$CreationAction$handleProvider$1: loaded 2 times (x 127B)
Class com.android.build.gradle.internal.scope.InternalArtifactType$BINARY_ART_PROFILE_METADATA: loaded 2 times (x 74B)
Class com.android.build.gradle.tasks.PackageApplication$CreationAction                : loaded 2 times (x 92B)
Class org.jetbrains.kotlin.gradle.plugin.mpp.compilationImpl.KotlinCompilationRegisterInSourceSetsConfigurator: loaded 2 times (x 74B)
Class org.jetbrains.kotlin.gradle.plugin.mpp.compilationImpl.factory.DefaultKotlinCompilationTaskNamesContainerFactory: loaded 2 times (x 74B)
Class org.jetbrains.kotlin.gradle.plugin.mpp.compilationImpl.DefaultKotlinCompilationFriendPathsResolver$FriendArtifactResolver$Companion: loaded 2 times (x 71B)
Class com.android.build.gradle.internal.dependency.ProvidedClasspathSubtractor        : loaded 2 times (x 72B)
Class [Lcom.android.build.gradle.internal.dependency.AdditionalArtifactType;          : loaded 2 times (x 69B)
Class com.android.build.api.component.impl.DeviceTestImpl$buildConfigFields$2         : loaded 2 times (x 79B)
Class com.android.build.gradle.internal.core.dsl.impl.AndroidTestComponentDslInfoImpl$instrumentedTestDelegate$2: loaded 2 times (x 79B)
Class com.android.build.gradle.internal.tasks.factory.BootClasspathConfigImpl$1       : loaded 2 times (x 79B)
Class com.android.build.gradle.internal.api.DefaultAndroidSourceSet$AndroidSourceDirectorySetFactory: loaded 2 times (x 75B)
Class com.android.build.gradle.internal.dsl.KmpOptimizationImpl                       : loaded 2 times (x 83B)
Class com.android.build.api.dsl.BundleTexture                                         : loaded 2 times (x 70B)
Class com.android.build.api.dsl.ApkSigningConfig                                      : loaded 2 times (x 70B)
Class org.jetbrains.kotlin.gradle.plugin.mpp.AbstractKotlinTarget$components$2        : loaded 2 times (x 79B)
Class org.jetbrains.kotlin.gradle.plugin.mpp.KotlinUsages$setupAttributesMatchingStrategy$1: loaded 2 times (x 74B)
Class org.jetbrains.kotlin.gradle.plugin.KotlinGradleBuildServices$Companion$registerIfAbsent$2$1$1: loaded 2 times (x 75B)
Class org.jetbrains.kotlin.gradle.plugin.PropertiesProvider$preciseCompilationResultsBackup$1: loaded 2 times (x 79B)
Class org.jetbrains.kotlin.gradle.internal.diagnostics.AgpCompatibilityCheck$runAgpCompatibilityCheckIfAgpIsApplied$1$1: loaded 2 times (x 75B)
Class org.jetbrains.kotlin.gradle.utils.AndroidPluginIdsKt                            : loaded 2 times (x 71B)
Class org.jetbrains.kotlin.gradle.plugin.KotlinBaseApiPlugin_Decorated                : loaded 2 times (x 163B)
Class org.jetbrains.kotlin.gradle.plugin.KotlinBasePlugin                             : loaded 2 times (x 70B)
Class com.android.build.gradle.internal.services.FakeDependencyJarBuildService        : loaded 2 times (x 82B)
Class com.android.build.gradle.internal.dependency.JacocoInstrumentationService$RegistrationAction: loaded 2 times (x 74B)
Class [Lorg.jetbrains.kotlin.metadata.ProtoBuf$Visibility;                            : loaded 2 times (x 69B)
Class kotlin.jvm.internal.CollectionToArray                                           : loaded 2 times (x 71B)
Class org.gradle.internal.classloader.FilteringClassLoader                            : loaded 2 times (x 105B)
Class com.android.build.gradle.internal.plugins.AndroidPluginBaseServices$projectServices$2$1$1: loaded 2 times (x 125B)
Class [Lcom.android.build.gradle.options.ReplacedOption;                              : loaded 2 times (x 69B)
Class com.android.build.gradle.internal.plugins.BasePlugin$Companion                  : loaded 2 times (x 71B)
Class org.jetbrains.kotlin.gradle.plugin.KotlinCompilerPluginSupportPlugin            : loaded 2 times (x 70B)
Class org.gradle.accessors.dm.LibrariesForLibsInPluginsBlock$AndroidxComposeUiToolingLibraryAccessors: loaded 2 times (x 83B)
Class org.gradle.accessors.dm.LibrariesForLibsInPluginsBlock$AndroidxComposeUiLibraryAccessors: loaded 2 times (x 85B)
Class org.gradle.accessors.dm.LibrariesForLibs$KotlinPluginAccessors                  : loaded 2 times (x 75B)
Class org.jetbrains.org.objectweb.asm.Opcodes                                         : loaded 2 times (x 70B)
Class org.jetbrains.kotlin.incremental.DifferenceCalculatorForPackageFacade           : loaded 2 times (x 74B)
Class org.jetbrains.kotlin.descriptors.annotations.Annotated                          : loaded 2 times (x 70B)
Class [Lorg.jetbrains.org.objectweb.asm.AnnotationVisitor;                            : loaded 2 times (x 69B)
Class org.jetbrains.kotlin.com.intellij.openapi.diagnostic.Attachment                 : loaded 2 times (x 72B)
Class org.jetbrains.kotlin.descriptors.SourceElement$1                                : loaded 2 times (x 74B)
Class kotlin.collections.ArraysKt                                                     : loaded 2 times (x 71B)
Class com.android.manifmerger.AttributeModel$7                                        : loaded 2 times (x 81B)
Class org.jetbrains.kotlin.com.google.common.cache.LocalCache$EntryFactory$6          : loaded 2 times (x 83B)
Class org.jetbrains.kotlin.gradle.internal.ClassLoadersCacheHolder                    : loaded 2 times (x 71B)
Class com.android.build.gradle.internal.tasks.NonIncrementalTask$taskAction$$inlined$recordTaskAction$1: loaded 2 times (x 75B)
Class com.android.build.api.variant.FilterConfiguration$FilterType                    : loaded 2 times (x 79B)
Class com.android.build.gradle.internal.DependencyResourcesComputer$initFromVariantScope$2$1: loaded 2 times (x 78B)
Class org.jetbrains.kotlin.gradle.tasks.internal.KotlinJvmOptionsCompat               : loaded 2 times (x 101B)
Class com.android.build.api.variant.HasUnitTestBuilder                                : loaded 2 times (x 70B)
Class com.android.build.gradle.internal.core.dsl.features.ManifestPlaceholdersDslInfo : loaded 2 times (x 70B)
Class com.google.gson.internal.LazilyParsedNumber                                     : loaded 2 times (x 78B)
Class com.android.sdklib.repository.targets.PlatformTarget                            : loaded 2 times (x 129B)
Class javax.xml.bind.helpers.AbstractUnmarshallerImpl                                 : loaded 2 times (x 130B)
Class com.sun.xml.bind.v2.runtime.property.SingleMapNodeProperty$2                    : loaded 2 times (x 78B)
Class com.android.repository.impl.meta.Archive$PatchType                              : loaded 2 times (x 81B)
Class com.sun.xml.bind.v2.model.core.ValuePropertyInfo                                : loaded 2 times (x 70B)
Class com.sun.xml.bind.v2.runtime.RuntimeUtil                                         : loaded 2 times (x 71B)
Class com.android.sdklib.repository.meta.DetailsTypes$SysImgDetailsType               : loaded 2 times (x 70B)
Class com.android.build.gradle.internal.utils.ConsoleProgressIndicatorFactory$create$1: loaded 2 times (x 108B)
Class com.android.build.gradle.internal.dependency.IdentityTransform                  : loaded 2 times (x 78B)
Class com.android.build.api.variant.impl.FlatSourceDirectoriesForJavaImpl$all$2$1     : loaded 2 times (x 76B)
Class com.android.build.gradle.options.ApiStage$Deprecated                            : loaded 2 times (x 72B)
Class com.android.build.gradle.internal.component.TestVariantCreationConfig           : loaded 2 times (x 70B)
Class com.android.build.gradle.internal.tasks.ClasspathComparisonTask                 : loaded 2 times (x 328B)
Class com.android.build.gradle.internal.tasks.ExtractApksTask$CreationAction$handleProvider$2: loaded 2 times (x 127B)
Class com.android.build.gradle.internal.tasks.SigningConfigVersionsWriterTask$CreationAction: loaded 2 times (x 90B)
Class com.android.build.gradle.internal.tasks.DexMergingTask                          : loaded 2 times (x 337B)
Class com.android.build.gradle.tasks.MapSourceSetPathsTask                            : loaded 2 times (x 338B)
Class com.android.build.api.component.impl.OldVariantApiLegacySupportImpl$manifestPlaceholdersDslInfo$2: loaded 2 times (x 79B)
Class com.android.build.gradle.internal.tasks.ModuleMetadataWriterTask                : loaded 2 times (x 334B)
Class com.android.build.gradle.internal.dependency.VariantDependencies$computeArtifactCollection$1: loaded 2 times (x 78B)
Class com.android.build.api.component.impl.LifecycleTasksImpl                         : loaded 2 times (x 76B)
Class com.android.build.api.component.impl.TestFixturesImpl                           : loaded 2 times (x 364B)
Class com.android.build.gradle.internal.core.dsl.impl.features.OptimizationDslInfoImpl: loaded 2 times (x 98B)
Class com.android.build.gradle.internal.dsl.MinSdkVersionImpl                         : loaded 2 times (x 76B)
Class com.android.build.gradle.internal.dsl.SigningConfig$AgpDecorated                : loaded 2 times (x 150B)
Class com.android.build.api.variant.Aapt2                                             : loaded 2 times (x 70B)
Class com.android.build.gradle.internal.dsl.SdkComponentsImpl                         : loaded 2 times (x 86B)
Class com.android.build.gradle.internal.tasks.factory.BootClasspathConfigImpl$2       : loaded 2 times (x 79B)
Class com.android.build.gradle.internal.dsl.ApplicationPublishingImpl$AgpDecorated    : loaded 2 times (x 86B)
Class com.android.build.gradle.internal.dsl.ManagedDevices_Decorated                  : loaded 2 times (x 124B)
Class com.android.build.gradle.internal.api.AndroidSourceSetName$Companion            : loaded 2 times (x 71B)
Class com.google.wireless.android.sdk.stats.JavaProcessStatsOrBuilder                 : loaded 2 times (x 70B)
Class org.jetbrains.kotlin.gradle.utils.FutureKt                                      : loaded 2 times (x 71B)
Class org.jetbrains.kotlin.gradle.targets.native.internal.PlatformLibrariesGenerator$GeneratedPlatformLibrariesService: loaded 2 times (x 76B)
Class org.jetbrains.kotlin.gradle.logging.GradleLoggingUtilsKt                        : loaded 2 times (x 71B)
Class org.jetbrains.kotlin.gradle.plugin.KotlinAndroidPluginWrapper                   : loaded 2 times (x 86B)
Class com.android.build.gradle.internal.AvdComponentsBuildService$RegistrationAction  : loaded 2 times (x 74B)
Class com.android.build.gradle.internal.ide.dependencies.MavenCoordinatesCacheBuildService$RegistrationAction: loaded 2 times (x 74B)
Class com.android.prefs.AndroidPathLocator                                            : loaded 2 times (x 73B)
Class com.android.build.gradle.internal.plugins.AndroidPluginBaseServices$projectServices$2$1$2: loaded 2 times (x 79B)
Class com.android.build.gradle.internal.services.ClassesHierarchyBuildService         : loaded 2 times (x 80B)
Class org.jetbrains.kotlin.gradle.plugin.internal.CustomPropertiesFileValueSource$Inject_: loaded 2 times (x 113B)
Class com.android.build.gradle.DynamicFeaturePlugin                                   : loaded 2 times (x 76B)
Class com.android.build.gradle.internal.plugins.BasePlugin$extension$2                : loaded 2 times (x 79B)
Class com.android.build.gradle.internal.plugins.DslContainerProvider                  : loaded 2 times (x 70B)
Class com.android.build.gradle.AppExtension                                           : loaded 2 times (x 215B)
Class com.android.build.gradle.AppPlugin                                              : loaded 2 times (x 76B)
Class com.google.common.hash.PrimitiveSink                                            : loaded 2 times (x 70B)
Class org.jetbrains.kotlin.metadata.ProtoBuf$Expression$1                             : loaded 2 times (x 144B)
Class org.jetbrains.kotlin.descriptors.DescriptorVisibility                           : loaded 2 times (x 78B)
Class org.jetbrains.kotlin.incremental.classpathDiff.RegularKotlinClassSnapshot       : loaded 2 times (x 76B)
Class org.jetbrains.kotlin.incremental.impl.ClassNodeSnapshotter                      : loaded 2 times (x 71B)
Class kotlin.collections.SetsKt__SetsKt                                               : loaded 2 times (x 71B)
Class kotlin.LazyKt                                                                   : loaded 2 times (x 71B)
Class com.android.manifmerger.AttributeModel$8                                        : loaded 2 times (x 81B)
Class org.jetbrains.kotlin.daemon.common.DaemonReportCategory                         : loaded 2 times (x 79B)
Class org.jetbrains.kotlin.daemon.common.DaemonOptions                                : loaded 2 times (x 75B)
Class org.jetbrains.kotlin.compilerRunner.GradleKotlinCompilerWorkArguments$Companion : loaded 2 times (x 71B)
Class org.jetbrains.kotlin.com.google.common.cache.LocalCache$EntryFactory$7          : loaded 2 times (x 83B)
Class com.android.build.gradle.internal.dependency.AarToClassTransform$Companion$copyAllClassesJarsTo$1: loaded 2 times (x 125B)
Class com.android.aapt.Resources$XmlAttribute                                         : loaded 2 times (x 207B)
Class com.android.aaptcompiler.Container$EntryType                                    : loaded 2 times (x 79B)
Class org.jetbrains.kotlin.gradle.plugin.PropertiesProvider$booleanPropertyWithDeprecatedValues$1: loaded 2 times (x 78B)
Class com.android.zipflinger.CentralDirectory                                         : loaded 2 times (x 79B)
Class com.google.common.cache.CacheBuilderSpec$MaximumWeightParser                    : loaded 2 times (x 76B)
Class org.jetbrains.kotlin.gradle.fus.internal.SynchronizedConfigurationMetrics$Companion: loaded 2 times (x 71B)
Class com.android.build.gradle.internal.DependencyResourcesComputer$initFromVariantScope$2$2: loaded 2 times (x 79B)
Class com.sun.xml.bind.v2.runtime.unmarshaller.ChildLoader                            : loaded 2 times (x 72B)
Class javax.xml.bind.JAXBElement$GlobalScope                                          : loaded 2 times (x 71B)
Class com.sun.xml.bind.v2.runtime.property.ValueProperty                              : loaded 2 times (x 102B)
Class javax.xml.bind.annotation.XmlSchemaTypes                                        : loaded 2 times (x 70B)
Class javax.xml.bind.annotation.XmlIDREF                                              : loaded 2 times (x 70B)
Class com.android.sdklib.repository.generated.repository.v1.SourceDetailsType         : loaded 2 times (x 114B)
Class javax.xml.bind.annotation.XmlElement                                            : loaded 2 times (x 70B)
Class com.sun.xml.bind.v2.model.runtime.RuntimeLeafInfo                               : loaded 2 times (x 70B)
Class com.android.repository.impl.meta.RepoPackageImpl$UsesLicense                    : loaded 2 times (x 73B)
Class org.jetbrains.kotlin.compilerRunner.GradleCompilerRunner$Companion              : loaded 2 times (x 71B)
Class com.android.build.gradle.internal.scope.InternalArtifactType$RUNTIME_LIBRARY_CLASSES_DIR: loaded 2 times (x 74B)
Class com.android.build.gradle.internal.cxx.logging.ThreadLoggingEnvironment$Companion: loaded 2 times (x 71B)
Class com.android.build.gradle.internal.scope.InternalArtifactType$UNIT_TEST_LINT_MODEL: loaded 2 times (x 74B)
Class com.android.build.gradle.internal.tasks.ExtractApksTask$CreationAction$handleProvider$3: loaded 2 times (x 127B)
Class com.android.build.gradle.internal.tasks.factory.AndroidVariantTaskCreationAction: loaded 2 times (x 92B)
Class com.android.build.gradle.internal.tasks.DexFileDependenciesTask$CreationAction  : loaded 2 times (x 93B)
Class org.jetbrains.kotlin.gradle.plugin.mpp.compilationImpl.factory.KotlinJvmCompilerOptionsFactory$create$kotlinOptions$1: loaded 2 times (x 101B)
Class com.android.build.gradle.internal.tasks.CheckManifest$CreationAction$handleProvider$1: loaded 2 times (x 127B)
Class com.android.build.gradle.internal.dependency.VariantDependencies$computeArtifactCollection$2: loaded 2 times (x 75B)
Class com.android.build.gradle.internal.TestFixturesTaskManager                       : loaded 2 times (x 82B)
Class com.android.build.gradle.internal.core.dsl.impl.DslInfoCommonKt$initTestApplicationId$2: loaded 2 times (x 74B)
Class com.android.build.api.instrumentation.InstrumentationScope                      : loaded 2 times (x 79B)
Class org.jetbrains.kotlin.gradle.internal.ClassLoadersCachingBuildService$Companion$registerIfAbsent$2$1$1: loaded 2 times (x 75B)
Class com.android.build.gradle.internal.lint.AndroidLintGlobalTask$UpdateBaselineCreationAction$Companion: loaded 2 times (x 71B)
Class com.android.builder.signing.DefaultSigningConfig$Companion                      : loaded 2 times (x 71B)
Class com.android.build.gradle.internal.dsl.BundleOptionsAbi$AgpDecorated_Decorated   : loaded 2 times (x 125B)
Class com.android.build.api.artifact.Artifact$Companion                               : loaded 2 times (x 71B)
Class org.jetbrains.kotlin.gradle.targets.native.KonanPropertiesBuildService$Companion$registerIfAbsent$1: loaded 2 times (x 75B)
Class com.android.build.gradle.internal.packaging.GradleKeystoreHelper                : loaded 2 times (x 71B)
Class com.android.build.gradle.internal.dsl.JavaCompileOptions                        : loaded 2 times (x 82B)
Class com.android.build.api.dsl.FusedLibraryExtension                                 : loaded 2 times (x 70B)
Class com.android.build.gradle.internal.dsl.AndroidTestImpl                           : loaded 2 times (x 77B)
Class org.jetbrains.kotlin.gradle.plugin.DefaultKotlinBasePlugin$setupAttributeMatchingStrategy$1$1: loaded 2 times (x 79B)
Class org.jetbrains.kotlin.statistics.metrics.NumericalMetrics$Companion              : loaded 2 times (x 71B)
Class [Lorg.jetbrains.kotlin.statistics.metrics.NumberAnonymizationPolicy;            : loaded 2 times (x 69B)
Class org.jetbrains.kotlin.statistics.metrics.NumberOverridePolicy$OVERRIDE           : loaded 2 times (x 85B)
Class org.jetbrains.kotlin.gradle.internal.properties.PropertiesBuildService$property$1: loaded 2 times (x 79B)
Class com.android.build.gradle.internal.ManagedDeviceUtilsKt$getManagedDeviceAvdFolder$1: loaded 2 times (x 75B)
Class com.android.build.gradle.internal.services.AndroidLocationsBuildService$Inject_ : loaded 2 times (x 110B)
Class com.google.protobuf.PrimitiveNonBoxingCollection                                : loaded 2 times (x 70B)
Class com.google.wireless.android.sdk.stats.InstantRunStatus                          : loaded 2 times (x 205B)
Class com.android.build.gradle.internal.profile.AnalyticsConfiguratorService$State    : loaded 2 times (x 79B)
Class com.android.build.gradle.internal.dsl.OptimizationImpl                          : loaded 2 times (x 86B)
Class com.android.build.gradle.internal.dsl.decorator.annotation.NonNullableSetter    : loaded 2 times (x 70B)
Class com.android.build.gradle.internal.plugins.AndroidPluginBaseServices$projectServices$2$1$3: loaded 2 times (x 79B)
Class com.android.build.api.dsl.DeviceGroup                                           : loaded 2 times (x 70B)
Class com.android.build.gradle.options.FeatureStage$SoftlyEnforced                    : loaded 2 times (x 72B)
Class com.android.build.gradle.api.FusedLibraryPlugin                                 : loaded 2 times (x 74B)
Class com.android.build.gradle.internal.plugins.BasePlugin$variantManager$2           : loaded 2 times (x 79B)
Class org.gradle.accessors.dm.LibrariesForLibsInPluginsBlock_Decorated                : loaded 2 times (x 129B)
Class org.gradle.accessors.dm.LibrariesForLibs$KotlinxSerializationLibraryAccessors   : loaded 2 times (x 77B)
Class org.gradle.accessors.dm.LibrariesForLibs$AndroidxLifecycleLibraryAccessors      : loaded 2 times (x 78B)
Class org.jetbrains.kotlin.metadata.ProtoBuf$ExpressionOrBuilder                      : loaded 2 times (x 70B)
Class org.jetbrains.kotlin.incremental.classpathDiff.impl.SingleClassSnapshotter$WhenMappings: loaded 2 times (x 71B)
Class [Lorg.jetbrains.kotlin.metadata.ProtoBuf$Type$Argument$Projection;              : loaded 2 times (x 69B)
Class org.jetbrains.kotlin.incremental.classpathDiff.JavaClassSnapshot                : loaded 2 times (x 75B)
Class org.jetbrains.org.objectweb.asm.RecordComponentWriter                           : loaded 2 times (x 78B)
Class kotlin.collections.ArraysKt__ArraysJVMKt                                        : loaded 2 times (x 71B)
Class org.gradle.kotlin.dsl.Accessors7cddnu26duc8nxp06w1clhaoeKt                      : loaded 2 times (x 71B)
Class com.android.ide.common.build.CommonBuiltArtifactTypeAdapter                     : loaded 2 times (x 75B)
Class com.android.build.gradle.internal.scope.InternalArtifactType$R8_ART_PROFILE     : loaded 2 times (x 74B)
Class com.android.manifmerger.ManifestSystemProperty$Manifest                         : loaded 2 times (x 85B)
Class com.android.manifmerger.PlaceholderHandler$KeyBasedValueResolver                : loaded 2 times (x 70B)
Class com.android.build.gradle.internal.dsl.BundleOptionsCountrySet$AgpDecorated_Decorated: loaded 2 times (x 130B)
Class org.jetbrains.kotlin.incremental.ClasspathChanges$ClasspathSnapshotEnabled      : loaded 2 times (x 72B)
Class org.jetbrains.kotlin.com.google.common.cache.LocalCache$EntryFactory$8          : loaded 2 times (x 83B)
Class org.jetbrains.kotlin.gradle.internal.ClassLoadersCachingBuildService$Inject_    : loaded 2 times (x 96B)
Class com.android.aapt.ConfigurationOuterClass$Configuration$UiModeType$1             : loaded 2 times (x 76B)
Class com.android.build.gradle.internal.dsl.BundleOptionsLanguage$AgpDecorated_Decorated: loaded 2 times (x 125B)
Class com.android.build.gradle.internal.dsl.VcsInfoImpl$AgpDecorated                  : loaded 2 times (x 81B)
Class com.android.build.api.artifact.impl.SingleInitialProviderRequestImpl$on$1       : loaded 2 times (x 75B)
Class org.jetbrains.kotlin.build.report.metrics.BuildAttributes$Companion             : loaded 2 times (x 71B)
Class com.google.gson.internal.reflect.ReflectionHelper$RecordSupportedHelper         : loaded 2 times (x 78B)
Class com.sun.xml.bind.v2.runtime.property.TagAndType                                 : loaded 2 times (x 72B)
Class com.android.repository.impl.generated.v2.PatchesType                            : loaded 2 times (x 75B)
Class com.android.repository.impl.generated.v1.DependencyType                         : loaded 2 times (x 81B)
Class com.android.repository.api.LocalPackage                                         : loaded 2 times (x 70B)
Class javax.xml.bind.annotation.XmlSchema                                             : loaded 2 times (x 70B)
Class com.android.builder.sdk.LicenceNotAcceptedException                             : loaded 2 times (x 82B)
Class com.android.build.gradle.internal.scope.BuildArtifactSpec                       : loaded 2 times (x 72B)
Class com.android.build.gradle.internal.VariantTaskManager$createAnchorAssembleTasks$3: loaded 2 times (x 75B)
Class com.android.build.gradle.internal.lint.LintTaskManager$createLintTasks$3$1      : loaded 2 times (x 75B)
Class com.android.build.gradle.internal.scope.InternalArtifactType$LINT_RETURN_VALUE  : loaded 2 times (x 74B)
Class com.android.build.gradle.internal.lint.VariantWithTests                         : loaded 2 times (x 72B)
Class com.android.build.gradle.internal.variant.BuildAuthorSpecifiedDefaultBuildTypeComparator: loaded 2 times (x 90B)
Class com.android.build.api.component.impl.DefaultSourcesProviderImpl$getBaselineProfiles$1: loaded 2 times (x 127B)
Class com.android.build.gradle.internal.scope.InternalArtifactType$ANDROID_TEST_LINT_MODEL: loaded 2 times (x 74B)
Class com.android.build.gradle.internal.scope.InternalArtifactType$MERGED_JAVA_RES    : loaded 2 times (x 74B)
Class org.jetbrains.kotlin.gradle.plugin.mpp.compilationImpl.factory.KotlinCompilationImplFactory$ProcessResourcesTaskNameFactory: loaded 2 times (x 70B)
Class org.jetbrains.kotlin.gradle.tasks.KotlinCompilationTask                         : loaded 2 times (x 70B)
Class com.android.build.api.variant.impl.ResourcesApkPackagingImpl                    : loaded 2 times (x 80B)
Class com.android.build.gradle.internal.tasks.ProcessJavaResTask$CreationAction$handleProvider$1: loaded 2 times (x 127B)
Class com.android.build.gradle.internal.tasks.factory.features.AndroidResourcesTaskCreationActionImpl: loaded 2 times (x 75B)
Class com.android.build.gradle.internal.scope.InternalArtifactType$METADATA_APPLICATION_ID: loaded 2 times (x 74B)
Class com.android.build.api.component.impl.ComponentImpl$computeLocalPackagedJars$1   : loaded 2 times (x 80B)
Class [Lcom.android.builder.dexing.DexingType;                                        : loaded 2 times (x 69B)
Class com.android.build.gradle.internal.VariantTaskManager$checkMultidexDependency$$inlined$filterIsInstance$1: loaded 2 times (x 74B)
Class com.android.build.gradle.internal.core.dsl.NestedComponentDslInfo               : loaded 2 times (x 70B)
Class com.android.build.api.variant.BuildConfigField                                  : loaded 2 times (x 72B)
Class com.android.build.gradle.internal.component.features.BuildConfigCreationConfig  : loaded 2 times (x 70B)
Class com.android.build.api.variant.AndroidTestBuilder                                : loaded 2 times (x 70B)
Class com.android.build.gradle.internal.core.dsl.impl.DslInfoUtilsKt                  : loaded 2 times (x 71B)
Class com.android.build.gradle.internal.dsl.CompileSdkSpecImpl$AgpDecorated_Decorated : loaded 2 times (x 135B)
Class org.jetbrains.kotlin.compose.compiler.gradle.ComposeCompilerGradlePluginExtension: loaded 2 times (x 76B)
Class com.android.build.gradle.internal.tasks.NonIncrementalGlobalTask                : loaded 2 times (x 319B)
Class com.android.build.gradle.internal.plugins.BasePlugin$createTasks$1              : loaded 2 times (x 75B)
Class com.android.build.gradle.internal.plugins.BasePlugin$buildOutputs$2$1           : loaded 2 times (x 78B)
Class com.android.build.gradle.internal.dsl.AnnotationProcessorOptions$AgpDecorated   : loaded 2 times (x 106B)
Class com.android.build.gradle.internal.core.VariantSources                           : loaded 2 times (x 72B)
Class com.android.build.api.variant.ApkPackaging                                      : loaded 2 times (x 70B)
Class com.android.build.gradle.internal.dsl.InternalFusedLibraryExtension             : loaded 2 times (x 70B)
Class com.android.build.gradle.internal.dsl.MultiDexConfigImpl                        : loaded 2 times (x 80B)
Class com.android.ide.common.gradle.Version$Companion$ParseState$NUMERIC              : loaded 2 times (x 74B)
Class org.jetbrains.kotlin.gradle.plugin.DefaultKotlinBasePlugin$setupAttributeMatchingStrategy$1$2: loaded 2 times (x 79B)
Class org.jetbrains.kotlin.gradle.targets.native.internal.PlatformLibrariesGenerator$Companion: loaded 2 times (x 71B)
Class org.jetbrains.kotlin.gradle.plugin.statistics.KotlinBuildStatsLoggerService     : loaded 2 times (x 72B)
Class com.android.tools.analytics.CommonMetricsData                                   : loaded 2 times (x 71B)
Class com.android.build.gradle.internal.component.features.RenderscriptCreationConfig : loaded 2 times (x 70B)
Class android.databinding.tool.processing.ScopedException                             : loaded 2 times (x 86B)
Class com.android.build.gradle.internal.profile.AnalyticsConfiguratorService$Params$Inject_: loaded 2 times (x 106B)
Class com.android.build.gradle.internal.UnitTestTaskManager                           : loaded 2 times (x 82B)
Class com.android.build.gradle.internal.TaskManager$createAnchorTasks$1               : loaded 2 times (x 75B)
Class com.android.ide.common.repository.AgpVersion$PreviewKind                        : loaded 2 times (x 79B)
Class com.android.build.gradle.options.FeatureStage                                   : loaded 2 times (x 72B)
Class com.android.build.gradle.internal.plugins.BasePlugin$variantFactory$2           : loaded 2 times (x 79B)
Class com.android.build.gradle.internal.component.PublishableCreationConfig           : loaded 2 times (x 70B)
Class com.android.build.gradle.internal.dsl.BaseAppModuleExtensionInternal            : loaded 2 times (x 459B)
Class com.google.common.collect.RangeGwtSerializationDependencies                     : loaded 2 times (x 71B)
Class com.google.common.hash.HashCode$LongHashCode                                    : loaded 2 times (x 80B)
Class com.google.common.io.ByteSource$AsCharSource                                    : loaded 2 times (x 86B)
Class org.jetbrains.kotlin.metadata.ProtoBuf$EnumEntryOrBuilder                       : loaded 2 times (x 70B)
Class kotlin.jvm.internal.CallableReference$NoReceiver                                : loaded 2 times (x 71B)
Class org.jetbrains.kotlin.descriptors.ValidateableDescriptor                         : loaded 2 times (x 70B)
Class org.jetbrains.kotlin.metadata.jvm.JvmProtoBuf$JvmPropertySignature$1            : loaded 2 times (x 144B)
Class org.jetbrains.org.objectweb.asm.MethodWriter                                    : loaded 2 times (x 106B)
Class kotlin.text.StringsKt__StringBuilderKt                                          : loaded 2 times (x 71B)
Class com.android.build.gradle.tasks.ProcessPackagedManifestTask$WorkItem$Inject_     : loaded 2 times (x 105B)
Class com.android.build.gradle.tasks.ProcessPackagedManifestTask$WorkItemParameters_Decorated: loaded 2 times (x 144B)
Class com.android.manifmerger.ManifestSystemProperty$Companion                        : loaded 2 times (x 71B)
Class com.android.manifmerger.Actions$ActionType                                      : loaded 2 times (x 79B)
Class [Lcom.android.aapt.Resources$FileReference$Type;                                : loaded 2 times (x 69B)
Class com.android.aapt.Resources$SourcePosition$Builder                               : loaded 2 times (x 295B)
Class com.android.aaptcompiler.LocaleValue                                            : loaded 2 times (x 72B)
Class com.android.zipflinger.LargeFileSource                                          : loaded 2 times (x 87B)
Class com.android.build.gradle.internal.tasks.MergeNativeLibsTask_Decorated           : loaded 2 times (x 394B)
Class com.google.gson.internal.bind.JsonAdapterAnnotationTypeAdapterFactory           : loaded 2 times (x 75B)
Class com.sun.istack.SAXParseException2                                               : loaded 2 times (x 88B)
Class com.sun.xml.bind.v2.runtime.unmarshaller.DomLoader                              : loaded 2 times (x 78B)
Class com.sun.xml.bind.v2.runtime.ValueListBeanInfoImpl                               : loaded 2 times (x 89B)
Class com.android.repository.impl.meta.RepoPackageImpl$Dependencies                   : loaded 2 times (x 72B)
Class com.android.build.gradle.internal.SdkComponentsBuildService$VersionedSdkLoader$optionalLibrariesProvider$1: loaded 2 times (x 75B)
Class [Lcom.android.build.api.artifact.Artifact$Single;                               : loaded 2 times (x 69B)
Class com.android.build.api.artifact.SingleArtifact$AAR                               : loaded 2 times (x 74B)
Class com.android.build.gradle.internal.publishing.PublishingSpecs$VariantSpec        : loaded 2 times (x 70B)
Class com.android.build.gradle.internal.VariantTaskManager$createAnchorAssembleTasks$4: loaded 2 times (x 75B)
Class com.android.build.gradle.internal.scope.InternalArtifactType$BUNDLE_IDE_REDIRECT_FILE: loaded 2 times (x 74B)
Class com.android.build.gradle.internal.scope.InternalArtifactType$APK_IDE_REDIRECT_FILE: loaded 2 times (x 74B)
Class com.android.build.gradle.internal.scope.InternalArtifactType$EXTERNAL_LIBS_DEX_ARCHIVE_WITH_ARTIFACT_TRANSFORMS: loaded 2 times (x 74B)
Class org.jetbrains.kotlin.tooling.core.ExtrasProperty                                : loaded 2 times (x 70B)
Class org.jetbrains.kotlin.gradle.plugin.mpp.compilationImpl.KotlinCompilationSourceSetInclusion$Companion: loaded 2 times (x 71B)
Class [Lorg.jetbrains.kotlin.gradle.plugin.sources.android.AndroidVariantType;        : loaded 2 times (x 69B)
Class org.jetbrains.kotlin.compilerRunner.UsesCompilerSystemPropertiesService         : loaded 2 times (x 70B)
Class com.android.build.api.artifact.SingleArtifact$RUNTIME_SYMBOL_LIST               : loaded 2 times (x 74B)
Class com.android.build.gradle.tasks.CompatibleScreensManifest$CreationAction$handleProvider$1: loaded 2 times (x 127B)
Class com.android.build.gradle.tasks.ExtractDeepLinksTask$BaseCreationAction$handleProvider$1: loaded 2 times (x 127B)
Class com.android.build.api.component.impl.ComponentImpl$providedOnlyClasspath$2      : loaded 2 times (x 79B)
Class com.android.build.api.variant.impl.ApplicationVariantBuilderImpl$androidTest$2  : loaded 2 times (x 79B)
Class com.android.build.api.variant.impl.ApplicationVariantBuilderImpl$dependenciesInfo$2: loaded 2 times (x 79B)
Class com.android.build.gradle.internal.core.dsl.impl.ConsumableComponentDslInfoImpl$buildConfigDslInfo$2: loaded 2 times (x 79B)
Class com.android.build.gradle.internal.plugins.BasePlugin$createTasks$2              : loaded 2 times (x 77B)
Class com.android.build.gradle.internal.tasks.BaseTask                                : loaded 2 times (x 318B)
Class com.android.build.gradle.internal.dsl.BuildType$AgpDecorated_Decorated          : loaded 2 times (x 441B)
Class com.android.build.api.artifact.impl.ArtifactsImpl$1                             : loaded 2 times (x 78B)
Class com.android.build.api.dsl.ApplicationBuildFeatures                              : loaded 2 times (x 70B)
Class com.android.build.gradle.internal.dsl.Splits                                    : loaded 2 times (x 81B)
Class com.android.build.gradle.internal.dsl.BundleOptionsDeviceGroup                  : loaded 2 times (x 81B)
Class com.android.build.gradle.internal.dsl.ProductFlavorFactory                      : loaded 2 times (x 77B)
Class com.android.build.api.dsl.TestVariantDimension                                  : loaded 2 times (x 70B)
Class com.android.build.api.dsl.ApplicationVariantDimension                           : loaded 2 times (x 70B)
Class org.jetbrains.kotlin.gradle.plugin.mpp.KotlinTargetSoftwareComponent            : loaded 2 times (x 89B)
Class org.jetbrains.kotlin.gradle.plugin.mpp.KotlinVariant                            : loaded 2 times (x 101B)
Class org.jetbrains.kotlin.gradle.utils.WhenPluginEnabledKt                           : loaded 2 times (x 71B)
Class org.jetbrains.kotlin.gradle.plugin.VariantImplementationFactories               : loaded 2 times (x 75B)
Class org.jetbrains.kotlin.gradle.internal.diagnostics.KotlinCompilerEmbeddableCheck  : loaded 2 times (x 71B)
Class org.jetbrains.kotlin.gradle.plugin.sources.android.AndroidVariantType           : loaded 2 times (x 79B)
Class com.android.build.gradle.internal.ide.dependencies.MavenCoordinatesCacheBuildService$Parameters_Decorated: loaded 2 times (x 130B)
Class com.android.build.gradle.internal.scope.InternalArtifactType$NAVIGATION_JSON    : loaded 2 times (x 74B)
Class com.android.build.gradle.internal.profile.AnalyticsService$Params               : loaded 2 times (x 70B)
Class com.android.build.gradle.internal.utils.AnalyticsEnabledValueSource$Inject_     : loaded 2 times (x 109B)
Class com.android.build.gradle.internal.utils.AnalyticsEnabledValueSource$Params_Decorated: loaded 2 times (x 130B)
Class com.android.build.gradle.internal.dependency.GenericTransformParameters         : loaded 2 times (x 70B)
Class com.android.build.gradle.options.HasFutureStage                                 : loaded 2 times (x 70B)
Class com.android.build.gradle.options.ProjectOptionService$Inject_                   : loaded 2 times (x 97B)
Class com.android.build.gradle.internal.plugins.BasePlugin$taskManagerConfig$2        : loaded 2 times (x 79B)
Class com.android.build.gradle.internal.plugins.AppPlugin$ApplicationAndroidComponentsExtensionImplCompat: loaded 2 times (x 114B)
Class org.gradle.accessors.dm.LibrariesForLibsInPluginsBlock$AndroidxLibraryAccessors : loaded 2 times (x 84B)
Class com.google.common.collect.RangeSet                                              : loaded 2 times (x 70B)
Class org.gradle.api.internal.classpath.GlobalCacheRootsProvider                      : loaded 2 times (x 70B)
Class org.jetbrains.kotlin.incremental.storage.FqNameExternalizer                     : loaded 2 times (x 75B)
Class kotlin.Lazy                                                                     : loaded 2 times (x 70B)
Class kotlin.NoWhenBranchMatchedException                                             : loaded 2 times (x 82B)
Class com.android.build.gradle.internal.services.Aapt2DaemonManagerMaintainer         : loaded 2 times (x 76B)
Class com.android.build.gradle.internal.workeractions.WorkerActionServiceRegistry     : loaded 2 times (x 72B)
Class com.android.manifmerger.ActionRecorder                                          : loaded 2 times (x 83B)
Class org.jetbrains.kotlin.incremental.ClasspathSnapshotFiles                         : loaded 2 times (x 72B)
Class org.jetbrains.kotlin.com.google.common.util.concurrent.AbstractFuture$Cancellation: loaded 2 times (x 72B)
Class org.jetbrains.kotlin.com.google.common.cache.CacheLoader$FunctionToCacheLoader  : loaded 2 times (x 75B)
Class org.jetbrains.kotlin.com.google.common.base.Equivalence$Identity                : loaded 2 times (x 82B)
Class [Lcom.android.aaptcompiler.AaptResourceType;                                    : loaded 2 times (x 69B)
Class com.android.zipflinger.FreeStore$Zone                                           : loaded 2 times (x 73B)
Class com.android.ide.common.symbols.SymbolTable$IllegalResourceVisibilityException   : loaded 2 times (x 82B)
Class com.android.ide.common.build.CommonBuiltArtifacts                               : loaded 2 times (x 70B)
Class com.google.gson.internal.$Gson$Types$ParameterizedTypeImpl                      : loaded 2 times (x 81B)
Class com.google.gson.internal.bind.NumberTypeAdapter                                 : loaded 2 times (x 74B)
Class com.sun.xml.bind.v2.runtime.reflect.TransducedAccessor$CompositeTransducedAccessorImpl: loaded 2 times (x 79B)
Class com.sun.xml.bind.v2.runtime.unmarshaller.XsiNilLoader$Single                    : loaded 2 times (x 80B)
Class com.android.repository.impl.meta.TrimStringAdapter                              : loaded 2 times (x 75B)
Class javax.xml.bind.annotation.XmlSchemaType                                         : loaded 2 times (x 70B)
Class com.sun.xml.bind.v2.model.impl.RuntimeBuiltinLeafInfoImpl                       : loaded 2 times (x 133B)
Class com.sun.xml.bind.v2.model.impl.BuiltinLeafInfoImpl                              : loaded 2 times (x 105B)
Class com.android.build.gradle.internal.utils.ConsoleProgressIndicatorFactory$isTerminalSmart$2: loaded 2 times (x 79B)
Class com.android.build.gradle.internal.tasks.factory.BootClasspathConfigImpl$androidJar$2$1$1: loaded 2 times (x 74B)
Class com.android.build.gradle.internal.DependencyConfigurator$configureVariantTransforms$3$1$1: loaded 2 times (x 75B)
Class com.android.build.gradle.internal.cxx.configure.GradleLocalPropertiesKt$gradleLocalProperties$propertiesContent$1: loaded 2 times (x 75B)
Class org.jetbrains.kotlin.tooling.core.Extras$Entry$Companion                        : loaded 2 times (x 71B)
Class org.jetbrains.kotlin.gradle.targets.js.dsl.KotlinWasmWasiTargetDsl              : loaded 2 times (x 70B)
Class com.android.build.api.variant.JniLibsTestedComponentPackaging                   : loaded 2 times (x 70B)
Class com.android.build.api.variant.JniLibsPackaging                                  : loaded 2 times (x 70B)
Class com.android.build.api.artifact.impl.ScopedArtifactsImpl$ScopedArtifactsContainer: loaded 2 times (x 72B)
Class com.android.build.api.variant.impl.VariantImpl$shadersCreationConfig$2          : loaded 2 times (x 79B)
Class com.android.build.api.component.impl.ComponentImpl$resValuesCreationConfig$2    : loaded 2 times (x 79B)
Class com.android.build.gradle.internal.core.dsl.impl.ConsumableComponentDslInfoImpl  : loaded 2 times (x 132B)
Class com.android.build.gradle.internal.profile.AnalyticsUtil                         : loaded 2 times (x 71B)
Class com.android.build.gradle.internal.dsl.SigningConfig$AgpDecorated_Decorated      : loaded 2 times (x 201B)
Class com.android.build.gradle.tasks.ProcessManifestForBundleTask$CreationAction      : loaded 2 times (x 90B)
Class com.android.build.gradle.internal.dsl.TargetSdkSpecImpl                         : loaded 2 times (x 81B)
Class com.android.build.api.dsl.DexPackaging                                          : loaded 2 times (x 70B)
Class com.android.build.api.dsl.TestBuildType                                         : loaded 2 times (x 70B)
Class org.jetbrains.kotlin.gradle.internal.CompilerArgumentAware                      : loaded 2 times (x 70B)
Class org.jetbrains.kotlin.gradle.plugin.statistics.BuildFusService$Parameters$Inject_: loaded 2 times (x 112B)
Class org.jetbrains.kotlin.gradle.utils.ReportUtilsKt                                 : loaded 2 times (x 71B)
Class org.jetbrains.kotlin.gradle.utils.StoredLazyProperty                            : loaded 2 times (x 75B)
Class com.android.prefs.Global                                                        : loaded 2 times (x 80B)
Class org.jetbrains.kotlin.compilerRunner.CompilerSystemPropertiesService$Companion   : loaded 2 times (x 71B)
Class org.jetbrains.kotlin.gradle.plugin.mpp.compilationImpl.factory.KotlinJvmCompilerOptionsFactory$create$compilerOptions$1: loaded 2 times (x 77B)
Class com.android.build.gradle.internal.profile.NoOpAnalyticsConfiguratorService$Inject_: loaded 2 times (x 102B)
Class com.android.build.gradle.internal.scope.InternalArtifactType$FEATURE_SET_METADATA: loaded 2 times (x 74B)
Class [Lcom.android.build.gradle.options.SyncOptions$EvaluationMode;                  : loaded 2 times (x 69B)
Class com.android.build.gradle.internal.tasks.PerModuleReportDependenciesTask$CreationAction$Companion: loaded 2 times (x 71B)
Class com.android.build.api.extension.impl.VariantApiOperationsRegistrar              : loaded 2 times (x 72B)
Class com.android.build.api.variant.ApplicationAndroidComponentsExtension             : loaded 2 times (x 70B)
Class com.google.common.collect.CollectCollectors                                     : loaded 2 times (x 71B)
Class [Lorg.jetbrains.kotlin.metadata.ProtoBuf$Expression$ConstantValue;              : loaded 2 times (x 69B)
Class org.jetbrains.kotlin.metadata.ProtoBuf$Effect                                   : loaded 2 times (x 113B)
Class org.jetbrains.kotlin.incremental.storage.ClassIdExternalizer                    : loaded 2 times (x 75B)
Class org.jetbrains.org.objectweb.asm.tree.InsnNode                                   : loaded 2 times (x 78B)
Class [Lkotlin.jvm.functions.Function1;                                               : loaded 2 times (x 69B)
Class org.jetbrains.org.objectweb.asm.RecordComponentVisitor                          : loaded 2 times (x 77B)
Class com.android.build.gradle.internal.scope.InternalArtifactType$PROFILERS_NATIVE_LIBS: loaded 2 times (x 74B)
Class com.android.build.gradle.internal.test.AbstractTestDataImpl                     : loaded 2 times (x 109B)
Class org.jetbrains.kotlin.compilerRunner.GradleCompilationResults                    : loaded 2 times (x 77B)
Class org.jetbrains.kotlin.compilerRunner.GradleKotlinCompilerWorkArguments           : loaded 2 times (x 72B)
Class org.jetbrains.kotlin.cli.common.messages.MessageRenderer                        : loaded 2 times (x 70B)
Class org.jetbrains.kotlin.gradle.plugin.KotlinCompilerArgumentsProducerKt            : loaded 2 times (x 71B)
Class com.android.ide.common.blame.SourceFilePosition                                 : loaded 2 times (x 72B)
Class com.android.build.api.variant.impl.DirectoryEntries                             : loaded 2 times (x 72B)
Class com.android.ide.common.resources.ResourcePathEncoding$Relative                  : loaded 2 times (x 72B)
Class com.android.build.gradle.internal.signing.SigningConfigData                     : loaded 2 times (x 72B)
Class org.jetbrains.kotlin.gradle.tasks.K2MultiplatformStructure_Decorated            : loaded 2 times (x 131B)
Class com.google.gson.internal.Excluder                                               : loaded 2 times (x 75B)
Class com.google.gson.ToNumberPolicy$1                                                : loaded 2 times (x 83B)
Class [Lcom.google.gson.FieldNamingStrategy;                                          : loaded 2 times (x 69B)
Class com.sun.xml.bind.v2.runtime.NameList                                            : loaded 2 times (x 72B)
Class com.sun.xml.bind.v2.runtime.reflect.TransducedAccessor                          : loaded 2 times (x 78B)
Class com.sun.xml.bind.v2.model.impl.RuntimeClassInfoImpl$RuntimePropertySeed         : loaded 2 times (x 84B)
Class javax.xml.bind.annotation.XmlAttachmentRef                                      : loaded 2 times (x 70B)
Class com.android.repository.api.Repository                                           : loaded 2 times (x 79B)
Class org.jetbrains.kotlin.compilerRunner.GradleCompilerRunner                        : loaded 2 times (x 73B)
Class com.android.build.gradle.internal.scope.InternalArtifactType$PREFAB_PACKAGE     : loaded 2 times (x 74B)
Class com.android.build.gradle.internal.dependency.RecalculateStackFramesTransform$Parameters: loaded 2 times (x 70B)
Class com.android.build.gradle.internal.lint.AndroidLintTextOutputTask$LintVitalCreationAction: loaded 2 times (x 92B)
Class com.android.build.gradle.internal.lint.AndroidLintTextOutputTask$SingleVariantCreationAction: loaded 2 times (x 92B)
Class com.android.build.api.variant.impl.SourcesImpl$extras$2                         : loaded 2 times (x 79B)
Class com.android.build.gradle.internal.scope.InternalArtifactType$SIGNING_CONFIG_DATA: loaded 2 times (x 74B)
Class org.jetbrains.kotlin.gradle.plugin.mpp.KotlinJvmAgpCompilationFactory$WhenMappings: loaded 2 times (x 71B)
Class org.jetbrains.kotlin.gradle.plugin.sources.FragmentConsistencyChecks            : loaded 2 times (x 72B)
Class org.jetbrains.kotlin.gradle.plugin.diagnostics.IsAttachedToTerminalValueSource  : loaded 2 times (x 80B)
Class com.android.build.gradle.internal.scope.InternalArtifactType$LINT_PUBLISH_JAR   : loaded 2 times (x 74B)
Class com.android.build.gradle.internal.tasks.ProcessNavigationXmlTask$CreationAction : loaded 2 times (x 91B)
Class com.android.build.api.component.impl.DeviceTestImpl$shadersCreationConfig$2     : loaded 2 times (x 79B)
Class com.android.build.gradle.internal.core.dsl.impl.DslInfoCommonKt$initTestApplicationId$testAppIdFromFlavors$1: loaded 2 times (x 78B)
Class com.android.build.api.variant.impl.VariantOutputConfigurationImplKt             : loaded 2 times (x 71B)
Class com.android.build.api.component.impl.AnnotationProcessorImpl$finalListOfClassNames$1: loaded 2 times (x 75B)
Class com.android.build.api.AndroidPluginVersion                                      : loaded 2 times (x 75B)
Class com.android.build.gradle.internal.tasks.DeviceProviderInstrumentTestTask$CreationAction$Type: loaded 2 times (x 79B)
Class com.android.build.gradle.internal.api.artifact.SourceArtifactType$ANDROID_RESOURCES: loaded 2 times (x 74B)
Class org.jetbrains.kotlin.gradle.plugin.mpp.KotlinAndroidTarget$kotlinComponents$2   : loaded 2 times (x 79B)
Class org.jetbrains.kotlin.gradle.plugin.mpp.InternalKotlinTargetComponent            : loaded 2 times (x 93B)
Class org.jetbrains.kotlin.gradle.utils.ProviderApiUtilsKt                            : loaded 2 times (x 71B)
Class org.jetbrains.kotlin.gradle.targets.native.UsesKonanPropertiesBuildService      : loaded 2 times (x 70B)
Class org.jetbrains.kotlin.gradle.internal.properties.NativePropertiesLoader$forceDisableRunningInProcess$1: loaded 2 times (x 75B)
Class org.jetbrains.kotlin.gradle.utils.PersistentCachesKt                            : loaded 2 times (x 71B)
Class org.jetbrains.kotlin.gradle.internal.tasks.TaskWithLocalState                   : loaded 2 times (x 70B)
Class org.jetbrains.kotlin.gradle.plugin.statistics.KotlinBuildStatisticsUtilsKt      : loaded 2 times (x 71B)
Class org.jetbrains.kotlin.statistics.metrics.BooleanMetrics                          : loaded 2 times (x 80B)
Class org.jetbrains.kotlin.gradle.internal.properties.PropertiesBuildService$Params   : loaded 2 times (x 70B)
Class org.jetbrains.kotlin.gradle.internal.diagnostics.GradleCompatibilityCheck       : loaded 2 times (x 71B)
Class com.android.build.gradle.internal.dependency.AarToClassTransform                : loaded 2 times (x 78B)
Class com.google.protobuf.Descriptors$Descriptor                                      : loaded 2 times (x 76B)
Class com.google.wireless.android.sdk.stats.InstantRunStatusOrBuilder                 : loaded 2 times (x 70B)
Class com.android.build.gradle.internal.dependency.AsmClassesTransform                : loaded 2 times (x 79B)
Class [Lcom.android.tools.analytics.Environment$SystemProperty;                       : loaded 2 times (x 69B)
Class com.android.tools.analytics.AnalyticsSettings                                   : loaded 2 times (x 71B)
Class org.gradle.accessors.dm.LibrariesForLibsInPluginsBlock$CoilLibraryAccessors     : loaded 2 times (x 77B)
Class org.gradle.accessors.dm.LibrariesForLibs$AndroidxNavigationLibraryAccessors     : loaded 2 times (x 77B)
Class org.jetbrains.kotlin.descriptors.Visibility                                     : loaded 2 times (x 79B)
Class org.jetbrains.kotlin.protobuf.RopeByteString$RopeInputStream                    : loaded 2 times (x 92B)
Class org.jetbrains.kotlin.protobuf.CodedInputStream                                  : loaded 2 times (x 72B)
Class org.jetbrains.kotlin.incremental.storage.NullableValueExternalizer              : loaded 2 times (x 76B)
Class org.jetbrains.org.objectweb.asm.MethodTooLargeException                         : loaded 2 times (x 83B)
Class org.jetbrains.org.objectweb.asm.Context                                         : loaded 2 times (x 72B)
Class kotlin.sequences.ConstrainedOnceSequence                                        : loaded 2 times (x 75B)
Class [Lcom.android.ide.common.xml.XmlFormatStyle;                                    : loaded 2 times (x 69B)
Class com.android.manifmerger.DeepLink$Companion                                      : loaded 2 times (x 71B)
Class com.android.manifmerger.ManifestSystemProperty$Profileable                      : loaded 2 times (x 85B)
Class [Lorg.jetbrains.kotlin.daemon.common.ReportSeverity;                            : loaded 2 times (x 69B)
Class org.jetbrains.kotlin.daemon.common.DaemonParamsKt                               : loaded 2 times (x 71B)
Class [Lorg.jetbrains.kotlin.gradle.plugin.diagnostics.ToolingDiagnostic$Severity;    : loaded 2 times (x 69B)
Class org.jetbrains.kotlin.gradle.dsl.KotlinCommonCompilerOptionsExtensionsKt         : loaded 2 times (x 71B)
Class com.google.common.collect.SparseImmutableTable                                  : loaded 2 times (x 139B)
Class com.android.build.gradle.internal.publishing.PublishingSpecs$OutputSpec         : loaded 2 times (x 70B)
Class com.android.ide.common.resources.RelativeResourceUtils                          : loaded 2 times (x 71B)
Class com.android.build.api.variant.impl.VariantOutputImpl$SerializedForm             : loaded 2 times (x 72B)
Class com.android.build.gradle.tasks.PackageAndroidArtifactKt                         : loaded 2 times (x 71B)
Class com.google.gson.internal.ReflectionAccessFilterHelper                           : loaded 2 times (x 71B)
Class com.google.gson.internal.reflect.ReflectionHelper$RecordHelper                  : loaded 2 times (x 75B)
Class com.google.gson.ToNumberPolicy$2                                                : loaded 2 times (x 83B)
Class com.sun.xml.bind.v2.runtime.unmarshaller.LocatorExWrapper                       : loaded 2 times (x 86B)
Class [Lcom.sun.xml.bind.v2.model.annotation.AnnotationSource;                        : loaded 2 times (x 69B)
Class com.sun.xml.bind.InternalAccessorFactory                                        : loaded 2 times (x 70B)
Class com.sun.xml.bind.v2.model.impl.SingleTypePropertyInfoImpl                       : loaded 2 times (x 113B)
Class com.sun.xml.bind.v2.model.core.LeafInfo                                         : loaded 2 times (x 70B)
Class com.android.repository.impl.generated.generic.v2.package-info                   : loaded 2 times (x 70B)
Class com.android.sdklib.repository.generated.common.v3.package-info                  : loaded 2 times (x 70B)
Class com.android.sdklib.repository.generated.addon.v2.LibrariesType                  : loaded 2 times (x 75B)
Class com.android.sdklib.AndroidTargetHash                                            : loaded 2 times (x 71B)
Class com.android.build.gradle.internal.dependency.BaseDexingTransform$Parameters_Decorated: loaded 2 times (x 156B)
Class com.android.build.gradle.internal.dependency.AarTransform$Parameters            : loaded 2 times (x 70B)
Class com.android.build.gradle.internal.utils.HasConfigurableValuesKt                 : loaded 2 times (x 71B)
Class com.android.build.api.component.impl.DefaultSourcesProviderImpl$getResources$1  : loaded 2 times (x 78B)
Class com.android.build.api.variant.impl.LibraryVariantImpl                           : loaded 2 times (x 552B)
Class com.android.build.gradle.internal.tasks.ProcessNavigationXmlTask$LibraryCreationAction: loaded 2 times (x 91B)
Class com.android.build.gradle.internal.coverage.tasks.CodeCoverageCollectionTask$CoverageCollectionCreationAction: loaded 2 times (x 91B)
Class com.android.build.gradle.internal.tasks.featuresplit.FeatureSetMetadataWriterTask: loaded 2 times (x 327B)
Class org.jetbrains.kotlin.gradle.utils.ConfigurationsKt$maybeCreateDependencyScope$1 : loaded 2 times (x 78B)
Class org.jetbrains.kotlin.gradle.plugin.sources.FragmentConsistencyChecks$languageVersionCheck$1: loaded 2 times (x 79B)
Class org.jetbrains.kotlin.gradle.tasks.K2MultiplatformCompilationTask                : loaded 2 times (x 70B)
Class com.android.build.gradle.internal.scope.InternalArtifactType$FEATURE_RESOURCE_PKG: loaded 2 times (x 74B)
Class com.android.build.gradle.internal.core.dsl.impl.InstrumentedTestDslInfoImpl$handleProfiling$2: loaded 2 times (x 74B)
Class com.android.build.api.variant.impl.HasDeviceTestsCreationConfig                 : loaded 2 times (x 70B)
Class com.android.build.gradle.internal.core.dsl.features.RenderscriptDslInfo         : loaded 2 times (x 70B)
Class com.android.build.gradle.internal.core.dsl.impl.VariantDslInfoImpl$initApplicationId$appIdFromFlavors$1: loaded 2 times (x 78B)
Class com.android.build.gradle.internal.variant.DimensionCombinator$Companion         : loaded 2 times (x 71B)
Class com.android.build.gradle.internal.variant.DimensionCombinator                   : loaded 2 times (x 72B)
Class com.android.build.gradle.internal.dsl.NdkBuildOptions$AgpDecorated_Decorated    : loaded 2 times (x 139B)
Class com.android.build.gradle.internal.dsl.NdkBuildOptions$AgpDecorated              : loaded 2 times (x 96B)
Class com.android.build.gradle.internal.dsl.CommonExtensionImpl$sdkComponents$2       : loaded 2 times (x 79B)
Class com.android.builder.model.PackagingOptions                                      : loaded 2 times (x 70B)
Class com.android.build.api.dsl.DynamicFeatureDefaultConfig                           : loaded 2 times (x 70B)
Class [Lcom.android.builder.core.ComponentType;                                       : loaded 2 times (x 69B)
Class [Lorg.jetbrains.kotlin.gradle.plugin.KotlinPlatformType;                        : loaded 2 times (x 69B)
Class org.jetbrains.kotlin.gradle.plugin.statistics.UsesBuildFusService               : loaded 2 times (x 70B)
Class org.jetbrains.kotlin.gradle.plugin.statistics.old.Pre232IdeaKotlinBuildStatsBeanService: loaded 2 times (x 95B)
Class org.jetbrains.kotlin.statistics.metrics.NumberOverridePolicy$AVERAGE            : loaded 2 times (x 85B)
Class org.jetbrains.kotlin.gradle.plugin.BuildFinishedListenerService$Companion$registerIfAbsent$1$1: loaded 2 times (x 79B)
Class org.jetbrains.kotlin.gradle.internal.diagnostics.GradleCompatibilityCheck$CurrentGradleVersionProvider: loaded 2 times (x 70B)
Class org.jetbrains.kotlin.gradle.plugin.mpp.DecoratedKotlinCompilation               : loaded 2 times (x 191B)
Class com.android.build.gradle.internal.lint.LintFixBuildService$RegistrationAction   : loaded 2 times (x 74B)
Class org.jetbrains.kotlin.statistics.AnonymizerUtilsKt                               : loaded 2 times (x 71B)
Class com.android.builder.profile.NameAnonymizer$ProjectCacheLoader                   : loaded 2 times (x 76B)
Class com.android.tools.analytics.AnalyticsPaths                                      : loaded 2 times (x 71B)
Class com.android.build.gradle.internal.plugins.BasePlugin$registeredExtension$2      : loaded 2 times (x 79B)
Class com.android.build.api.extension.impl.DslLifecycleComponentsOperationsRegistrar  : loaded 2 times (x 72B)
Class org.jetbrains.kotlin.mpp.DeclarationSymbolMarker                                : loaded 2 times (x 70B)
Class org.jetbrains.org.objectweb.asm.CurrentFrame                                    : loaded 2 times (x 73B)
Class org.jetbrains.kotlin.protobuf.MessageLite$Builder                               : loaded 2 times (x 70B)
Class kotlin.jvm.internal.markers.KMappedMarker                                       : loaded 2 times (x 70B)
Class com.android.build.gradle.internal.SdkComponentsBuildService$VersionedSdkLoader$annotationsJarProvider$1: loaded 2 times (x 75B)
Class com.android.manifmerger.Actions                                                 : loaded 2 times (x 83B)
Class org.jetbrains.kotlin.daemon.common.CompilerServicesFacadeBase                   : loaded 2 times (x 70B)
Class [Lorg.jetbrains.kotlin.daemon.common.OSKind;                                    : loaded 2 times (x 69B)
Class org.jetbrains.kotlin.buildtools.api.SharedApiClassesClassLoaderImpl             : loaded 2 times (x 101B)
Class org.jetbrains.kotlin.com.google.common.base.MoreObjects                         : loaded 2 times (x 71B)
Class com.google.common.collect.ImmutableMapValues$1                                  : loaded 2 times (x 81B)
Class [Lcom.android.aapt.ConfigurationOuterClass$Configuration$Keyboard;              : loaded 2 times (x 69B)
Class [Lcom.android.aapt.ConfigurationOuterClass$Configuration$ScreenLayoutSize;      : loaded 2 times (x 69B)
Class com.android.zipflinger.BytesSource                                              : loaded 2 times (x 87B)
Class com.google.common.collect.HashMultimap                                          : loaded 2 times (x 174B)
Class com.google.common.collect.Tables                                                : loaded 2 times (x 71B)
Class [Lcom.android.ide.common.symbols.SymbolIo$ReadConfiguration;                    : loaded 2 times (x 69B)
Class com.android.build.gradle.internal.tasks.CheckAarMetadataTask$CreationAction$configure$1: loaded 2 times (x 74B)
Class com.google.gson.internal.bind.ReflectiveTypeAdapterFactory$FieldsData           : loaded 2 times (x 72B)
Class com.google.gson.ToNumberPolicy$3                                                : loaded 2 times (x 83B)
Class com.sun.xml.bind.IDResolver                                                     : loaded 2 times (x 75B)
Class com.android.sdklib.repository.generated.addon.v2.AddonDetailsType               : loaded 2 times (x 135B)
Class com.sun.xml.bind.v2.model.impl.Util                                             : loaded 2 times (x 71B)
Class [Lcom.sun.xml.bind.v2.model.core.PropertyKind;                                  : loaded 2 times (x 69B)
Class [Lcom.sun.xml.bind.v2.runtime.Location;                                         : loaded 2 times (x 69B)
Class com.sun.xml.bind.api.JAXBRIContext                                              : loaded 2 times (x 89B)
Class com.android.sdklib.repository.generated.addon.v3.package-info                   : loaded 2 times (x 70B)
Class com.android.build.gradle.internal.SdkLocator$SdkLocationSource                  : loaded 2 times (x 80B)
Class com.android.build.gradle.internal.tasks.BaseTask$ConfigureAction                : loaded 2 times (x 71B)
Class com.android.build.gradle.internal.tasks.UsesAnalytics$ConfigureAction           : loaded 2 times (x 71B)
Class com.android.build.gradle.internal.DependencyConfigurator$configureVariantTransforms$3$1: loaded 2 times (x 75B)
Class com.android.build.gradle.internal.DependencyConfigurator$configureGeneralTransforms$10: loaded 2 times (x 75B)
Class com.android.build.gradle.internal.ndk.NdkHandler                                : loaded 2 times (x 72B)
Class com.android.build.gradle.internal.lint.LintModelWriterTask$PerComponentCreationAction: loaded 2 times (x 90B)
Class com.android.build.gradle.internal.tasks.CompileArtProfileTask                   : loaded 2 times (x 335B)
Class org.jetbrains.kotlin.gradle.targets.js.dsl.KotlinWasmJsTargetDsl                : loaded 2 times (x 70B)
Class org.jetbrains.kotlin.gradle.plugin.mpp.compilationImpl.factory.ConfigurationNaming$Default: loaded 2 times (x 75B)
Class org.jetbrains.kotlin.gradle.plugin.sources.DefaultLanguageSettingsBuilder       : loaded 2 times (x 100B)
Class org.jetbrains.kotlin.gradle.plugin.sources.FragmentConsistencyChecks$languageVersionCheck$2: loaded 2 times (x 78B)
Class org.jetbrains.kotlin.gradle.plugin.mpp.compilationImpl.KotlinCompilationSourceSetInclusion: loaded 2 times (x 72B)
Class org.jetbrains.kotlin.gradle.plugin.diagnostics.ToolingDiagnosticRenderingOptionsKt$WhenMappings: loaded 2 times (x 71B)
Class org.jetbrains.kotlin.gradle.tasks.configuration.BaseKotlinCompileConfig$1       : loaded 2 times (x 79B)
Class com.android.build.gradle.internal.scope.InternalArtifactType$COMPILE_R_CLASS_JAR: loaded 2 times (x 74B)
Class com.android.build.gradle.tasks.MergeResources                                   : loaded 2 times (x 349B)
Class [Lcom.android.build.gradle.internal.TaskManager$MergeType;                      : loaded 2 times (x 69B)
Class com.android.build.gradle.internal.scope.InternalArtifactType$MANIFEST_MERGE_BLAME_FILE: loaded 2 times (x 74B)
Class com.android.build.gradle.internal.AbstractAppTaskManager$1                      : loaded 2 times (x 91B)
Class com.android.build.gradle.internal.core.dsl.impl.InstrumentedTestDslInfoImpl$handleProfiling$fromFlavor$1: loaded 2 times (x 78B)
Class com.android.build.api.variant.Dexing                                            : loaded 2 times (x 70B)
Class com.android.build.api.variant.PropertyAccessNotAllowedException                 : loaded 2 times (x 82B)
Class com.android.build.api.artifact.impl.SingleInitialProviderRequestImpl            : loaded 2 times (x 72B)
Class com.android.build.gradle.internal.BuildTypeData                                 : loaded 2 times (x 72B)
Class com.android.build.gradle.api.UnitTestVariant                                    : loaded 2 times (x 70B)
Class com.google.wireless.android.sdk.stats.ProjectApiUseOrBuilder                    : loaded 2 times (x 70B)
Class com.google.common.base.Converter$ReverseConverter                               : loaded 2 times (x 90B)
Class com.android.build.gradle.internal.dsl.MinSdkDelegate                            : loaded 2 times (x 84B)
Class com.android.build.gradle.internal.dsl.SigningConfigImpl                         : loaded 2 times (x 97B)
Class com.android.ide.common.signing.KeystoreHelper                                   : loaded 2 times (x 71B)
Class org.jetbrains.kotlin.gradle.utils.GradleConfigurationUtilsKt                    : loaded 2 times (x 71B)
Class org.jetbrains.kotlin.gradle.plugin.internal.CustomPropertiesFileValueSource$Parameters: loaded 2 times (x 70B)
Class org.jetbrains.kotlin.gradle.plugin.UsesBuildFinishedListenerService             : loaded 2 times (x 70B)
Class org.jetbrains.kotlin.gradle.dsl.KotlinPublishingDsl                             : loaded 2 times (x 70B)
Class org.jetbrains.kotlin.gradle.plugin.KotlinBaseApiPlugin                          : loaded 2 times (x 118B)
Class com.android.build.gradle.internal.services.SymbolTableBuildService$RegistrationAction: loaded 2 times (x 74B)
Class com.android.sdklib.repository.generated.addon.v3.LibrariesType                  : loaded 2 times (x 75B)
Class com.android.build.gradle.internal.plugins.AndroidPluginBaseServices$configuratorService$2$1: loaded 2 times (x 79B)
Class com.android.build.gradle.internal.dsl.InternalCommonExtension                   : loaded 2 times (x 70B)
Class org.gradle.accessors.dm.LibrariesForLibsInPluginsBlock$BundleAccessors          : loaded 2 times (x 73B)
Class org.gradle.internal.installation.CurrentGradleInstallationLocator               : loaded 2 times (x 71B)
Class org.jetbrains.kotlin.metadata.ProtoBuf$VersionRequirement$Level$1               : loaded 2 times (x 74B)
Class org.jetbrains.kotlin.protobuf.FieldSet$1                                        : loaded 2 times (x 71B)
Class org.jetbrains.kotlin.com.intellij.openapi.util.ThreadLocalCachedValue           : loaded 2 times (x 75B)
Class org.jetbrains.org.objectweb.asm.tree.LdcInsnNode                                : loaded 2 times (x 78B)
Class org.jetbrains.kotlin.incremental.classpathDiff.ClasspathEntrySnapshotter        : loaded 2 times (x 71B)
Class com.sun.xml.bind.api.RawAccessor                                                : loaded 2 times (x 73B)
Class [Lcom.android.manifmerger.NavigationXmlDocumentData;                            : loaded 2 times (x 69B)
Class [Lcom.android.manifmerger.MergingReport$Result;                                 : loaded 2 times (x 69B)
Class com.android.manifmerger.Actions$Record                                          : loaded 2 times (x 77B)
Class com.android.manifmerger.XmlNode$NodeName                                        : loaded 2 times (x 70B)
Class com.android.manifmerger.ManifestModel$AttributeBasedNodeKeyResolver             : loaded 2 times (x 78B)
Class org.jetbrains.kotlin.daemon.client.KotlinCompilerClient$connectAndLease$1$result$1: loaded 2 times (x 79B)
Class org.jetbrains.kotlin.daemon.common.DummyProfiler                                : loaded 2 times (x 79B)
Class com.sun.xml.bind.v2.model.impl.ClassInfoImpl                                    : loaded 2 times (x 137B)
Class org.jetbrains.kotlin.gradle.logging.GradlePrintingMessageCollector              : loaded 2 times (x 77B)
Class org.jetbrains.kotlin.gradle.tasks.KotlinCompile$WhenMappings                    : loaded 2 times (x 71B)
Class org.jetbrains.kotlin.compilerRunner.btapi.SharedApiClassesClassLoaderProvider   : loaded 2 times (x 74B)
Class com.google.common.collect.ImmutableMapValues$2                                  : loaded 2 times (x 212B)
Class com.android.aaptcompiler.proto.ProtoSerializeKt$WhenMappings                    : loaded 2 times (x 71B)
Class com.android.zipflinger.Source                                                   : loaded 2 times (x 86B)
Class com.sun.xml.bind.v2.model.impl.RuntimeBuiltinLeafInfoImpl$StringImpl            : loaded 2 times (x 134B)
Class com.android.utils.PositionXmlParser$Position                                    : loaded 2 times (x 78B)
Class com.android.build.gradle.internal.tasks.CheckAarMetadataTask$CreationAction$configure$2: loaded 2 times (x 74B)
Class org.jetbrains.kotlin.gradle.tasks.DefaultKotlinJavaToolchain$getToolsJarFromJvm$1: loaded 2 times (x 75B)
Class org.jetbrains.kotlin.build.report.metrics.GcMetrics                             : loaded 2 times (x 72B)
Class com.android.build.gradle.internal.scope.BootClasspathBuilder$computeAdditionalAndRequestedOptionalLibraries$1: loaded 2 times (x 79B)
Class com.google.gson.ToNumberPolicy$4                                                : loaded 2 times (x 83B)
Class com.android.repository.impl.generated.v2.RepositoryType                         : loaded 2 times (x 86B)
Class [Ljavax.xml.bind.annotation.XmlNs;                                              : loaded 2 times (x 69B)
Class org.jetbrains.kotlin.statistics.metrics.SumMetricContainer                      : loaded 2 times (x 80B)
Class com.android.build.gradle.internal.publishing.KotlinMultiplatformVariantSpecBuilder: loaded 2 times (x 90B)
Class [Lcom.android.build.gradle.internal.dependency.DexingOutputSplitTransform$DexOutput;: loaded 2 times (x 69B)
Class com.android.build.gradle.internal.DependencyConfigurator$configureVariantTransforms$3$2: loaded 2 times (x 75B)
Class com.android.build.gradle.internal.DependencyConfigurator$configureGeneralTransforms$11: loaded 2 times (x 78B)
Class com.android.build.gradle.internal.dependency.ClassesDirToClassesTransform       : loaded 2 times (x 78B)
Class com.android.build.gradle.internal.dependency.AarResourcesCompilerTransform      : loaded 2 times (x 78B)
Class com.android.build.gradle.internal.dependency.MockableJarTransform$Inject_1      : loaded 2 times (x 109B)
Class com.sun.xml.bind.v2.model.impl.PropertySeed                                     : loaded 2 times (x 70B)
Class com.android.build.gradle.internal.scope.InternalArtifactType$UNIT_TEST_LINT_PARTIAL_RESULTS: loaded 2 times (x 74B)
Class com.android.builder.compiling.BuildConfigType                                   : loaded 2 times (x 79B)
Class com.android.build.api.component.impl.DefaultSourcesProvider                     : loaded 2 times (x 70B)
Class com.android.build.gradle.internal.test.AbstractTestDataImpl$minSdkVersion$1     : loaded 2 times (x 79B)
Class com.android.build.gradle.internal.tasks.creationconfig.ProcessTestManifestCreationConfigKt$forTestComponent$2: loaded 2 times (x 138B)
Class com.android.build.gradle.internal.scope.InternalArtifactType$GLOBAL_SYNTHETICS_PROJECT: loaded 2 times (x 74B)
Class org.jetbrains.kotlin.gradle.plugin.diagnostics.UsesKotlinToolingDiagnosticsKt   : loaded 2 times (x 71B)
Class com.android.build.gradle.internal.res.LinkAndroidResForBundleTask               : loaded 2 times (x 343B)
Class com.android.build.api.component.impl.OldVariantApiLegacySupportImpl$JavaCompileOptionsForOldVariantAPI: loaded 2 times (x 75B)
Class com.android.build.gradle.internal.tasks.ApplicationIdWriterTask                 : loaded 2 times (x 327B)
Class [Lcom.android.build.gradle.internal.publishing.AndroidArtifacts$ArtifactType;   : loaded 2 times (x 69B)
Class com.android.build.api.variant.impl.VariantOutputConfigurationImpl               : loaded 2 times (x 76B)
Class com.android.build.api.variant.impl.ApplicationVariantImpl$renderscript$2        : loaded 2 times (x 79B)
Class com.android.build.gradle.internal.component.features.InstrumentationCreationConfig: loaded 2 times (x 70B)
Class com.android.build.api.variant.impl.HasHostTestsCreationConfig                   : loaded 2 times (x 70B)
Class com.android.build.gradle.internal.utils.GuavaKtxKt                              : loaded 2 times (x 71B)
Class com.android.build.api.artifact.impl.SingleArtifactContainer$initArtifactContainer$1: loaded 2 times (x 79B)
Class com.android.build.gradle.internal.services.VariantServicesImpl                  : loaded 2 times (x 115B)
Class com.android.build.gradle.internal.ide.v2.NativeModelBuilder_Decorated           : loaded 2 times (x 131B)
Class com.google.wireless.android.sdk.stats.GradleBuildProjectMetricsOrBuilder        : loaded 2 times (x 70B)
Class com.google.gson.internal.bind.ObjectTypeAdapter$1                               : loaded 2 times (x 76B)
Class com.android.build.gradle.internal.dsl.ExternalNativeBuildOptions                : loaded 2 times (x 93B)
Class com.android.build.api.dsl.KeepRules                                             : loaded 2 times (x 70B)
Class org.jetbrains.kotlin.gradle.plugin.AbstractKotlinJsPluginWrapper                : loaded 2 times (x 86B)
Class org.jetbrains.kotlin.gradle.plugin.internal.MavenPublicationComponentAccessor   : loaded 2 times (x 70B)
Class org.jetbrains.kotlin.gradle.fus.BuildUidService                                 : loaded 2 times (x 80B)
Class org.jetbrains.kotlin.gradle.plugin.KotlinPluginWrapperKt                        : loaded 2 times (x 71B)
Class org.jetbrains.kotlin.gradle.plugin.mpp.InternalKotlinCompilation                : loaded 2 times (x 70B)
Class org.jetbrains.kotlin.gradle.plugin.KotlinJvmFactory                             : loaded 2 times (x 70B)
Class [Lcom.google.protobuf.Internal$EnumLite;                                        : loaded 2 times (x 69B)
Class com.google.protobuf.CodedInputStream$ArrayDecoder                               : loaded 2 times (x 120B)
Class com.android.tools.analytics.HostData$osBean$2                                   : loaded 2 times (x 78B)
Class com.android.tools.analytics.HostData                                            : loaded 2 times (x 71B)
Class com.google.gson.Gson$FutureTypeAdapter                                          : loaded 2 times (x 76B)
Class com.android.build.gradle.internal.LoggerWrapper                                 : loaded 2 times (x 86B)
Class com.android.build.gradle.internal.scope.InternalArtifactType$RENDERSCRIPT_SOURCE_OUTPUT_DIR: loaded 2 times (x 74B)
Class com.android.build.gradle.options.Option$Status$Deprecated                       : loaded 2 times (x 72B)
Class com.android.build.gradle.internal.plugins.TestPlugin                            : loaded 2 times (x 96B)
Class com.google.common.io.ByteSource$SlicedByteSource                                : loaded 2 times (x 85B)
Class org.gradle.internal.service.DefaultServiceLocator                               : loaded 2 times (x 83B)
Class org.jetbrains.kotlin.metadata.ProtoBuf$Class$Kind$1                             : loaded 2 times (x 74B)
Class org.jetbrains.kotlin.protobuf.SmallSortedMap$Entry                              : loaded 2 times (x 88B)
Class org.jetbrains.kotlin.metadata.ProtoBuf$Package$1                                : loaded 2 times (x 144B)
Class org.jetbrains.org.objectweb.asm.SymbolTable                                     : loaded 2 times (x 72B)
Class org.jetbrains.org.objectweb.asm.tree.UnsupportedClassVersionException           : loaded 2 times (x 82B)
Class org.jetbrains.org.objectweb.asm.tree.RecordComponentNode                        : loaded 2 times (x 79B)
Class org.jetbrains.kotlin.name.FqName$Companion                                      : loaded 2 times (x 71B)
Class com.android.builder.internal.aapt.v2.Aapt2DaemonTimeouts                        : loaded 2 times (x 73B)
Class com.android.build.gradle.internal.scope.InternalArtifactType$R8_MAPPING_USAGE   : loaded 2 times (x 74B)
Class com.android.build.gradle.internal.scope.InternalArtifactType$BUILT_IN_KAPT_STUBS: loaded 2 times (x 74B)
Class com.android.build.api.component.impl.features.ManifestPlaceholdersCreationConfigImpl: loaded 2 times (x 75B)
Class com.android.manifmerger.ManifestSystemProperty$UsesSdk                          : loaded 2 times (x 85B)
Class org.jetbrains.kotlin.daemon.client.KotlinCompilerClient$tryFindSuitableDaemonOrNewOpts$aliveWithMetadata$1: loaded 2 times (x 79B)
Class org.jetbrains.kotlin.gradle.plugin.KotlinCompilerArgumentsProducer$ArgumentType : loaded 2 times (x 79B)
Class org.jetbrains.kotlin.com.google.common.base.Stopwatch                           : loaded 2 times (x 72B)
Class com.google.common.collect.DenseImmutableTable$RowMap                            : loaded 2 times (x 133B)
Class com.android.manifmerger.ManifestMerger2$Invoker$Feature                         : loaded 2 times (x 79B)
Class com.google.wireless.android.sdk.stats.AndroidStudioEvent$Builder                : loaded 2 times (x 1038B)
Class org.jetbrains.kotlin.gradle.tasks.configuration.BaseKotlinCompileConfig$1$1$1   : loaded 2 times (x 75B)
Class org.jetbrains.kotlin.gradle.tasks.KotlinCompile$scriptExtensions$1              : loaded 2 times (x 79B)
Class org.jetbrains.kotlin.gradle.tasks.K2MultiplatformStructure$Fragment             : loaded 2 times (x 72B)
Class com.android.build.gradle.internal.scope.BootClasspathBuilder$computeAdditionalAndRequestedOptionalLibraries$2: loaded 2 times (x 80B)
Class com.google.gson.internal.sql.SqlTypesSupport                                    : loaded 2 times (x 71B)
Class com.google.gson.Gson                                                            : loaded 2 times (x 72B)
Class com.android.repository.impl.generated.v1.PatchesType                            : loaded 2 times (x 75B)
Class [Lcom.sun.xml.bind.v2.model.core.ID;                                            : loaded 2 times (x 69B)
Class javax.xml.bind.annotation.XmlAttribute                                          : loaded 2 times (x 70B)
Class com.android.sdklib.repository.generated.repository.v3.package-info              : loaded 2 times (x 70B)
Class com.android.build.gradle.internal.FileExistsValueSource$Params$Inject_          : loaded 2 times (x 106B)
Class com.android.build.gradle.internal.api.BaseVariantImpl                           : loaded 2 times (x 215B)
Class com.android.build.gradle.internal.tasks.PackageBundleTask$CreationAction        : loaded 2 times (x 90B)
Class com.google.common.cache.CacheBuilderSpec$IntegerParser                          : loaded 2 times (x 76B)
Class org.jetbrains.kotlin.gradle.plugin.mpp.compilationImpl.KotlinAndroidCompilationAssociator: loaded 2 times (x 74B)
Class org.jetbrains.kotlin.compilerRunner.CompilerSystemPropertiesService$Companion$registerIfAbsent$1: loaded 2 times (x 75B)
Class com.android.build.gradle.internal.component.BuiltInKotlinCreationConfig         : loaded 2 times (x 70B)
Class com.android.build.gradle.tasks.JavaPreCompileTask                               : loaded 2 times (x 327B)
Class com.android.build.gradle.internal.res.LinkAndroidResForBundleTask$CreationAction$handleProvider$1: loaded 2 times (x 127B)
Class com.android.build.gradle.tasks.ProcessApplicationManifest$CreationAction        : loaded 2 times (x 90B)
Class com.android.build.gradle.internal.scope.InternalArtifactType$COMPILE_MANIFEST_JAR: loaded 2 times (x 74B)
Class com.android.build.gradle.tasks.TestReportTask                                   : loaded 2 times (x 321B)
Class com.android.build.gradle.internal.tasks.StripDebugSymbolsTask$CreationAction    : loaded 2 times (x 90B)
Class com.android.build.api.component.impl.ComponentImpl$sources$2                    : loaded 2 times (x 79B)
Class com.android.build.api.variant.impl.ApplicationVariantImpl_Decorated             : loaded 2 times (x 681B)
Class com.android.build.gradle.internal.variant.ApplicationVariantData                : loaded 2 times (x 76B)
Class com.android.build.gradle.internal.profile.ProfilingMode                         : loaded 2 times (x 79B)
Class com.android.build.api.artifact.impl.TypedStorageProvider$getArtifact$1$1        : loaded 2 times (x 79B)
Class com.android.build.gradle.internal.tasks.GlobalTask                              : loaded 2 times (x 70B)
Class com.android.build.gradle.internal.cxx.gradle.generator.CxxMetadataGenerator     : loaded 2 times (x 70B)
Class com.android.build.api.artifact.impl.StorageProviderImpl$fileStorage$1           : loaded 2 times (x 78B)
Class com.google.wireless.android.sdk.stats.GradlePluginData                          : loaded 2 times (x 200B)
Class com.android.build.api.dsl.JacocoOptions                                         : loaded 2 times (x 70B)
Class com.android.build.gradle.internal.api.LazyAndroidSourceSet                      : loaded 2 times (x 72B)
Class com.android.build.api.dsl.DefaultConfig                                         : loaded 2 times (x 70B)
Class org.jetbrains.kotlin.gradle.plugin.statistics.FlowActionBuildFusService$getConfigurationTimeMetrics$1: loaded 2 times (x 75B)
Class org.jetbrains.kotlin.gradle.plugin.statistics.SynchronizedMetricsContainer      : loaded 2 times (x 82B)
Class org.jetbrains.kotlin.statistics.metrics.NumberOverridePolicy                    : loaded 2 times (x 85B)
Class org.jetbrains.kotlin.statistics.metrics.StringAnonymizationPolicy$AllowedListAnonymizer$Companion: loaded 2 times (x 71B)
Class org.jetbrains.kotlin.gradle.plugin.internal.DefaultProjectIsolationStartParameterAccessor_Decorated: loaded 2 times (x 121B)
Class org.jetbrains.kotlin.gradle.plugin.internal.ProjectIsolationStartParameterAccessorKt: loaded 2 times (x 71B)
Class org.jetbrains.kotlin.gradle.dsl.KaptExtensionConfig                             : loaded 2 times (x 70B)
Class com.android.builder.profile.AnalyticsProfileWriter$Companion                    : loaded 2 times (x 71B)
Class com.google.protobuf.UnsafeUtil$JvmMemoryAccessor                                : loaded 2 times (x 91B)
Class com.google.protobuf.ProtocolStringList                                          : loaded 2 times (x 70B)
Class com.android.build.gradle.internal.errors.SyncIssueReporterImpl$GlobalSyncIssueService$Parameters_Decorated: loaded 2 times (x 139B)
Class com.android.aapt.Resources$XmlNamespace$Builder                                 : loaded 2 times (x 301B)
Class com.android.build.gradle.internal.plugins.AndroidPluginBaseServices$projectServices$2: loaded 2 times (x 79B)
Class com.android.build.gradle.internal.VariantManager                                : loaded 2 times (x 72B)
Class com.google.common.cache.LocalCache$SoftValueReference                           : loaded 2 times (x 97B)
Class jdk.internal.jrtfs.JrtDirectoryStream                                           : loaded 2 times (x 89B)
Class org.gradle.internal.installation.CurrentGradleInstallation                      : loaded 2 times (x 73B)
Class org.jetbrains.kotlin.metadata.ProtoBuf$Annotation$ArgumentOrBuilder             : loaded 2 times (x 70B)
Class org.jetbrains.org.objectweb.asm.ModuleWriter                                    : loaded 2 times (x 82B)
Class org.jetbrains.kotlin.protobuf.FieldSet$FieldDescriptorLite                      : loaded 2 times (x 70B)
Class org.jetbrains.kotlin.protobuf.AbstractMessageLite                               : loaded 2 times (x 98B)
Class org.jetbrains.kotlin.incremental.classpathDiff.JarReader                        : loaded 2 times (x 82B)
Class com.android.build.gradle.internal.scope.InternalArtifactType$R8_MAPPING_MISSING_RULES: loaded 2 times (x 74B)
Class com.android.build.gradle.internal.scope.InternalArtifactType$ML_SOURCE_OUT      : loaded 2 times (x 74B)
Class com.android.manifmerger.XmlDocument$KeyAndReason                                : loaded 2 times (x 74B)
Class com.android.manifmerger.MergingReport$MergedManifestKind                        : loaded 2 times (x 79B)
Class org.jetbrains.kotlin.gradle.tasks.AbstractKotlinCompile$compilerRunner$1$2$1    : loaded 2 times (x 75B)
Class org.jetbrains.kotlin.com.google.common.util.concurrent.AbstractFuture$AtomicHelper: loaded 2 times (x 78B)
Class com.android.ide.common.xml.AndroidManifestParser                                : loaded 2 times (x 71B)
Class com.android.utils.PositionXmlParser$ParserPool                                  : loaded 2 times (x 79B)
Class org.jetbrains.kotlin.gradle.tasks.KotlinCompilerExecutionStrategy               : loaded 2 times (x 79B)
Class com.android.build.gradle.internal.scope.BootClasspathBuilder$computeAdditionalAndRequestedOptionalLibraries$3: loaded 2 times (x 77B)
Class com.google.gson.Gson$1                                                          : loaded 2 times (x 76B)
Class com.sun.xml.bind.v2.model.impl.TypeRefImpl                                      : loaded 2 times (x 87B)
Class com.android.repository.api.Dependency                                           : loaded 2 times (x 77B)
Class com.android.repository.impl.meta.Archive                                        : loaded 2 times (x 84B)
Class [Lcom.android.repository.api.SchemaModule;                                      : loaded 2 times (x 69B)
Class com.android.build.gradle.internal.utils.ConsoleProgressIndicatorFactory$IsTerminalSmartValueSource$Inject_: loaded 2 times (x 109B)
Class org.jetbrains.kotlin.gradle.plugin.statistics.FusMetrics                        : loaded 2 times (x 70B)
Class com.android.ide.common.workers.WorkerExecutorFacade                             : loaded 2 times (x 70B)
Class com.android.build.gradle.internal.scope.InternalArtifactType$RESOURCES_CONFIG_MAP_FILE: loaded 2 times (x 74B)
Class com.android.build.gradle.internal.scope.InternalArtifactType$MERGED_STARTUP_PROFILE: loaded 2 times (x 74B)
Class com.android.build.gradle.internal.tasks.featuresplit.PackagedDependenciesWriterTask: loaded 2 times (x 327B)
Class com.android.build.gradle.internal.tasks.R8VersionCheckException                 : loaded 2 times (x 82B)
Class org.jetbrains.kotlin.gradle.plugin.sources.DefaultKotlinSourceSet$special$$inlined$Iterable$1: loaded 2 times (x 79B)
Class org.jetbrains.kotlin.gradle.plugin.KotlinTargetConfiguratorKt                   : loaded 2 times (x 71B)
Class org.jetbrains.kotlin.gradle.plugin.mpp.compilationImpl.factory.KotlinCompilationImplFactory$KotlinCompilerOptionsFactory$Options: loaded 2 times (x 72B)
Class org.jetbrains.kotlin.gradle.plugin.diagnostics.ToolingDiagnosticRenderingOptionsKt: loaded 2 times (x 71B)
Class com.android.build.gradle.internal.tasks.factory.features.AndroidResourcesTaskCreationAction: loaded 2 times (x 70B)
Class com.android.build.gradle.tasks.ProcessPackagedManifestTask$CreationAction$handleProvider$1: loaded 2 times (x 127B)
Class com.android.build.gradle.internal.coverage.tasks.CodeCoverageReportTask$CoverageReportCreationAction$handleProvider$1: loaded 2 times (x 127B)
Class com.android.build.gradle.internal.tasks.ExtractNativeDebugMetadataTask$FullCreationAction: loaded 2 times (x 91B)
Class com.android.build.gradle.internal.services.VariantBuilderServicesImpl$ValueImpl : loaded 2 times (x 76B)
Class com.android.build.gradle.internal.tasks.DeviceSerialTestTask                    : loaded 2 times (x 313B)
Class com.google.wireless.android.sdk.stats.GradleBuildProjectMetrics                 : loaded 2 times (x 199B)
Class com.android.build.gradle.internal.dsl.ApplicationAndroidResourcesImpl           : loaded 2 times (x 124B)
Class com.android.build.api.dsl.TargetSdkSpec                                         : loaded 2 times (x 70B)
Class com.android.build.gradle.internal.dsl.JniLibsPackagingImpl                      : loaded 2 times (x 89B)
Class com.android.build.api.dsl.BundleLanguage                                        : loaded 2 times (x 70B)
Class com.android.build.api.dsl.BundleCountrySet                                      : loaded 2 times (x 70B)
Class com.android.build.api.dsl.BundleDeviceTier                                      : loaded 2 times (x 70B)
Class com.android.builder.core.AbstractProductFlavor                                  : loaded 2 times (x 194B)
Class org.jetbrains.kotlin.gradle.targets.native.internal.PlatformLibrariesGenerator  : loaded 2 times (x 72B)
Class org.jetbrains.kotlin.tooling.core.Extras$Type$Companion                         : loaded 2 times (x 71B)
Class org.jetbrains.kotlin.gradle.plugin.KotlinCompilation                            : loaded 2 times (x 70B)
Class com.android.build.gradle.internal.services.SymbolTableBuildService              : loaded 2 times (x 79B)
Class com.android.build.gradle.internal.ide.v2.GlobalSyncService$Parameters           : loaded 2 times (x 70B)
Class [Lorg.jetbrains.kotlin.com.google.common.cache.RemovalListener;                 : loaded 2 times (x 69B)
Class com.android.builder.profile.Recorder$VoidBlock                                  : loaded 2 times (x 70B)
Class org.jetbrains.kotlin.com.google.common.util.concurrent.AbstractFuture$Waiter    : loaded 2 times (x 72B)
Class com.android.build.api.extension.impl.ApplicationAndroidComponentsExtensionImpl  : loaded 2 times (x 114B)
Class org.gradle.util.internal.GUtil                                                  : loaded 2 times (x 71B)
Class org.jetbrains.kotlin.metadata.jvm.JvmProtoBuf$StringTableTypes$Record           : loaded 2 times (x 119B)
Class org.jetbrains.kotlin.protobuf.FieldSet                                          : loaded 2 times (x 72B)
Class [Lorg.jetbrains.org.objectweb.asm.Label;                                        : loaded 2 times (x 69B)
Class kotlin.io.NoSuchFileException                                                   : loaded 2 times (x 82B)
Class kotlin.collections.CollectionsKt                                                : loaded 2 times (x 71B)
Class com.android.manifmerger.ManifestSystemProperty                                  : loaded 2 times (x 70B)
Class org.jetbrains.kotlin.daemon.common.DaemonJVMOptions$mappers$1                   : loaded 2 times (x 137B)
Class [Lorg.jetbrains.kotlin.com.google.common.cache.LocalCache$Segment;              : loaded 2 times (x 69B)
Class com.android.aapt.ConfigurationOuterClass$Configuration$ScreenLayoutSize         : loaded 2 times (x 87B)
Class com.google.protobuf.CodedOutputStream$OutputStreamEncoder                       : loaded 2 times (x 110B)
Class com.android.aaptcompiler.ResourceName$Companion                                 : loaded 2 times (x 71B)
Class org.jetbrains.kotlin.gradle.plugin.KotlinCompilerArgumentsProducer$ContributeCompilerArgumentsContext: loaded 2 times (x 70B)
Class com.android.build.api.variant.impl.FlatSourceDirectoriesImpl$getAsFileTrees$1   : loaded 2 times (x 75B)
Class com.android.build.gradle.internal.scope.BootClasspathBuilder$computeAdditionalAndRequestedOptionalLibraries$4: loaded 2 times (x 79B)
Class com.google.gson.Gson$2                                                          : loaded 2 times (x 76B)
Class javax.xml.bind.UnmarshallerHandler                                              : loaded 2 times (x 70B)
Class com.android.sdklib.repository.generated.repository.v3.PlatformDetailsType       : loaded 2 times (x 120B)
Class com.sun.xml.bind.v2.model.core.Adapter                                          : loaded 2 times (x 72B)
Class com.sun.xml.bind.v2.model.impl.ClassInfoImpl$DuplicateException                 : loaded 2 times (x 82B)
Class [Ljavax.xml.bind.annotation.XmlAccessType;                                      : loaded 2 times (x 69B)
Class javax.xml.bind.annotation.XmlElementDecl                                        : loaded 2 times (x 70B)
Class com.android.repository.impl.generated.v2.CompleteType                           : loaded 2 times (x 84B)
Class com.android.repository.api.SchemaModule$SchemaModuleVersion                     : loaded 2 times (x 76B)
Class com.android.build.gradle.internal.PlatformToolsComponents$Companion             : loaded 2 times (x 71B)
Class com.android.build.gradle.internal.SdkComponentsBuildService$VersionedSdkLoader$sdkLoadStrategy$2$1$1: loaded 2 times (x 79B)
Class com.android.build.gradle.internal.tasks.VariantTask$ConfigureAction             : loaded 2 times (x 71B)
Class com.android.build.gradle.internal.scope.InternalArtifactType$GLOBAL_SYNTHETICS_MERGED: loaded 2 times (x 74B)
Class com.android.build.gradle.internal.utils.KgpUtils$recordKgpPropertiesForAnalytics$1: loaded 2 times (x 78B)
Class com.android.build.gradle.internal.DependencyConfigurator$configureGeneralTransforms$8$1: loaded 2 times (x 74B)
Class com.android.build.gradle.internal.SdkComponentsBuildService$Environment         : loaded 2 times (x 73B)
Class com.android.build.gradle.internal.scope.InternalArtifactType$LINT_VITAL_PARTIAL_RESULTS: loaded 2 times (x 74B)
Class com.android.build.gradle.internal.scope.InternalArtifactType$VARIANT_CODE_COVERAGE_DATA: loaded 2 times (x 74B)
Class com.android.build.gradle.internal.scope.InternalArtifactType$DEVICE_SPEC_PATH_MAP: loaded 2 times (x 74B)
Class com.android.build.gradle.internal.tasks.factory.features.DexingTaskCreationActionImpl: loaded 2 times (x 75B)
Class com.android.build.gradle.internal.scope.InternalArtifactType$GENERATED_PROGUARD_FILE: loaded 2 times (x 74B)
Class org.jetbrains.kotlin.gradle.plugin.mpp.KotlinCompilationFactory                 : loaded 2 times (x 70B)
Class com.android.build.api.variant.impl.JniLibsPackagingImpl$pickFirsts$1            : loaded 2 times (x 75B)
Class com.android.build.gradle.tasks.ProcessPackagedManifestTask$CreationAction$handleProvider$2: loaded 2 times (x 127B)
Class com.android.build.gradle.internal.testsuites.impl.TestSuiteBuilderImpl          : loaded 2 times (x 86B)
Class com.android.build.gradle.internal.dsl.ModulePropertyKey$BooleanWithDefault$Companion: loaded 2 times (x 71B)
Class com.android.build.gradle.internal.variant.DimensionCombinationImpl              : loaded 2 times (x 76B)
Class com.android.build.api.artifact.impl.StorageProviderImpl$directory$1             : loaded 2 times (x 78B)
Class com.android.build.gradle.api.TestVariant                                        : loaded 2 times (x 70B)
Class [Lcom.android.tools.lint.model.LintModelSeverity;                               : loaded 2 times (x 69B)
Class com.android.build.gradle.internal.CompileOptions$AgpDecorated_Decorated         : loaded 2 times (x 146B)
Class com.android.resources.ResourceEnum                                              : loaded 2 times (x 70B)
Class com.google.common.base.Converter$IdentityConverter                              : loaded 2 times (x 90B)
Class com.google.common.util.concurrent.AbstractFuture$SetFuture                      : loaded 2 times (x 75B)
Class com.android.utils.StringHelper                                                  : loaded 2 times (x 71B)
Class com.android.build.api.dsl.DependenciesInfo                                      : loaded 2 times (x 70B)
Class com.android.build.gradle.internal.utils.KgpUtils                                : loaded 2 times (x 71B)
Class com.android.build.gradle.internal.services.BuiltInKotlinServices$Companion      : loaded 2 times (x 71B)
Class org.jetbrains.kotlin.gradle.utils.Future                                        : loaded 2 times (x 70B)
Class org.jetbrains.kotlin.gradle.plugin.statistics.KotlinBuildStatsConfiguration$Companion: loaded 2 times (x 71B)
Class org.jetbrains.kotlin.gradle.plugin.mpp.AbstractKotlinCompilation                : loaded 2 times (x 191B)
Class com.android.prefs.PathLocator$WhenMappings                                      : loaded 2 times (x 71B)
Class com.google.wireless.android.sdk.stats.JavaProcessStats                          : loaded 2 times (x 207B)
Class org.jetbrains.kotlin.gradle.internal.name.FqName                                : loaded 2 times (x 72B)
Class com.google.protobuf.Message                                                     : loaded 2 times (x 70B)
Class com.android.build.gradle.internal.profile.NoOpAnalyticsConfiguratorService$RegistrationAction: loaded 2 times (x 74B)
Class com.android.tools.analytics.Environment$Companion$SYSTEM$1                      : loaded 2 times (x 73B)
Class com.android.tools.analytics.Environment$Companion                               : loaded 2 times (x 71B)
Class com.android.tools.analytics.Environment$SystemProperty                          : loaded 2 times (x 79B)
Class com.android.build.gradle.TestPlugin                                             : loaded 2 times (x 76B)
Class org.jetbrains.kotlin.incremental.DifferenceCalculatorForPackageFacade$Companion : loaded 2 times (x 71B)
Class [Lorg.jetbrains.kotlin.metadata.ProtoBuf$MemberKind;                            : loaded 2 times (x 69B)
Class org.jetbrains.kotlin.metadata.ProtoBuf$Package                                  : loaded 2 times (x 129B)
Class org.jetbrains.kotlin.metadata.ProtoBuf$Annotation$Argument$Value$Type$1         : loaded 2 times (x 74B)
Class org.jetbrains.kotlin.metadata.ProtoBuf$TypeTableOrBuilder                       : loaded 2 times (x 70B)
Class org.jetbrains.kotlin.metadata.ProtoBuf$TypeOrBuilder                            : loaded 2 times (x 70B)
Class org.jetbrains.kotlin.buildtools.internal.CompilationServiceImpl                 : loaded 2 times (x 81B)
Class kotlin.text.StringsKt__StringsKt                                                : loaded 2 times (x 71B)
Class org.jetbrains.kotlin.daemon.common.DaemonJVMOptions$mappers$2                   : loaded 2 times (x 137B)
Class org.jetbrains.kotlin.com.google.common.util.concurrent.AbstractFuture$UnsafeAtomicHelper: loaded 2 times (x 78B)
Class com.android.build.gradle.internal.dependency.AarToClassTransform$Companion$generateRClassJarFromRTxt$1: loaded 2 times (x 79B)
Class com.android.aapt.Resources$XmlAttribute$Builder                                 : loaded 2 times (x 307B)
Class com.google.protobuf.CodedOutputStream$SafeDirectNioEncoder                      : loaded 2 times (x 110B)
Class kotlin.NotImplementedError                                                      : loaded 2 times (x 82B)
Class org.jetbrains.kotlin.descriptors.SourceElement                                  : loaded 2 times (x 70B)
Class com.google.common.collect.AbstractTable                                         : loaded 2 times (x 120B)
Class com.android.build.gradle.internal.scope.BootClasspathBuilder$computeAdditionalAndRequestedOptionalLibraries$5: loaded 2 times (x 80B)
Class com.google.gson.internal.bind.ReflectiveTypeAdapterFactory$BoundField           : loaded 2 times (x 75B)
Class com.google.gson.Gson$3                                                          : loaded 2 times (x 75B)
Class javax.xml.bind.annotation.DomHandler                                            : loaded 2 times (x 70B)
Class com.sun.xml.bind.v2.runtime.property.PropertyFactory                            : loaded 2 times (x 71B)
Class com.sun.xml.bind.v2.model.impl.ElementInfoImpl$PropertyImpl                     : loaded 2 times (x 133B)
Class javax.activation.DataSource                                                     : loaded 2 times (x 70B)
Class com.sun.xml.bind.v2.model.runtime.RuntimeBuiltinLeafInfo                        : loaded 2 times (x 70B)
Class com.android.sdklib.repository.generated.sysimg.v4.package-info                  : loaded 2 times (x 70B)
Class com.android.sdklib.repository.meta.DetailsTypes$ExtraDetailsType                : loaded 2 times (x 70B)
Class com.android.build.gradle.internal.SdkComponentsBuildService$VersionedSdkLoader$aidlFrameworkProvider$1: loaded 2 times (x 75B)
Class com.android.build.gradle.internal.SdkComponentsBuildService$VersionedSdkLoader$androidJarProvider$1: loaded 2 times (x 75B)
Class com.android.build.gradle.internal.api.UnitTestVariantImpl                       : loaded 2 times (x 219B)
Class com.android.build.gradle.internal.dependency.AgpVersionCompatibilityRule        : loaded 2 times (x 76B)
Class com.android.build.gradle.internal.cxx.logging.PassThroughRecordingLoggingEnvironment: loaded 2 times (x 83B)
Class com.android.build.gradle.internal.scope.InternalArtifactType$LINT_XML_REPORT    : loaded 2 times (x 74B)
Class com.android.build.gradle.internal.dependency.SubtractingArtifactCollection$SubtractingArtifactResult$fileCollection$1: loaded 2 times (x 79B)
Class com.android.build.gradle.internal.tasks.ApkZipPackagingTask                     : loaded 2 times (x 328B)
Class com.android.build.gradle.internal.scope.InternalArtifactType$DESUGAR_GRAPH      : loaded 2 times (x 74B)
Class com.android.build.gradle.internal.services.R8D8ThreadPoolBuildService$Parameters: loaded 2 times (x 72B)
Class org.jetbrains.kotlin.gradle.targets.js.dsl.KotlinJsSubTargetContainerDsl        : loaded 2 times (x 70B)
Class com.android.build.gradle.internal.TaskManager$maybeCreateKotlinExtensionConfiguration$kotlinExtension$1: loaded 2 times (x 74B)
Class com.android.build.api.artifact.ScopedArtifact$POST_COMPILATION_CLASSES          : loaded 2 times (x 74B)
Class com.android.builder.merge.DuplicateRelativeFileException                        : loaded 2 times (x 83B)
Class com.android.build.gradle.internal.TaskManager$WhenMappings                      : loaded 2 times (x 71B)
Class com.android.build.api.component.impl.features.OptimizationCreationConfigImpl$consumerProguardFiles$2: loaded 2 times (x 79B)
Class [Lcom.android.build.gradle.internal.publishing.AndroidArtifacts$ConsumedConfigType;: loaded 2 times (x 69B)
Class com.android.build.gradle.internal.publishing.AndroidArtifacts$ArtifactScope     : loaded 2 times (x 79B)
Class com.android.build.api.variant.impl.VariantOutputImpl                            : loaded 2 times (x 82B)
Class com.android.build.api.variant.Instrumentation                                   : loaded 2 times (x 70B)
Class com.android.build.api.variant.GeneratesTestApk                                  : loaded 2 times (x 70B)
Class com.android.build.gradle.internal.variant.VariantPathHelper$defaultApkLocation$2: loaded 2 times (x 79B)
Class com.android.build.gradle.internal.scope.InternalArtifactType$DEFAULT_PROGUARD_FILES: loaded 2 times (x 74B)
Class com.android.build.gradle.internal.tasks.AndroidGlobalTask                       : loaded 2 times (x 318B)
Class com.android.build.gradle.internal.tasks.factory.TaskInformation                 : loaded 2 times (x 70B)
Class com.android.build.gradle.internal.dsl.SigningConfigImpl$AgpDecorated_Decorated  : loaded 2 times (x 151B)
Class com.android.build.gradle.internal.dsl.SigningConfigImpl$AgpDecorated            : loaded 2 times (x 101B)
Class com.android.build.gradle.internal.dsl.DefaultConfig$AgpDecorated                : loaded 2 times (x 442B)
Class org.jetbrains.kotlin.tooling.core.MutableExtrasImpl$Companion                   : loaded 2 times (x 71B)
Class org.jetbrains.kotlin.gradle.internal.ClassLoadersCachingBuildService$Parameters : loaded 2 times (x 70B)
Class org.jetbrains.kotlin.gradle.plugin.KotlinGradleBuildServices$Companion$registerIfAbsent$1: loaded 2 times (x 75B)
Class org.jetbrains.kotlin.statistics.fileloggers.MetricsContainer                    : loaded 2 times (x 77B)
Class org.jetbrains.kotlin.gradle.plugin.internal.ProjectIsolationStartParameterAccessor: loaded 2 times (x 70B)
Class org.jetbrains.kotlin.gradle.utils.StoredProperty                                : loaded 2 times (x 70B)
Class com.google.protobuf.ExtensionRegistryFactory                                    : loaded 2 times (x 71B)
Class com.google.protobuf.AbstractMessage$Builder                                     : loaded 2 times (x 257B)
Class org.jetbrains.kotlin.metadata.ProtoBuf$Annotation$Argument$Value$Type           : loaded 2 times (x 82B)
Class org.jetbrains.kotlin.metadata.ProtoBuf$TypeParameter$Variance$1                 : loaded 2 times (x 74B)
Class com.google.protobuf.ProtocolMessageEnum                                         : loaded 2 times (x 70B)
Class com.android.build.gradle.internal.plugins.BasePlugin$ExtensionData              : loaded 2 times (x 72B)
Class com.android.build.gradle.internal.VariantTaskManager                            : loaded 2 times (x 85B)
Class org.gradle.accessors.dm.LibrariesForLibs$AndroidxActivityLibraryAccessors       : loaded 2 times (x 77B)
Class org.gradle.internal.installation.GradleInstallation                             : loaded 2 times (x 75B)
Class org.jetbrains.kotlin.metadata.deserialization.ProtoTypeTableUtilKt              : loaded 2 times (x 71B)
Class [Lorg.jetbrains.kotlin.descriptors.DescriptorVisibility;                        : loaded 2 times (x 69B)
Class org.jetbrains.kotlin.incremental.storage.InlineFunctionOrAccessorExternalizer   : loaded 2 times (x 76B)
Class org.jetbrains.kotlin.incremental.classpathDiff.impl.ClassFileWithContentsProvider: loaded 2 times (x 72B)
Class kotlin.collections.CollectionsKt__IteratorsJVMKt$iterator$1                     : loaded 2 times (x 79B)
Class com.android.build.gradle.internal.res.Aapt2ErrorUtils$blameLoggerFor$sourcePathFunc$1: loaded 2 times (x 78B)
Class com.android.build.api.artifact.impl.ArtifactTransformationRequestImpl$submit$4  : loaded 2 times (x 75B)
Class com.android.build.gradle.internal.scope.InternalArtifactType$RENDERSCRIPT_LIB   : loaded 2 times (x 74B)
Class com.android.build.gradle.internal.scope.InternalArtifactType$FEATURE_SHRUNK_RESOURCES_PROTO_FORMAT: loaded 2 times (x 74B)
Class com.android.build.gradle.tasks.ManifestProcessorTaskKt                          : loaded 2 times (x 71B)
Class org.jetbrains.kotlin.daemon.common.CompileService$TargetPlatform                : loaded 2 times (x 79B)
Class org.jetbrains.kotlin.gradle.logging.GradlePrintingMessageCollector$WhenMappings : loaded 2 times (x 71B)
Class org.jetbrains.kotlin.daemon.common.CompileService$CallResult$Dying              : loaded 2 times (x 72B)
Class org.jetbrains.kotlin.daemon.client.KotlinCompilerClient$DaemonSearchResult      : loaded 2 times (x 70B)
Class org.jetbrains.kotlin.daemon.common.CompileService                               : loaded 2 times (x 70B)
Class org.jetbrains.kotlin.daemon.common.DaemonJVMOptions$mappers$3                   : loaded 2 times (x 137B)
Class org.jetbrains.kotlin.gradle.tasks.KotlinCompile$createCompilerArguments$1       : loaded 2 times (x 79B)
Class [Lorg.jetbrains.kotlin.gradle.plugin.KotlinCompilerArgumentsProducer$ArgumentType;: loaded 2 times (x 69B)
Class org.jetbrains.kotlin.com.google.common.base.Ticker$1                            : loaded 2 times (x 72B)
Class com.android.aapt.Resources$SourcePosition$1                                     : loaded 2 times (x 151B)
Class [Lcom.android.aapt.ConfigurationOuterClass$Configuration$UiModeNight;           : loaded 2 times (x 69B)
Class com.android.aapt.ConfigurationOuterClass$Configuration$ScreenRound$1            : loaded 2 times (x 76B)
Class com.google.protobuf.Writer                                                      : loaded 2 times (x 70B)
Class com.android.ide.common.symbols.SymbolJavaType                                   : loaded 2 times (x 79B)
Class com.android.ide.common.symbols.PartialRMergingException                         : loaded 2 times (x 82B)
Class com.android.build.gradle.internal.AndroidJarInput$sdkLoader$1                   : loaded 2 times (x 75B)
Class com.android.build.gradle.internal.DependencyResourcesComputer$ResourceSourceSetInput_Decorated: loaded 2 times (x 127B)
Class org.jetbrains.kotlin.gradle.dsl.KotlinJvmCompile$DefaultImpls                   : loaded 2 times (x 71B)
Class com.android.build.gradle.internal.scope.BootClasspathBuilder$computeAdditionalAndRequestedOptionalLibraries$6: loaded 2 times (x 77B)
Class com.android.sdklib.repository.targets.PlatformTarget$1                          : loaded 2 times (x 75B)
Class com.google.gson.internal.bind.DefaultDateTypeAdapter$1                          : loaded 2 times (x 75B)
Class com.google.gson.Gson$4                                                          : loaded 2 times (x 76B)
Class com.google.gson.internal.ConstructorConstructor                                 : loaded 2 times (x 72B)
Class com.sun.xml.bind.v2.ClassFactory$1                                              : loaded 2 times (x 83B)
Class com.sun.xml.bind.v2.runtime.property.ArrayElementNodeProperty                   : loaded 2 times (x 105B)
Class com.sun.xml.bind.v2.model.annotation.XmlElementRefQuick                         : loaded 2 times (x 94B)
Class com.sun.xml.bind.v2.runtime.JaxBeanInfo                                         : loaded 2 times (x 89B)
Class com.android.repository.impl.meta.GenericFactory                                 : loaded 2 times (x 72B)
Class com.android.build.gradle.internal.SdkComponentsBuildService$VersionedSdkLoader$sdkSetupCorrectly$1: loaded 2 times (x 75B)
Class com.android.build.gradle.internal.scope.InternalArtifactType$JAVA_DOC_JAR       : loaded 2 times (x 74B)
Class com.android.build.gradle.internal.api.InstallableVariantImpl                    : loaded 2 times (x 241B)
Class com.android.build.gradle.internal.SdkHandler                                    : loaded 2 times (x 81B)
Class com.android.build.api.variant.impl.FlatSourceDirectoriesForJavaImpl$WhenMappings: loaded 2 times (x 71B)
Class com.android.build.gradle.internal.lint.AndroidLintAnalysisTask$Companion        : loaded 2 times (x 71B)
Class com.android.build.api.variant.TestVariant                                       : loaded 2 times (x 70B)
Class com.android.build.gradle.internal.tasks.ExtractApksTask$CreationAction          : loaded 2 times (x 90B)
Class com.android.build.gradle.internal.scope.InternalArtifactType$BUNDLE_IDE_MODEL   : loaded 2 times (x 74B)
Class com.android.build.gradle.internal.scope.InternalArtifactType$COMBINED_ART_PROFILE: loaded 2 times (x 74B)
Class com.android.build.gradle.internal.tasks.ListingFileRedirectTask$CreationAction  : loaded 2 times (x 92B)
Class org.jetbrains.kotlin.gradle.plugin.mpp.compilationImpl.factory.KotlinCompilationImplFactory$create$1: loaded 2 times (x 75B)
Class com.android.build.gradle.tasks.CompatibleScreensManifest$CreationAction         : loaded 2 times (x 90B)
Class com.android.build.api.variant.ResValue                                          : loaded 2 times (x 72B)
Class com.android.build.api.variant.impl.SigningConfigImpl                            : loaded 2 times (x 79B)
Class com.android.build.api.variant.impl.ApplicationVariantImpl                       : loaded 2 times (x 628B)
Class com.android.build.api.attributes.AgpVersionAttr$Impl                            : loaded 2 times (x 88B)
Class org.jetbrains.org.objectweb.asm.tree.MethodNode$1                               : loaded 2 times (x 209B)
Class com.android.build.gradle.internal.dsl.TestOptions$suites$2$AgpTestSuiteFactory  : loaded 2 times (x 75B)
Class com.android.build.gradle.internal.core.dsl.impl.ComponentDslInfoImpl$mergedFlavor$2: loaded 2 times (x 79B)
Class com.android.build.gradle.internal.TaskManager$Companion$createCoreLibraryDesugaringConfig$1: loaded 2 times (x 74B)
Class com.android.build.gradle.internal.TaskManager$Companion                         : loaded 2 times (x 71B)
Class com.android.build.api.dsl.NdkBuild                                              : loaded 2 times (x 70B)
Class com.android.build.api.dsl.BundleAiModelVersion                                  : loaded 2 times (x 70B)
Class com.android.build.gradle.internal.dsl.decorator.SupportedPropertyType$Var$File  : loaded 2 times (x 74B)
Class com.android.build.api.dsl.TestBaseFlavor                                        : loaded 2 times (x 70B)
Class com.android.build.api.dsl.LibraryBuildType                                      : loaded 2 times (x 70B)
Class com.android.build.api.dsl.VariantDimension                                      : loaded 2 times (x 70B)
Class org.jetbrains.kotlin.gradle.tasks.KotlinJavaToolchain                           : loaded 2 times (x 70B)
Class org.jetbrains.kotlin.statistics.metrics.BooleanMetrics$Companion                : loaded 2 times (x 71B)
Class org.jetbrains.kotlin.gradle.plugin.internal.CompatibilityConventionRegistrar    : loaded 2 times (x 70B)
Class org.jetbrains.kotlin.gradle.plugin.AndroidGradlePluginVersion                   : loaded 2 times (x 75B)
Class com.android.prefs.AndroidLocationsException                                     : loaded 2 times (x 82B)
Class com.google.protobuf.CodedInputStream                                            : loaded 2 times (x 119B)
Class com.google.wireless.android.sdk.stats.GradleBuildProfileSpan                    : loaded 2 times (x 216B)
Class com.google.protobuf.MessageLite                                                 : loaded 2 times (x 70B)
Class com.android.build.gradle.internal.DependencyResolutionChecksKt$registerDependencyCheck$3: loaded 2 times (x 75B)
Class com.android.build.gradle.internal.res.Aapt2FromMaven$Companion$DefaultAapt2Version$BUILD_NUMBER$2: loaded 2 times (x 78B)
Class org.gradle.accessors.dm.LibrariesForLibsInPluginsBlock$AndroidxComposeUiTestLibraryAccessors: loaded 2 times (x 78B)
Class [Lcom.google.common.hash.Hashing$ChecksumType;                                  : loaded 2 times (x 69B)
Class jdk.internal.jimage.decompressor.ResourceDecompressor$StringsProvider           : loaded 2 times (x 70B)
Class kotlin.jvm.KotlinReflectionNotSupportedError                                    : loaded 2 times (x 82B)
Class org.jetbrains.kotlin.metadata.ProtoBuf$Annotation$Builder                       : loaded 2 times (x 136B)
Class org.jetbrains.kotlin.metadata.jvm.JvmProtoBuf$StringTableTypes$Record$Operation : loaded 2 times (x 82B)
Class org.jetbrains.kotlin.com.intellij.openapi.diagnostic.DefaultLogger              : loaded 2 times (x 100B)
Class com.android.build.gradle.internal.scope.InternalArtifactType$GENERATED_BUILD_CONFIG_JAVA: loaded 2 times (x 74B)
Class org.jetbrains.kotlin.daemon.common.CompileService$CallResult$Ok                 : loaded 2 times (x 72B)
Class com.android.build.gradle.internal.tasks.manifest.ManifestHelperKt               : loaded 2 times (x 71B)
Class org.jetbrains.kotlin.daemon.client.KotlinCompilerClient                         : loaded 2 times (x 71B)
Class org.jetbrains.kotlin.daemon.common.FileSystem                                   : loaded 2 times (x 71B)
Class org.jetbrains.kotlin.gradle.plugin.statistics.CompilerArgumentMetrics           : loaded 2 times (x 71B)
Class org.jetbrains.kotlin.incremental.FileUtilsKt                                    : loaded 2 times (x 71B)
Class com.android.ide.common.xml.ManifestData                                         : loaded 2 times (x 72B)
Class com.android.aaptcompiler.NamespaceContext                                       : loaded 2 times (x 72B)
Class com.android.ide.common.symbols.SymbolTable$FastBuilder                          : loaded 2 times (x 72B)
Class com.android.utils.XmlUtils                                                      : loaded 2 times (x 71B)
Class com.google.wireless.android.sdk.stats.GradleTransformExecutionOrBuilder         : loaded 2 times (x 70B)
Class com.android.build.gradle.tasks.JavaCompileKt$recordAnnotationProcessors$1       : loaded 2 times (x 75B)
Class com.google.gson.ReflectionAccessFilter$FilterResult                             : loaded 2 times (x 79B)
Class com.google.gson.Gson$5                                                          : loaded 2 times (x 76B)
Class com.sun.xml.bind.v2.runtime.unmarshaller.LeafPropertyLoader                     : loaded 2 times (x 78B)
Class com.sun.xml.bind.v2.model.impl.RuntimeTypeRefImpl                               : loaded 2 times (x 96B)
Class com.sun.xml.bind.v2.model.core.ReferencePropertyInfo                            : loaded 2 times (x 70B)
Class com.sun.xml.bind.v2.model.annotation.XmlTypeQuick                               : loaded 2 times (x 95B)
Class com.android.build.gradle.internal.SdkComponentsBuildService$VersionedSdkLoader$aidlExecutableProvider$1: loaded 2 times (x 75B)
Class com.android.build.api.component.impl.LifecycleTasksImpl$LifecycleEvent          : loaded 2 times (x 79B)
Class com.android.build.gradle.internal.scope.ArtifactPublishingUtil$publishIntermediateArtifact$2: loaded 2 times (x 79B)
Class com.android.build.gradle.internal.dependency.CollectResourceSymbolsTransform$Inject_1: loaded 2 times (x 109B)
Class com.android.build.gradle.internal.scope.InternalArtifactType$MERGED_NATIVE_DEBUG_METADATA: loaded 2 times (x 74B)
Class com.android.build.gradle.internal.tasks.MergeGeneratedProguardFilesCreationAction$handleProvider$1: loaded 2 times (x 127B)
Class org.jetbrains.kotlin.gradle.plugin.KotlinCompilation$Companion                  : loaded 2 times (x 71B)
Class org.jetbrains.kotlin.konan.target.KonanTarget$MACOS_ARM64                       : loaded 2 times (x 78B)
Class com.android.build.api.component.impl.features.DexingImpl                        : loaded 2 times (x 87B)
Class com.android.build.api.variant.impl.HasTestSuitesCreationConfig                  : loaded 2 times (x 70B)
Class com.android.build.gradle.internal.variant.VariantPathHelper$targetFilterConfigurations$2: loaded 2 times (x 79B)
Class com.google.common.collect.Lists$RandomAccessReverseList                         : loaded 2 times (x 200B)
Class com.android.build.gradle.internal.core.dsl.impl.ConsumableComponentDslInfoImpl$manifestPlaceholdersDslInfo$2: loaded 2 times (x 79B)
Class com.android.build.gradle.internal.utils.PublishingUtils                         : loaded 2 times (x 71B)
Class com.android.build.gradle.internal.manifest.LazyManifestParser                   : loaded 2 times (x 76B)
Class com.android.build.gradle.internal.tasks.factory.TaskFactoryImpl                 : loaded 2 times (x 83B)
Class com.android.build.gradle.internal.tasks.factory.GlobalTaskCreationConfigImpl$localCustomLintChecks$2: loaded 2 times (x 79B)
Class com.android.build.api.artifact.impl.ArtifactsImpl$3$1                           : loaded 2 times (x 80B)
Class com.android.build.gradle.internal.dsl.DependenciesInfoImpl$AgpDecorated_Decorated: loaded 2 times (x 130B)
Class com.android.build.gradle.internal.dsl.DependenciesInfoImpl$AgpDecorated         : loaded 2 times (x 84B)
Class com.android.build.gradle.internal.coverage.JacocoOptions_Decorated              : loaded 2 times (x 130B)
Class com.android.build.gradle.internal.api.artifact.SourceArtifactType$SHADERS       : loaded 2 times (x 74B)
Class com.android.builder.core.AbstractProductFlavor$Companion                        : loaded 2 times (x 71B)
Class com.android.build.api.dsl.VcsInfo                                               : loaded 2 times (x 70B)
Class com.android.build.gradle.internal.model.CoreCmakeOptions                        : loaded 2 times (x 70B)
Class com.android.build.gradle.internal.dsl.decorator.SupportedPropertyType$Collection: loaded 2 times (x 74B)
Class com.android.builder.core.ComponentType                                          : loaded 2 times (x 70B)
Class com.android.ide.common.gradle.Part                                              : loaded 2 times (x 77B)
Class org.jetbrains.kotlin.gradle.dsl.ToolchainSupport$Companion                      : loaded 2 times (x 71B)
Class org.jetbrains.kotlin.gradle.plugin.KotlinSourceSet                              : loaded 2 times (x 70B)
Class com.google.protobuf.MapFieldReflectionAccessor                                  : loaded 2 times (x 74B)
Class com.google.wireless.android.sdk.stats.GradleBuildProject$Builder                : loaded 2 times (x 360B)
Class com.google.protobuf.AbstractMessageLite$Builder                                 : loaded 2 times (x 126B)
Class com.android.build.gradle.internal.DependencyResolutionChecksKt$registerDependencyCheck$4: loaded 2 times (x 75B)
Class com.android.build.gradle.internal.errors.AndroidProblemsReporter                : loaded 2 times (x 70B)
Class com.android.build.gradle.internal.services.AndroidLocationsBuildService$RegistrationAction: loaded 2 times (x 74B)
Class com.android.build.api.variant.CanMinifyAndroidResources                         : loaded 2 times (x 70B)
Class com.android.build.gradle.TestedExtension                                        : loaded 2 times (x 215B)

---------------  S Y S T E M  ---------------

OS:
 Windows 11 , 64 bit Build 26100 (10.0.26100.8328)
OS uptime: 0 days 3:14 hours
Hyper-V role detected

CPU: total 12 (initial active 12) (12 cores per cpu, 2 threads per core) family 25 model 80 stepping 0 microcode 0xa500014, cx8, cmov, fxsr, ht, mmx, 3dnowpref, sse, sse2, sse3, ssse3, sse4a, sse4.1, sse4.2, popcnt, lzcnt, tsc, tscinvbit, avx, avx2, aes, erms, clmul, bmi1, bmi2, adx, sha, fma, vzeroupper, clflush, clflushopt, hv, rdtscp, rdpid, fsrm, f16c, cet_ss
Processor Information for the first 12 processors :
  Max Mhz: 2000, Current Mhz: 2000, Mhz Limit: 2000

Memory: 4k page, system-wide physical 7454M (391M free)
TotalPageFile size 25085M (AvailPageFile size 361M)
current process WorkingSet (physical memory assigned to process): 842M, peak: 1631M
current process commit charge ("private bytes"): 1392M, peak: 1935M

vm_info: OpenJDK 64-Bit Server VM (21.0.9+-14787801-b1163.94) for windows-amd64 JRE (21.0.9+-14787801-b1163.94), built on 2026-01-27T21:15:44Z by "builder" with MS VC++ 16.10 / 16.11 (VS2019)

END.
